2026-06-05 20:09:52,512 [INFO] Activator:176 - 


2026-06-05 20:09:52,515 [INFO] Activator:177 - !SESSION log4j initialized
2026-06-05 20:09:56,711 [INFO] LogOutputStream:77 - [STDOUT_REDIRECT] 
2026-06-05 20:09:57,794 [INFO] ApplicationProperties:184 - Using Application install path: E:\STM32CubeIDE_1.19.0\STM32CubeIDE\plugins\com.st.stm32cube.common.mx_6.15.0.202507011659
2026-06-05 20:09:57,806 [INFO] DbMcusXml:78 - Set database path to: E:\STM32CubeIDE_1.19.0\STM32CubeIDE\plugins\com.st.stm32cube.common.mx_6.15.0.202507011659\\db\/mcu/
2026-06-05 20:09:57,806 [INFO] ApiDb:274 - Set plugin database path to: E:\STM32CubeIDE_1.19.0\STM32CubeIDE\plugins\com.st.stm32cube.common.mx_6.15.0.202507011659\\db\/plugins/boardmanager/
2026-06-05 20:09:57,807 [WARN] ApiDb:259 - Overriding images path with different value:  => E:\STM32CubeIDE_1.19.0\STM32CubeIDE\plugins\com.st.stm32cube.common.mx_6.15.0.202507011659\\db\/plugins/mcufinder/images/
2026-06-05 20:09:57,810 [INFO] ApiDb:250 - Set database path to: C:\Users\Josh\.stmcufinder\plugins\mcufinder//mcu/
2026-06-05 20:09:57,810 [INFO] DbMcusAds:125 - Set database path to: C:\Users\Josh\.stmcufinder\plugins\mcufinder//mcu/
2026-06-05 20:09:57,812 [INFO] CrossReferenceDbSqlite:203 - Set database path to: C:\Users\Josh\.stmcufinder\plugins\mcufinder//mcu/cs/
2026-06-05 20:09:57,893 [INFO] RulesReader:64 - Compatibility file has been processed (317 Rules)
2026-06-05 20:09:57,943 [INFO] DbMcusXml:78 - Set database path to: E:\STM32CubeIDE_1.19.0\STM32CubeIDE\plugins\com.st.stm32cube.common.mx_6.15.0.202507011659\\db\/mcu/
2026-06-05 20:09:57,943 [INFO] ApiDb:274 - Set plugin database path to: E:\STM32CubeIDE_1.19.0\STM32CubeIDE\plugins\com.st.stm32cube.common.mx_6.15.0.202507011659\\db\/plugins/boardmanager/
2026-06-05 20:09:57,943 [INFO] ApiDb:261 - Set plugin images path to: E:\STM32CubeIDE_1.19.0\STM32CubeIDE\plugins\com.st.stm32cube.common.mx_6.15.0.202507011659\\db\/plugins/mcufinder/images/
2026-06-05 20:09:57,943 [WARN] DbFile:41 - Overriding database path with different value: C:\Users\Josh\.stmcufinder\plugins\mcufinder/ => C:\Users\Josh\.stmcufinder\plugins\mcufinder
2026-06-05 20:09:57,943 [INFO] ApiDb:250 - Set database path to: C:\Users\Josh\.stmcufinder\plugins\mcufinder//mcu/
2026-06-05 20:09:57,943 [WARN] DbFile:41 - Overriding database path with different value: C:\Users\Josh\.stmcufinder\plugins\mcufinder/ => C:\Users\Josh\.stmcufinder\plugins\mcufinder
2026-06-05 20:09:57,943 [INFO] DbMcusAds:125 - Set database path to: C:\Users\Josh\.stmcufinder\plugins\mcufinder//mcu/
2026-06-05 20:09:57,943 [WARN] DbFile:41 - Overriding database path with different value: C:\Users\Josh\.stmcufinder\plugins\mcufinder/ => C:\Users\Josh\.stmcufinder\plugins\mcufinder
2026-06-05 20:09:57,943 [WARN] DbFile:41 - Overriding database path with different value: C:\Users\Josh\.stmcufinder\plugins\mcufinder/ => C:\Users\Josh\.stmcufinder\plugins\mcufinder
2026-06-05 20:09:57,943 [INFO] CrossReferenceDbSqlite:203 - Set database path to: C:\Users\Josh\.stmcufinder\plugins\mcufinder//mcu/cs/
2026-06-05 20:09:57,990 [INFO] MainPanel:274 - HeapMemory: 268435456
2026-06-05 20:09:58,056 [INFO] DbMcusXml:78 - Set database path to: E:\STM32CubeIDE_1.19.0\STM32CubeIDE\plugins\com.st.stm32cube.common.mx_6.15.0.202507011659\\db\/mcu/
2026-06-05 20:09:58,056 [INFO] ApiDb:274 - Set plugin database path to: E:\STM32CubeIDE_1.19.0\STM32CubeIDE\plugins\com.st.stm32cube.common.mx_6.15.0.202507011659\\db\/plugins/boardmanager/
2026-06-05 20:09:58,056 [INFO] ApiDb:261 - Set plugin images path to: E:\STM32CubeIDE_1.19.0\STM32CubeIDE\plugins\com.st.stm32cube.common.mx_6.15.0.202507011659\\db\/plugins/mcufinder/images/
2026-06-05 20:09:58,057 [WARN] DbFile:41 - Overriding database path with different value: C:\Users\Josh\.stmcufinder\plugins\mcufinder/ => C:\Users\Josh\.stmcufinder\plugins\mcufinder
2026-06-05 20:09:58,057 [INFO] ApiDb:250 - Set database path to: C:\Users\Josh\.stmcufinder\plugins\mcufinder//mcu/
2026-06-05 20:09:58,057 [WARN] DbFile:41 - Overriding database path with different value: C:\Users\Josh\.stmcufinder\plugins\mcufinder/ => C:\Users\Josh\.stmcufinder\plugins\mcufinder
2026-06-05 20:09:58,057 [INFO] DbMcusAds:125 - Set database path to: C:\Users\Josh\.stmcufinder\plugins\mcufinder//mcu/
2026-06-05 20:09:58,057 [WARN] DbFile:41 - Overriding database path with different value: C:\Users\Josh\.stmcufinder\plugins\mcufinder/ => C:\Users\Josh\.stmcufinder\plugins\mcufinder
2026-06-05 20:09:58,057 [WARN] DbFile:41 - Overriding database path with different value: C:\Users\Josh\.stmcufinder\plugins\mcufinder/ => C:\Users\Josh\.stmcufinder\plugins\mcufinder
2026-06-05 20:09:58,057 [INFO] CrossReferenceDbSqlite:203 - Set database path to: C:\Users\Josh\.stmcufinder\plugins\mcufinder//mcu/cs/
2026-06-05 20:09:58,067 [INFO] ApplicationProperties:184 - Using Application install path: E:\STM32CubeIDE_1.19.0\STM32CubeIDE\plugins\com.st.stm32cube.common.mx_6.15.0.202507011659
2026-06-05 20:09:58,068 [INFO] PluginManage:196 - Search for loadable plugins [exclusion list=, ]
2026-06-05 20:09:58,069 [INFO] PluginManage:310 - Check plugin analytics
2026-06-05 20:09:58,219 [INFO] AnalyticsPlugin:253 - Accepted Software Licenses: 
2026-06-05 20:09:58,219 [INFO] AnalyticsPlugin:255 - Accepted CMSIS Pack Licenses: 
2026-06-05 20:09:58,219 [INFO] AnalyticsPlugin:257 - Accepted Firmware Licenses: FW.L4.1.18.0,FW.H7.1.12.0,FW.F4.1.28.0,FW.F4.1.27.0
2026-06-05 20:09:58,222 [INFO] PluginManage:359 - Loaded plugin analytics (category:tool,tabindex:-1)
2026-06-05 20:09:58,223 [INFO] PluginManage:310 - Check plugin cadmodel
2026-06-05 20:09:58,227 [INFO] CADModel:105 - Init CAD model plugin
2026-06-05 20:09:58,228 [INFO] PluginManage:359 - Loaded plugin cadmodel (category:power,tabindex:5)
2026-06-05 20:09:58,228 [INFO] PluginManage:310 - Check plugin clock
2026-06-05 20:09:58,236 [INFO] PluginManage:359 - Loaded plugin clock (category:base,tabindex:2)
2026-06-05 20:09:58,236 [INFO] PluginManage:310 - Check plugin ddr
2026-06-05 20:09:58,238 [INFO] PluginManage:359 - Loaded plugin ddr (category:tool,tabindex:6)
2026-06-05 20:09:58,238 [INFO] PluginManage:310 - Check plugin filemanager
2026-06-05 20:09:58,341 [INFO] PluginManage:359 - Loaded plugin filemanager (category:base,tabindex:10)
2026-06-05 20:09:58,341 [INFO] PluginManage:310 - Check plugin ipmanager
2026-06-05 20:09:58,346 [INFO] PluginManage:359 - Loaded plugin ipmanager (category:base,tabindex:5)
2026-06-05 20:09:58,346 [INFO] PluginManage:310 - Check plugin lpbam
2026-06-05 20:09:58,352 [INFO] PluginManage:359 - Loaded plugin lpbam (category:base,tabindex:0)
2026-06-05 20:09:58,352 [INFO] PluginManage:310 - Check plugin memorymap
2026-06-05 20:09:58,364 [INFO] PluginManage:359 - Loaded plugin memorymap (category:base,tabindex:4)
2026-06-05 20:09:58,364 [INFO] PluginManage:310 - Check plugin pinoutandconfiguration
2026-06-05 20:09:58,369 [INFO] PluginManage:359 - Loaded plugin pinoutandconfiguration (category:base,tabindex:1)
2026-06-05 20:09:58,370 [INFO] PluginManage:310 - Check plugin pinoutconfig
2026-06-05 20:09:58,439 [WARN] SupportedApi:132 - Cannot load RTOS API schema: s4s-elt-must-match.1: The content of 'definitions' must match (annotation?, (simpleType | complexType)?, (unique | key | keyref)*)). A problem was found starting at: attribute.
2026-06-05 20:09:58,540 [INFO] PluginManage:359 - Loaded plugin pinoutconfig (category:base,tabindex:0)
2026-06-05 20:09:58,540 [INFO] PluginManage:310 - Check plugin power
2026-06-05 20:09:58,552 [INFO] PluginManage:359 - Loaded plugin power (category:power,tabindex:4)
2026-06-05 20:09:58,552 [INFO] PluginManage:310 - Check plugin projectmanager
2026-06-05 20:09:58,567 [INFO] PluginManage:359 - Loaded plugin projectmanager (category:projectmanager,tabindex:4)
2026-06-05 20:09:58,567 [INFO] PluginManage:310 - Check plugin rif
2026-06-05 20:09:58,579 [INFO] PluginManage:359 - Loaded plugin rif (category:base,tabindex:3)
2026-06-05 20:09:58,580 [INFO] PluginManage:310 - Check plugin thirdparty
2026-06-05 20:09:58,669 [WARN] IntegrityCheckThread:84 - waiting for thirdparty lock release [integrity check]
2026-06-05 20:09:58,669 [INFO] IntegrityCheckThread:86 - entering critical section [integrity check]
2026-06-05 20:09:58,669 [INFO] PluginManage:359 - Loaded plugin thirdparty (category:base,tabindex:-1)
2026-06-05 20:09:58,669 [INFO] ThirdPartyUpdaterWithRetryManager:70 - Updater plugin not ready yet. [1/15]
2026-06-05 20:09:58,669 [INFO] PluginManage:310 - Check plugin tools
2026-06-05 20:09:58,672 [INFO] PluginManage:359 - Loaded plugin tools (category:base,tabindex:7)
2026-06-05 20:09:58,672 [INFO] PluginManage:310 - Check plugin tutovideos
2026-06-05 20:09:58,793 [INFO] PluginManage:359 - Loaded plugin tutovideos (category:base,tabindex:-1)
2026-06-05 20:09:58,793 [INFO] PluginManage:310 - Check plugin updater
2026-06-05 20:09:58,808 [INFO] PluginManage:359 - Loaded plugin updater (category:base,tabindex:12)
2026-06-05 20:09:58,808 [INFO] PluginManage:310 - Check plugin userauth
2026-06-05 20:09:58,811 [INFO] UserAuth:118 - Init User Auth plugin
2026-06-05 20:09:58,811 [INFO] PluginManage:359 - Loaded plugin userauth (category:base,tabindex:14)
2026-06-05 20:09:58,812 [INFO] PluginManage:283 - PluginManage : Loaded plugins [18]
2026-06-05 20:09:58,939 [INFO] PinOutPanel:1589 - setPackage(No Configuration,No Configuration)
2026-06-05 20:09:58,997 [INFO] CADModel:165 - CPN selected for project level
2026-06-05 20:09:58,997 [INFO] CADModel:114 - Register for checkConnection events
2026-06-05 20:09:59,011 [INFO] IPUIPlugin:80 - create IPUIPlugin
2026-06-05 20:09:59,011 [INFO] PluginManager:220 - loadIPPluginJar : add adc
2026-06-05 20:09:59,012 [INFO] IPUIPlugin:80 - create IPUIPlugin
2026-06-05 20:09:59,012 [INFO] PluginManager:220 - loadIPPluginJar : add aes
2026-06-05 20:09:59,014 [INFO] IPUIPlugin:80 - create IPUIPlugin
2026-06-05 20:09:59,014 [INFO] PluginManager:220 - loadIPPluginJar : add can
2026-06-05 20:09:59,015 [INFO] IPUIPlugin:80 - create IPUIPlugin
2026-06-05 20:09:59,015 [INFO] PluginManager:220 - loadIPPluginJar : add comp
2026-06-05 20:09:59,016 [INFO] IPUIPlugin:80 - create IPUIPlugin
2026-06-05 20:09:59,016 [INFO] PluginManager:220 - loadIPPluginJar : add cryp
2026-06-05 20:09:59,018 [INFO] IPUIPlugin:80 - create IPUIPlugin
2026-06-05 20:09:59,018 [INFO] PluginManager:220 - loadIPPluginJar : add ddr_ctrl_phy
2026-06-05 20:09:59,019 [INFO] IPUIPlugin:80 - create IPUIPlugin
2026-06-05 20:09:59,019 [INFO] PluginManager:220 - loadIPPluginJar : add dfsdm
2026-06-05 20:09:59,030 [INFO] IPUIPlugin:80 - create IPUIPlugin
2026-06-05 20:09:59,031 [INFO] PluginManager:220 - loadIPPluginJar : add dma
2026-06-05 20:09:59,035 [INFO] IPUIPlugin:80 - create IPUIPlugin
2026-06-05 20:09:59,035 [INFO] PluginManager:220 - loadIPPluginJar : add dma3
2026-06-05 20:09:59,036 [INFO] IPUIPlugin:80 - create IPUIPlugin
2026-06-05 20:09:59,037 [INFO] PluginManager:220 - loadIPPluginJar : add extmemmanager
2026-06-05 20:09:59,038 [INFO] IPUIPlugin:80 - create IPUIPlugin
2026-06-05 20:09:59,038 [INFO] PluginManager:220 - loadIPPluginJar : add fatfs
2026-06-05 20:09:59,040 [INFO] IPUIPlugin:80 - create IPUIPlugin
2026-06-05 20:09:59,040 [INFO] PluginManager:220 - loadIPPluginJar : add fmc
2026-06-05 20:09:59,046 [INFO] IPUIPlugin:80 - create IPUIPlugin
2026-06-05 20:09:59,046 [INFO] PluginManager:220 - loadIPPluginJar : add freertos
2026-06-05 20:09:59,048 [INFO] IPUIPlugin:80 - create IPUIPlugin
2026-06-05 20:09:59,048 [INFO] PluginManager:220 - loadIPPluginJar : add genericplugin
2026-06-05 20:09:59,049 [INFO] IPUIPlugin:80 - create IPUIPlugin
2026-06-05 20:09:59,049 [INFO] PluginManager:220 - loadIPPluginJar : add gfxmmu
2026-06-05 20:09:59,053 [INFO] IPUIPlugin:80 - create IPUIPlugin
2026-06-05 20:09:59,053 [INFO] PluginManager:220 - loadIPPluginJar : add gic
2026-06-05 20:09:59,056 [INFO] IPUIPlugin:80 - create IPUIPlugin
2026-06-05 20:09:59,056 [INFO] PluginManager:220 - loadIPPluginJar : add gpio
2026-06-05 20:09:59,057 [INFO] IPUIPlugin:80 - create IPUIPlugin
2026-06-05 20:09:59,058 [INFO] PluginManager:220 - loadIPPluginJar : add gtzc
2026-06-05 20:09:59,060 [INFO] IPUIPlugin:80 - create IPUIPlugin
2026-06-05 20:09:59,060 [INFO] PluginManager:220 - loadIPPluginJar : add hash
2026-06-05 20:09:59,061 [INFO] IPUIPlugin:80 - create IPUIPlugin
2026-06-05 20:09:59,061 [INFO] PluginManager:220 - loadIPPluginJar : add i2c
2026-06-05 20:09:59,070 [INFO] IPUIPlugin:80 - create IPUIPlugin
2026-06-05 20:09:59,072 [INFO] PluginManager:220 - loadIPPluginJar : add i2s
2026-06-05 20:09:59,073 [INFO] IPUIPlugin:80 - create IPUIPlugin
2026-06-05 20:09:59,073 [INFO] PluginManager:220 - loadIPPluginJar : add i3c
2026-06-05 20:09:59,076 [INFO] IPUIPlugin:80 - create IPUIPlugin
2026-06-05 20:09:59,076 [INFO] PluginManager:220 - loadIPPluginJar : add ipddr
2026-06-05 20:09:59,081 [INFO] IPUIPlugin:80 - create IPUIPlugin
2026-06-05 20:09:59,082 [INFO] PluginManager:220 - loadIPPluginJar : add linkedlist
2026-06-05 20:09:59,084 [INFO] IPUIPlugin:80 - create IPUIPlugin
2026-06-05 20:09:59,084 [INFO] PluginManager:220 - loadIPPluginJar : add lorawan
2026-06-05 20:09:59,084 [INFO] IPUIPlugin:80 - create IPUIPlugin
2026-06-05 20:09:59,084 [INFO] PluginManager:220 - loadIPPluginJar : add ltdc
2026-06-05 20:09:59,089 [INFO] IPUIPlugin:80 - create IPUIPlugin
2026-06-05 20:09:59,089 [INFO] PluginManager:220 - loadIPPluginJar : add mdma
2026-06-05 20:09:59,092 [INFO] IPUIPlugin:80 - create IPUIPlugin
2026-06-05 20:09:59,092 [INFO] PluginManager:220 - loadIPPluginJar : add nvic
2026-06-05 20:09:59,096 [INFO] IPUIPlugin:80 - create IPUIPlugin
2026-06-05 20:09:59,096 [INFO] PluginManager:220 - loadIPPluginJar : add opamp
2026-06-05 20:09:59,098 [INFO] IPUIPlugin:80 - create IPUIPlugin
2026-06-05 20:09:59,098 [INFO] PluginManager:220 - loadIPPluginJar : add openamp
2026-06-05 20:09:59,100 [INFO] IPUIPlugin:80 - create IPUIPlugin
2026-06-05 20:09:59,100 [INFO] PluginManager:220 - loadIPPluginJar : add pdm2pcm
2026-06-05 20:09:59,103 [INFO] IPUIPlugin:80 - create IPUIPlugin
2026-06-05 20:09:59,105 [INFO] PluginManager:220 - loadIPPluginJar : add plateformsettings
2026-06-05 20:09:59,106 [INFO] IPUIPlugin:80 - create IPUIPlugin
2026-06-05 20:09:59,106 [INFO] PluginManager:220 - loadIPPluginJar : add quadspi
2026-06-05 20:09:59,107 [INFO] IPUIPlugin:80 - create IPUIPlugin
2026-06-05 20:09:59,108 [INFO] PluginManager:220 - loadIPPluginJar : add radio
2026-06-05 20:09:59,110 [INFO] IPUIPlugin:80 - create IPUIPlugin
2026-06-05 20:09:59,110 [INFO] PluginManager:220 - loadIPPluginJar : add resmgrutility
2026-06-05 20:09:59,112 [INFO] IPUIPlugin:80 - create IPUIPlugin
2026-06-05 20:09:59,112 [INFO] PluginManager:220 - loadIPPluginJar : add sai
2026-06-05 20:09:59,114 [INFO] IPUIPlugin:80 - create IPUIPlugin
2026-06-05 20:09:59,114 [INFO] PluginManager:220 - loadIPPluginJar : add spi
2026-06-05 20:09:59,118 [INFO] IPUIPlugin:80 - create IPUIPlugin
2026-06-05 20:09:59,118 [INFO] PluginManager:220 - loadIPPluginJar : add stm32_wpan
2026-06-05 20:09:59,119 [INFO] IPUIPlugin:80 - create IPUIPlugin
2026-06-05 20:09:59,119 [INFO] PluginManager:220 - loadIPPluginJar : add tim
2026-06-05 20:09:59,121 [INFO] IPUIPlugin:80 - create IPUIPlugin
2026-06-05 20:09:59,121 [INFO] PluginManager:220 - loadIPPluginJar : add touchsensing
2026-06-05 20:09:59,122 [INFO] IPUIPlugin:80 - create IPUIPlugin
2026-06-05 20:09:59,122 [INFO] PluginManager:220 - loadIPPluginJar : add tracer_emb
2026-06-05 20:09:59,123 [INFO] IPUIPlugin:80 - create IPUIPlugin
2026-06-05 20:09:59,123 [INFO] PluginManager:220 - loadIPPluginJar : add ts
2026-06-05 20:09:59,124 [INFO] IPUIPlugin:80 - create IPUIPlugin
2026-06-05 20:09:59,124 [INFO] PluginManager:220 - loadIPPluginJar : add tsc
2026-06-05 20:09:59,125 [INFO] IPUIPlugin:80 - create IPUIPlugin
2026-06-05 20:09:59,125 [INFO] PluginManager:220 - loadIPPluginJar : add ucpd
2026-06-05 20:09:59,127 [INFO] IPUIPlugin:80 - create IPUIPlugin
2026-06-05 20:09:59,127 [INFO] PluginManager:220 - loadIPPluginJar : add usart
2026-06-05 20:09:59,130 [INFO] IPUIPlugin:80 - create IPUIPlugin
2026-06-05 20:09:59,130 [INFO] PluginManager:220 - loadIPPluginJar : add usbx
2026-06-05 20:09:59,238 [FATAL] Updater:351 - Updater called before beeing initialized
2026-06-05 20:09:59,259 [INFO] RulesReader:64 - Compatibility file has been processed (317 Rules)
2026-06-05 20:09:59,269 [INFO] RulesReader:64 - Compatibility file has been processed (317 Rules)
2026-06-05 20:09:59,277 [INFO] CADModel:165 - CPN selected for project level
2026-06-05 20:09:59,277 [INFO] CADModel:114 - Register for checkConnection events
2026-06-05 20:09:59,277 [FATAL] Updater:351 - Updater called before beeing initialized
2026-06-05 20:09:59,277 [ERROR] CADModel:125 - Updater not yet initialized, retry later 
2026-06-05 20:09:59,372 [FATAL] Updater:351 - Updater called before beeing initialized
2026-06-05 20:09:59,373 [INFO] CADModel:165 - CPN selected for project level
2026-06-05 20:09:59,373 [INFO] CADModel:114 - Register for checkConnection events
2026-06-05 20:09:59,373 [FATAL] Updater:351 - Updater called before beeing initialized
2026-06-05 20:09:59,373 [ERROR] CADModel:125 - Updater not yet initialized, retry later 
2026-06-05 20:09:59,375 [FATAL] Updater:351 - Updater called before beeing initialized
2026-06-05 20:09:59,451 [FATAL] Updater:351 - Updater called before beeing initialized
2026-06-05 20:09:59,454 [INFO] DbMcusAds:53 - JSON generation date=Mon Apr 27 18:14:29 AEST 2026 (1777277669683)
2026-06-05 20:09:59,454 [FATAL] Updater:351 - Updater called before beeing initialized
2026-06-05 20:09:59,475 [WARN] DetailPanel:346 - Failed to get advertising image, set to default
2026-06-05 20:09:59,531 [FATAL] Updater:351 - Updater called before beeing initialized
2026-06-05 20:09:59,532 [FATAL] Updater:351 - Updater called before beeing initialized
2026-06-05 20:09:59,533 [FATAL] Updater:351 - Updater called before beeing initialized
2026-06-05 20:09:59,533 [WARN] DetailPanel:346 - Failed to get advertising image, set to default
2026-06-05 20:09:59,534 [FATAL] Updater:351 - Updater called before beeing initialized
2026-06-05 20:09:59,564 [ERROR] Updater:1198 - MainUpdater not yet initialized. External WinMGr cannot be set.
2026-06-05 20:09:59,565 [INFO] Updater:1134 - Updater Version found : 6.15.0
2026-06-05 20:09:59,577 [INFO] ApplicationProperties:184 - Using Application install path: E:\STM32CubeIDE_1.19.0\STM32CubeIDE\plugins\com.st.stm32cube.common.mx_6.15.0.202507011659
2026-06-05 20:09:59,806 [INFO] MainUpdater:2872 - connection check result : 10
2026-06-05 20:09:59,807 [INFO] MainUpdater:289 - Updater Check For Update Now.
2026-06-05 20:09:59,807 [INFO] MicroXplorer:498 - Change Database Version : DB.6.0.150
2026-06-05 20:09:59,813 [INFO] McuFinderGlobals:63 - Set McuFinder mode to 2 (CubeIDE integrated)
2026-06-05 20:09:59,813 [INFO] UserAuth:487 - Internet connection configuration mode: 1
2026-06-05 20:09:59,830 [INFO] JxBrowserEngine:152 - Initiate JxBrowser Engine with user profile folder
2026-06-05 20:09:59,964 [INFO] CheckServerUpdateThread:120 - End of CheckServer Thread
2026-06-05 20:10:00,381 [INFO] WebApp:169 - Instantiating new browser for Auth
2026-06-05 20:10:00,842 [INFO] WebApp:463 - Apply proxy settings
2026-06-05 20:10:00,843 [INFO] WebApp:548 - Chromium requires no authentication
2026-06-05 20:10:00,848 [INFO] WebApp:491 - Direct internet connection detected
2026-06-05 20:10:00,865 [INFO] WebApp:900 - Register for checkConnection events
2026-06-05 20:10:00,865 [INFO] WebApp:463 - Apply proxy settings
2026-06-05 20:10:00,865 [INFO] WebApp:548 - Chromium requires no authentication
2026-06-05 20:10:00,866 [INFO] WebApp:491 - Direct internet connection detected
2026-06-05 20:10:00,969 [INFO] WebApp:225 - Starting web application
2026-06-05 20:10:00,969 [INFO] WebApp:593 - Web application path used E:\STM32CubeIDE_1.19.0\STM32CubeIDE\plugins\com.st.stm32cube.common.mx_6.15.0.202507011659\db\plugins\mcufinder\reactClient1\index.html
2026-06-05 20:10:01,028 [INFO] UserAuth:487 - Internet connection configuration mode: 1
2026-06-05 20:10:01,327 [INFO] WebApp:191 - Connection restablished
2026-06-05 20:10:01,882 [WARN] PackLoader:240 - Cannot read IP mode file for STMicroelectronics.X-CUBE-AZRTOS-H7.3.5.0
2026-06-05 20:10:01,891 [WARN] PackLoader:240 - Cannot read IP mode file for STMicroelectronics.FP-SNS-MOTENVWB1.1.4.0
2026-06-05 20:10:01,896 [WARN] PackLoader:240 - Cannot read IP mode file for STMicroelectronics.FP-ATR-ASTRA1.2.0.2
2026-06-05 20:10:01,901 [ERROR] Engine:466 - C:\Users\Josh\.stm32cubemx\thirdparties\pdsc\STMicroelectronics.X-CUBE-SMBUS.2.1.1.pdsc: PDSC version is not supported
2026-06-05 20:10:01,905 [WARN] PackLoader:240 - Cannot read IP mode file for STMicroelectronics.X-CUBE-SMBUS.2.1.0
2026-06-05 20:10:01,909 [WARN] PackLoader:240 - Cannot read IP mode file for STMicroelectronics.X-CUBE-ST60.1.0.0
2026-06-05 20:10:01,920 [WARN] PackLoader:240 - Cannot read IP mode file for STMicroelectronics.X-CUBE-AZRTOS-F7.1.1.0
2026-06-05 20:10:01,924 [WARN] PackLoader:240 - Cannot read IP mode file for STMicroelectronics.FP-SNS-MOTENV1.5.1.0
2026-06-05 20:10:01,938 [WARN] PackLoader:240 - Cannot read IP mode file for Infineon.AIROC-Wi-Fi-Bluetooth-STM32.1.7.1
2026-06-05 20:10:01,953 [WARN] PackLoader:240 - Cannot read IP mode file for STMicroelectronics.X-CUBE-AZRTOS-H7.3.4.0
2026-06-05 20:10:01,959 [WARN] PackLoader:240 - Cannot read IP mode file for STMicroelectronics.X-CUBE-DISPLAY.3.0.0
2026-06-05 20:10:01,966 [WARN] PackLoader:240 - Cannot read IP mode file for STMicroelectronics.X-CUBE-GNSS1.7.1.1
2026-06-05 20:10:01,970 [WARN] PackLoader:240 - Cannot read IP mode file for STMicroelectronics.FP-SNS-MOTENVWB1.1.5.0
2026-06-05 20:10:01,972 [WARN] PackLoader:240 - Cannot read IP mode file for STMicroelectronics.X-CUBE-NFC10.1.0.0
2026-06-05 20:10:01,979 [WARN] PackLoader:240 - Cannot read IP mode file for STMicroelectronics.X-CUBE-BLEMGR.4.0.0
2026-06-05 20:10:01,985 [WARN] PackLoader:240 - Cannot read IP mode file for emotas.I-CUBE-CANOPEN.1.3.0
2026-06-05 20:10:01,988 [WARN] PackLoader:240 - Cannot read IP mode file for STMicroelectronics.X-CUBE-GNSS1.7.1.0
2026-06-05 20:10:01,998 [WARN] ConditionMgr:438 - getConditionDescription Invalid condition id : Cortex-A Device cause : null
2026-06-05 20:10:02,010 [WARN] ConditionMgr:1044 - genDependencies : Invalid condition id : Cortex-A Device cause : null
2026-06-05 20:10:02,010 [WARN] ConditionMgr:1044 - genDependencies : Invalid condition id : Cortex-A Device cause : null
2026-06-05 20:10:02,010 [WARN] ConditionMgr:1044 - genDependencies : Invalid condition id : Cortex-A Device cause : null
2026-06-05 20:10:02,016 [WARN] PackLoader:240 - Cannot read IP mode file for STMicroelectronics.FP-SNS-STBOX1.2.1.0
2026-06-05 20:10:02,021 [WARN] PackLoader:240 - Cannot read IP mode file for STMicroelectronics.FP-SNS-SMARTAG2.1.2.0
2026-06-05 20:10:02,024 [WARN] PackLoader:240 - Cannot read IP mode file for STMicroelectronics.FP-SNS-FLIGHT1.5.1.0
2026-06-05 20:10:02,030 [INFO] LogOutputStream:77 - [STDOUT_REDIRECT] 1 : Invalid condition id : UX_CORESTACK_Condition cause : null
2026-06-05 20:10:02,030 [INFO] LogOutputStream:77 - [STDOUT_REDIRECT] 1 : Invalid condition id : UX_CORESTACK_Condition cause : null
2026-06-05 20:10:02,031 [INFO] LogOutputStream:77 - [STDOUT_REDIRECT] 1 : Invalid condition id : UX_CORESTACK_Condition cause : null
2026-06-05 20:10:02,031 [INFO] LogOutputStream:77 - [STDOUT_REDIRECT] 1 : Invalid condition id : UX_CORESTACK_Condition cause : null
2026-06-05 20:10:02,032 [INFO] LogOutputStream:77 - [STDOUT_REDIRECT] 1 : Invalid condition id : UX_CORESTACK_Condition cause : null
2026-06-05 20:10:02,034 [WARN] PackLoader:240 - Cannot read IP mode file for STMicroelectronics.X-CUBE-AZRTOS-WL.2.0.0
2026-06-05 20:10:02,054 [WARN] PackLoader:240 - Cannot read IP mode file for STMicroelectronics.FP-SNS-MOTENV1.5.0.0
2026-06-05 20:10:02,071 [WARN] PackLoader:240 - Cannot read IP mode file for STMicroelectronics.X-CUBE-AZRTOS-H7RS.1.2.0
2026-06-05 20:10:02,080 [WARN] PackLoader:240 - Cannot read IP mode file for WES.I-CUBE-Cesium.1.3.0
2026-06-05 20:10:02,082 [WARN] PackLoader:240 - Cannot read IP mode file for STMicroelectronics.X-CUBE-BLE2.3.3.0
2026-06-05 20:10:02,095 [WARN] PackLoader:240 - Cannot read IP mode file for STMicroelectronics.X-CUBE-NFC9.1.0.0
2026-06-05 20:10:02,100 [WARN] PackLoader:240 - Cannot read IP mode file for wolfSSL.I-CUBE-wolfSSL.5.8.0
2026-06-05 20:10:02,103 [WARN] PackLoader:240 - Cannot read IP mode file for STMicroelectronics.X-CUBE-BLE1.7.1.0
2026-06-05 20:10:02,106 [WARN] PackLoader:240 - Cannot read IP mode file for wolfSSL.I-CUBE-wolfMQTT.1.19.2
2026-06-05 20:10:02,110 [WARN] PackLoader:240 - Cannot read IP mode file for STMicroelectronics.X-CUBE-FREERTOS.1.4.0
2026-06-05 20:10:02,113 [WARN] PackLoader:240 - Cannot read IP mode file for STMicroelectronics.X-CUBE-EEPRMA1.5.2.0
2026-06-05 20:10:02,117 [WARN] PackLoader:240 - Cannot read IP mode file for STMicroelectronics.X-CUBE-AI.10.1.0
2026-06-05 20:10:02,121 [WARN] PackLoader:240 - Cannot read IP mode file for STMicroelectronics.FP-SNS-STAIOTCFT.1.1.0
2026-06-05 20:10:02,140 [WARN] PackLoader:240 - Cannot read IP mode file for STMicroelectronics.X-CUBE-MEMS1.12.0.0
2026-06-05 20:10:02,188 [WARN] PackLoader:240 - Cannot read IP mode file for STMicroelectronics.X-CUBE-AZRTOS-G0.1.1.0
2026-06-05 20:10:02,192 [WARN] PackLoader:240 - Cannot read IP mode file for STMicroelectronics.X-CUBE-SAFEA1.1.2.2
2026-06-05 20:10:02,196 [WARN] PackLoader:240 - Cannot read IP mode file for STMicroelectronics.X-CUBE-NFC4.3.0.0
2026-06-05 20:10:02,201 [WARN] PackLoader:240 - Cannot read IP mode file for EmbeddedOffice.I-CUBE-FS-RTOS.1.0.1
2026-06-05 20:10:02,205 [WARN] PackLoader:240 - Cannot read IP mode file for STMicroelectronics.X-CUBE-WB05N.2.0.0
2026-06-05 20:10:02,208 [WARN] PackLoader:240 - Cannot read IP mode file for wolfSSL.I-CUBE-wolfTPM.3.8.0
2026-06-05 20:10:02,211 [WARN] PackLoader:240 - Cannot read IP mode file for STMicroelectronics.X-CUBE-TCPP.4.2.0
2026-06-05 20:10:02,215 [WARN] PackLoader:240 - Cannot read IP mode file for RealThread.X-CUBE-RT-Thread_Nano.4.1.1
2026-06-05 20:10:02,218 [WARN] PackLoader:240 - Cannot read IP mode file for STMicroelectronics.FP-ATR-SIGFOX1.3.2.0
2026-06-05 20:10:02,221 [WARN] PackLoader:240 - Cannot read IP mode file for STMicroelectronics.X-CUBE-EEPRMA1.5.1.0
2026-06-05 20:10:02,224 [WARN] PackLoader:240 - Cannot read IP mode file for STMicroelectronics.X-CUBE-FREERTOS.1.5.0
2026-06-05 20:10:02,228 [WARN] PackLoader:240 - Cannot read IP mode file for ITTIA_DB.I-CUBE-ITTIADB.8.9.0
2026-06-05 20:10:02,232 [WARN] PackLoader:240 - Cannot read IP mode file for STMicroelectronics.X-CUBE-NFC6.3.2.0
2026-06-05 20:10:02,236 [WARN] PackLoader:240 - Cannot read IP mode file for STMicroelectronics.X-CUBE-ST67W61.1.0.0
2026-06-05 20:10:02,238 [WARN] PackLoader:240 - Cannot read IP mode file for STMicroelectronics.X-CUBE-AI.10.2.0
2026-06-05 20:10:02,261 [WARN] PackLoader:240 - Cannot read IP mode file for STMicroelectronics.X-CUBE-MEMS1.12.1.0
2026-06-05 20:10:02,308 [WARN] PackLoader:240 - Cannot read IP mode file for SEGGER.I-CUBE-embOS.1.3.1
2026-06-05 20:10:02,327 [WARN] PackLoader:240 - Cannot read IP mode file for STMicroelectronics.X-CUBE-ALGOBUILD.1.4.0
2026-06-05 20:10:02,350 [WARN] PackLoader:240 - Cannot read IP mode file for STMicroelectronics.X-CUBE-MEMS1.11.3.0
2026-06-05 20:10:02,431 [WARN] PackLoader:240 - Cannot read IP mode file for STMicroelectronics.X-CUBE-PM33A1.1.0.0
2026-06-05 20:10:02,440 [WARN] PackLoader:240 - Cannot read IP mode file for STMicroelectronics.X-CUBE-AZRTOS-F4.1.1.0
2026-06-05 20:10:02,443 [WARN] PackLoader:240 - Cannot read IP mode file for Avnet-IotConnect.X-CUBE-IoTC-DA16k-PMOD.1.0.0
2026-06-05 20:10:02,445 [WARN] PackLoader:240 - Cannot read IP mode file for STMicroelectronics.X-CUBE-ISPU.2.1.0
2026-06-05 20:10:02,448 [WARN] PackLoader:240 - Cannot read IP mode file for STMicroelectronics.eDS-WB_DPC_TT-BIDIR.2.1.1
2026-06-05 20:10:02,451 [WARN] PackLoader:240 - Cannot read IP mode file for STMicroelectronics.X-CUBE-NFC12.1.0.0
2026-06-05 20:10:02,463 [WARN] PackLoader:240 - Cannot read IP mode file for STMicroelectronics.X-CUBE-AZRTOS-L5.2.0.0
2026-06-05 20:10:02,468 [WARN] PackLoader:240 - Cannot read IP mode file for STMicroelectronics.X-CUBE-NFC6.3.1.0
2026-06-05 20:10:02,471 [WARN] PackLoader:240 - Cannot read IP mode file for STMicroelectronics.X-CUBE-ALGOBUILD.1.5.0
2026-06-05 20:10:02,473 [WARN] PackLoader:240 - Cannot read IP mode file for STMicroelectronics.eDS-WB_DPC_VIENNA.1.2.0
2026-06-05 20:10:02,475 [WARN] PackLoader:240 - Cannot read IP mode file for STMicroelectronics.eDS-WB_DPC_3PH2L-BIDIR.1.1.1
2026-06-05 20:10:02,476 [ERROR] Engine:466 - C:\Users\Josh\.stm32cubemx\thirdparties\pdsc\STMicroelectronics.X-CUBE-ST67W61.1.3.0.pdsc: PDSC version is not supported
2026-06-05 20:10:02,479 [WARN] PackLoader:240 - Cannot read IP mode file for STMicroelectronics.X-CUBE-FREERTOS.1.3.1
2026-06-05 20:10:02,482 [WARN] PackLoader:240 - Cannot read IP mode file for STMicroelectronics.X-CUBE-TOUCHGFX.4.26.0
2026-06-05 20:10:02,484 [WARN] PackLoader:240 - Cannot read IP mode file for STMicroelectronics.X-CUBE-TOUCHGFX.4.26.1
2026-06-05 20:10:02,486 [WARN] PackLoader:240 - Cannot read IP mode file for STMicroelectronics.FP-SNS-STAIOTCFT.1.0.0
2026-06-05 20:10:02,489 [WARN] PackLoader:240 - Cannot read IP mode file for STMicroelectronics.X-CUBE-DPower.1.3.0
2026-06-05 20:10:02,496 [WARN] ConditionMgr:438 - getConditionDescription Invalid condition id : LAN8742 Phy interface Condition cause : null
2026-06-05 20:10:02,497 [WARN] PackLoader:240 - Cannot read IP mode file for STMicroelectronics.X-CUBE-AZRTOS-L4.2.0.0
2026-06-05 20:10:02,497 [WARN] ConditionMgr:1044 - genDependencies : Invalid condition id : LAN8742 Phy interface Condition cause : null
2026-06-05 20:10:02,498 [WARN] ConditionMgr:1044 - genDependencies : Invalid condition id : LAN8742 Phy interface Condition cause : null
2026-06-05 20:10:02,498 [WARN] ConditionMgr:1044 - genDependencies : Invalid condition id : LAN8742 Phy interface Condition cause : null
2026-06-05 20:10:02,502 [WARN] PackLoader:240 - Cannot read IP mode file for STMicroelectronics.X-CUBE-SFXS2LP1.4.0.0
2026-06-05 20:10:02,505 [WARN] PackLoader:240 - Cannot read IP mode file for STMicroelectronics.X-CUBE-WB05N.2.1.0
2026-06-05 20:10:02,509 [WARN] PackLoader:240 - Cannot read IP mode file for STMicroelectronics.X-CUBE-ST67W61.1.2.0
2026-06-05 20:10:02,513 [WARN] PackLoader:240 - Cannot read IP mode file for STMicroelectronics.X-CUBE-BLEMGR.4.1.0
2026-06-05 20:10:02,521 [WARN] ConditionMgr:438 - getConditionDescription Invalid condition id : UX DEVICE CLASS RTOS Condition cause : null
2026-06-05 20:10:02,521 [WARN] ConditionMgr:438 - getConditionDescription Invalid condition id : UX DEVICE CLASS RTOS Condition cause : null
2026-06-05 20:10:02,521 [WARN] PackLoader:240 - Cannot read IP mode file for STMicroelectronics.X-CUBE-AZRTOS-WB.2.0.0
2026-06-05 20:10:02,521 [WARN] ConditionMgr:1044 - genDependencies : Invalid condition id : UX DEVICE CLASS RTOS Condition cause : null
2026-06-05 20:10:02,521 [WARN] ConditionMgr:1044 - genDependencies : Invalid condition id : UX DEVICE CLASS RTOS Condition cause : null
2026-06-05 20:10:02,522 [WARN] ConditionMgr:1044 - genDependencies : Invalid condition id : UX DEVICE CLASS RTOS Condition cause : null
2026-06-05 20:10:02,522 [WARN] ConditionMgr:1044 - genDependencies : Invalid condition id : UX DEVICE CLASS RTOS Condition cause : null
2026-06-05 20:10:02,522 [WARN] ConditionMgr:1044 - genDependencies : Invalid condition id : UX DEVICE CLASS RTOS Condition cause : null
2026-06-05 20:10:02,525 [WARN] PackLoader:240 - Cannot read IP mode file for STMicroelectronics.X-CUBE-GNSS1.7.0.1
2026-06-05 20:10:02,528 [WARN] PackLoader:240 - Cannot read IP mode file for STMicroelectronics.X-CUBE-TOUCHGFX.4.25.0
2026-06-05 20:10:02,531 [WARN] PackLoader:240 - Cannot read IP mode file for STMicroelectronics.FP-SNS-STBOX1.2.0.0
2026-06-05 20:10:02,535 [WARN] PackLoader:240 - Cannot read IP mode file for STMicroelectronics.X-CUBE-STSE01.2.0.0
2026-06-05 20:10:02,539 [WARN] PackLoader:240 - Cannot read IP mode file for STMicroelectronics.X-CUBE-SUBG2.5.0.0
2026-06-05 20:10:02,550 [WARN] PackLoader:240 - Cannot read IP mode file for STMicroelectronics.X-CUBE-AZRTOS-H7RS.1.1.0
2026-06-05 20:10:02,556 [WARN] PackLoader:240 - Cannot read IP mode file for Cesanta.I-CUBE-Mongoose.7.13.0
2026-06-05 20:10:02,565 [WARN] PackLoader:240 - Cannot read IP mode file for STMicroelectronics.X-CUBE-AZRTOS-G4.2.0.0
2026-06-05 20:10:02,569 [WARN] PackLoader:240 - Cannot read IP mode file for wolfSSL.I-CUBE-wolfSSH.1.4.20
2026-06-05 20:10:02,571 [WARN] PackLoader:240 - Cannot read IP mode file for STMicroelectronics.X-CUBE-NFC7.2.0.0
2026-06-05 20:10:02,576 [WARN] PackLoader:240 - Cannot read IP mode file for STMicroelectronics.X-CUBE-IPS.3.1.0
2026-06-05 20:10:02,581 [WARN] PackLoader:240 - Cannot read IP mode file for STMicroelectronics.X-CUBE-ALS.1.0.2
2026-06-05 20:10:02,583 [WARN] PackLoader:240 - Cannot read IP mode file for STMicroelectronics.X-CUBE-STSE01.1.0.0
2026-06-05 20:10:02,586 [WARN] PackLoader:240 - Cannot read IP mode file for portGmbH.I-Cube-SoM-uGOAL.1.1.0
2026-06-05 20:10:02,591 [WARN] PackLoader:240 - Cannot read IP mode file for STMicroelectronics.X-CUBE-TOF1.3.4.3
2026-06-05 20:10:02,595 [INFO] ThirdParty:978 - Integrity check success = true
2026-06-05 20:10:02,595 [INFO] IntegrityCheckThread:100 - exiting critical section [integrity check]
2026-06-05 20:10:02,595 [INFO] IntegrityCheckThread:103 - End integrity checks thread
2026-06-05 20:10:48,585 [INFO] McuFinderGlobals:63 - Set McuFinder mode to 2 (CubeIDE integrated)
2026-06-05 20:10:48,587 [INFO] MainUpdater:2872 - connection check result : 10
2026-06-05 20:10:48,588 [INFO] McuFinderGlobals:76 - Set McuFinderConnectedMode to true
2026-06-05 20:10:48,986 [INFO] ServerAccessManage:452 - Complete download http(s) 200
2026-06-05 20:10:48,987 [INFO] ServerAccessManage:509 - Download File mcusAds.json._tmp_
2026-06-05 20:10:49,104 [INFO] LoadUrlFilesThread:156 - End of LoadUrlFiles Thread
2026-06-05 20:10:51,148 [INFO] ServerAccessManage:452 - Complete download http(s) 200
2026-06-05 20:10:51,148 [INFO] ServerAccessManage:509 - Download File cube-finder-db.zip
2026-06-05 20:10:59,730 [INFO] FileExtend:248 - Unzip File : cube-finder-db.zip
2026-06-05 20:10:59,730 [INFO] FileExtend:263 - Standard Zip Deflate
2026-06-05 20:11:00,355 [INFO] LoadUrlFilesThread:156 - End of LoadUrlFiles Thread
2026-06-05 20:11:01,797 [INFO] ServerAccessManage:452 - Complete download http(s) 200
2026-06-05 20:11:01,797 [INFO] ServerAccessManage:509 - Download File crdb.zip
2026-06-05 20:11:03,235 [INFO] FileExtend:248 - Unzip File : crdb.zip
2026-06-05 20:11:03,236 [INFO] FileExtend:263 - Standard Zip Deflate
2026-06-05 20:11:03,358 [INFO] LoadUrlFilesThread:156 - End of LoadUrlFiles Thread
2026-06-05 20:11:04,759 [INFO] ServerAccessManage:452 - Complete download http(s) 200
2026-06-05 20:11:04,759 [INFO] ServerAccessManage:509 - Download File tutoVideoDB.zip
2026-06-05 20:11:04,791 [INFO] FileExtend:248 - Unzip File : tutoVideoDB.zip
2026-06-05 20:11:04,791 [INFO] FileExtend:263 - Standard Zip Deflate
2026-06-05 20:11:04,895 [INFO] LoadUrlFilesThread:156 - End of LoadUrlFiles Thread
2026-06-05 20:11:04,899 [WARN] DbFile:41 - Overriding database path with different value: C:\Users\Josh\.stmcufinder\plugins\mcufinder/ => C:\Users\Josh\.stmcufinder\plugins\mcufinder
2026-06-05 20:11:05,788 [ERROR] ServerAccessManage:1212 - Problem, file not found on Server
2026-06-05 20:11:05,790 [ERROR] ServerAccessManage:740 - Problem, file not found on Server : api_config.json.
2026-06-05 20:11:09,399 [INFO] LoadUrlFilesThread:156 - End of LoadUrlFiles Thread
2026-06-05 20:11:10,906 [INFO] DbMcusAds:53 - JSON generation date=Fri May 29 02:08:17 AEST 2026 (1779984497073)
2026-06-05 20:11:10,928 [ERROR] TargetSelectorAdapter:267 - Unable to refresh data
2026-06-05 20:11:11,152 [INFO] ApiDb:581 - Connected to CubeFinder SQLite database (C:\Users\Josh\.stmcufinder\plugins\mcufinder\mcu\cube-finder-db.db)
2026-06-05 20:11:11,210 [INFO] ApiDb:668 - CubeFinder database Data Model version=2.1
2026-06-05 20:11:11,211 [INFO] ApiDb:669 - CubeFinder database Configuration version=3.0.42
2026-06-05 20:11:11,211 [INFO] ApiDb:670 - CubeFinder database generation date=2026-05-14 (1778746352)
2026-06-05 20:11:11,211 [INFO] ApiDb:671 - CubeFinder database FW Pack versions=[FP-ATR-ASTRA1_V2.0.0, FP-SNS-FLIGHT1_V5.1.0, FP-SNS-MOTENV1_V5.1.0, FP-SNS-MOTENVWB1_V1.5.0, FP-SNS-SMARTAG2_V1.2.0, FP-SNS-STBOX1_V2.1.0, STM32Cube_FW_C0_V1.4.0, STM32Cube_FW_F4_V1.28.3, STM32Cube_FW_F7_V1.17.4, STM32Cube_FW_G0_V1.6.3, STM32Cube_FW_G4_V1.6.2, STM32Cube_FW_H5_V1.6.0, STM32Cube_FW_H7RS_V1.3.0, STM32Cube_FW_H7_V1.13.0, STM32Cube_FW_L0_V1.12.2, STM32Cube_FW_L4_V1.18.2, STM32Cube_FW_L5_V1.6.0, STM32Cube_FW_N6_V1.3.0, STM32Cube_FW_U0_V1.3.0, STM32Cube_FW_U3_V1.3.0, STM32Cube_FW_U5_V1.8.0, STM32Cube_FW_WB0_V1.4.0, STM32Cube_FW_WBA_V1.9.0, STM32Cube_FW_WB_V1.24.0, STM32Cube_FW_WL3_V1.4.0, STM32Cube_FW_WL_V1.5.0, X-CUBE-ALGOBUILD_V1.4.0, X-CUBE-ALS_V1.0.2, X-CUBE-AZRTOS-F4_V1.1.0, X-CUBE-AZRTOS-F7_V1.1.0, X-CUBE-AZRTOS-G0_V1.1.0, X-CUBE-AZRTOS-G4_V2.0.0, X-CUBE-AZRTOS-H7RS_V1.1.0, X-CUBE-AZRTOS-H7_V3.5.0, X-CUBE-AZRTOS-L4_V2.0.0, X-CUBE-AZRTOS-L5_V2.0.0, X-CUBE-AZRTOS-WB_V2.0.0, X-CUBE-AZRTOS-WL_V2.0.0, X-CUBE-BLE1_V7.1.0, X-CUBE-BLE2_V3.3.0, X-CUBE-BLEMGR_V4.1.0, X-CUBE-EEPRMA1_V5.2.0, X-CUBE-FREERTOS_V1.5.0, X-CUBE-GNSS1_V7.1.1, X-CUBE-MEMS1_V12.1.0, X-CUBE-NFC4_V3.0.0, X-CUBE-NFC7_V2.0.0, X-CUBE-SFXS2LP1_V4.0.0, X-CUBE-ST67W61_V1.3.0, X-CUBE-SUBG2_V5.0.0, X-CUBE-TOF1_V3.4.3]
2026-06-05 20:11:12,841 [INFO] ApiDb:240 - Found 880 in-development CPN: [B-G473E-ZEST1S, B-WB1M-WPAN1, B-WBA5M-WPAN, B-WL5M-SUBG1, NUCLEO-C031C6, NUCLEO-C051C8, NUCLEO-C071RB, NUCLEO-C092RC, NUCLEO-H503RB, NUCLEO-H533RE, NUCLEO-H563ZI, NUCLEO-H7S3L8, NUCLEO-N657X0-Q, NUCLEO-U031R8, NUCLEO-U083RC, NUCLEO-U385RG-Q, NUCLEO-U545RE-Q, NUCLEO-U5A5ZJ-Q, NUCLEO-WB05KZ, NUCLEO-WB07CC, NUCLEO-WB09KE, NUCLEO-WBA52CG, NUCLEO-WBA55CG, NUCLEO-WL33CC1, NUCLEO-WL33CC2, STEVAL-PROTEUS1, STEVAL-SMARTAG2, STEVAL-STWINBX1, STM320518-EVAL, STM32C0116-DK, STM32C011D6Y3TR, STM32C011D6Y6TR, STM32C011F4P3, STM32C011F4P6, STM32C011F4U3, STM32C011F4U6TR, STM32C011F6P3, STM32C011F6P6, STM32C011F6U3, STM32C011F6U6TR, STM32C011J4M3, STM32C011J4M6, STM32C011J6M3, STM32C011J6M6, STM32C0316-DK, STM32C031C4T3, STM32C031C4T6, STM32C031C4U3, STM32C031C4U6, STM32C031C6T3, STM32C031C6T6, STM32C031C6U3, STM32C031C6U6, STM32C031F4P3, STM32C031F4P6, STM32C031F6P3, STM32C031F6P6, STM32C031G4U3, STM32C031G4U6, STM32C031G6U3, STM32C031G6U6, STM32C031K4T3, STM32C031K4T6, STM32C031K4U3, STM32C031K4U6, STM32C031K6T3, STM32C031K6T6, STM32C031K6U3, STM32C031K6U6, STM32C051C6T6, STM32C051C6U6, STM32C051C8T6, STM32C051C8U6, STM32C051D8Y6TR, STM32C051F6P6, STM32C051F8P6, STM32C051G6U6, STM32C051G8U6, STM32C051K6T6, STM32C051K6U6, STM32C051K8T6, STM32C071C8T6, STM32C071C8T6N, STM32C071C8U6, STM32C071C8U6N, STM32C071CBT6, STM32C071CBT6N, STM32C071CBU6, STM32C071CBU6N, STM32C071F8P6, STM32C071F8P6N, STM32C071FBP6, STM32C071FBP6N, STM32C071FBY6TR, STM32C071G8U6, STM32C071G8U6N, STM32C071GBU6, STM32C071GBU6N, STM32C071K8T6, STM32C071K8T6N, STM32C071K8U6, STM32C071K8U6N, STM32C071KBT6, STM32C071KBT6N, STM32C071KBU6, STM32C071KBU6N, STM32C071R8T6, STM32C071R8T6N, STM32C071RBI6N, STM32C071RBT6, STM32C071RBT6N, STM32C091CBT6, STM32C091CBU6, STM32C091CCT6, STM32C091CCU6, STM32C091ECY6TR, STM32C091FBP6, STM32C091FCP6, STM32C091GBU6, STM32C091GCU6, STM32C091KBT6, STM32C091KBU6, STM32C091KCT6, STM32C091KCU6, STM32C091RBT6, STM32C091RCI6, STM32C091RCT6, STM32C092CBT6, STM32C092CBU6, STM32C092CCT6, STM32C092CCU6, STM32C092ECY6TR, STM32C092FBP6, STM32C092FCP6, STM32C092GBU6, STM32C092GCU6, STM32C092KBT6, STM32C092KBU6, STM32C092KCT6, STM32C092KCU6, STM32C092RBT6, STM32C092RCI6, STM32C092RCT6, STM32G071K8TXN, STM32G071K8UXN, STM32G081GBU6N, STM32G081KBT6N, STM32G081KBUXN, STM32G0B1CCT6N, STM32G0B1KCT6, STM32G0B1NEY6TR, STM32G0B1RCT6N, STM32G0C1CCT6, STM32G0C1CCT6N, STM32G0C1CCU6N, STM32G0C1CET6N, STM32G0C1CEU6N, STM32G0C1KCT6, STM32G0C1NEY6TR, STM32G0C1RCI6N, STM32G0C1RCT6N, STM32G0C1REI6N, STM32G0C1RET6N, STM32G0C1VCI6, STM32G0C1VEI6, STM32G411C6T3, STM32G411C6T6, STM32G411C6U3, STM32G411C6U6, STM32G411C8T3, STM32G411C8T6, STM32G411C8U3, STM32G411C8U6, STM32G411CBT3, STM32G411CBT6, STM32G411CBU3, STM32G411CBU6, STM32G411K6T3, STM32G411K6T6, STM32G411K6U3, STM32G411K6U6, STM32G411K8T3, STM32G411K8T6, STM32G411K8U3, STM32G411K8U6, STM32G411KBT3, STM32G411KBT6, STM32G411KBU3, STM32G411KBU6, STM32G411M6T3, STM32G411M6T6, STM32G411M8T3, STM32G411M8T6, STM32G411MBT3, STM32G411MBT6, STM32G411R6T3, STM32G411R6T6, STM32G411R8T3, STM32G411R8T6, STM32G411RBT3, STM32G411RBT6, STM32G414CBT3, STM32G414CBT6, STM32G414CBU3, STM32G414CBU6, STM32G414CCT3, STM32G414CCT6, STM32G414CCU3, STM32G414CCU6, STM32G414MBT3, STM32G414MBT6, STM32G414MCT3, STM32G414MCT6, STM32G414RBT3, STM32G414RBT6, STM32G414RCT3, STM32G414RCT6, STM32G414VBT3, STM32G414VBT6, STM32G414VCT3, STM32G414VCT6, STM32G431CBT3Z, STM32G431RBT3Z, STM32G471CCT6, STM32G471CCU6, STM32G471CET3, STM32G471CET6, STM32G471CEU3, STM32G471CEU6, STM32G471MCT6, STM32G471MET3, STM32G471MET6, STM32G471MEY6TR, STM32G471QCT6, STM32G471QET3, STM32G471RCT6, STM32G471RET3, STM32G471RET6, STM32G471VCH6, STM32G471VCI6, STM32G471VCT6, STM32G471VEH3, STM32G471VEH6, STM32G471VEI3, STM32G471VEI6, STM32G471VET3, STM32G471VET6, STM32G473QET3Z, STM32G473RET3Z, STM32G474CCT6, STM32G491RET3Z, STM32H503CBT6, STM32H503CBU6, STM32H503EBY6TR, STM32H503KBU6, STM32H503RBT6, STM32H523CCT6, STM32H523CCU6, STM32H523CET6, STM32H523CEU6, STM32H523HEY6TR, STM32H523RCT6, STM32H523RET6, STM32H523VCI6, STM32H523VCT6, STM32H523VEI6, STM32H523VET6, STM32H523ZCJ6, STM32H523ZCT6, STM32H523ZEJ6, STM32H523ZET6, STM32H533CET6, STM32H533CEU6, STM32H533HEY6TR, STM32H533RET6, STM32H533VEI6, STM32H533VET6, STM32H533ZEJ6, STM32H533ZET6, STM32H562AGI6, STM32H562AII6, STM32H562IGK6, STM32H562IGT6, STM32H562IIK6, STM32H562IIT6, STM32H562RGT6, STM32H562RGV6, STM32H562RIT6, STM32H562RIV6, STM32H562VGT6, STM32H562VIT6, STM32H562ZGT6, STM32H562ZIT6, STM32H563AGI6, STM32H563AII3Q, STM32H563AII6, STM32H563IGK6, STM32H563IGT6, STM32H563IIK3Q, STM32H563IIK6, STM32H563IIT3Q, STM32H563IIT6, STM32H563MIY3QTR, STM32H563RGT6, STM32H563RGV6, STM32H563RIT6, STM32H563RIV6, STM32H563VGT6, STM32H563VIT3Q, STM32H563VIT6, STM32H563ZGT6, STM32H563ZIT3Q, STM32H563ZIT6, STM32H573AII3Q, STM32H573AII6, STM32H573I-DK, STM32H573IIK3Q, STM32H573IIK6, STM32H573IIT3Q, STM32H573IIT6, STM32H573MIY3QTR, STM32H573RIT6, STM32H573RIV6, STM32H573VIT3Q, STM32H573VIT6, STM32H573ZIT3Q, STM32H573ZIT6, STM32H7R3A8I6, STM32H7R3I8K6, STM32H7R3I8T6, STM32H7R3L8H6, STM32H7R3L8H6H, STM32H7R3R8V6, STM32H7R3V8H6, STM32H7R3V8T6, STM32H7R3V8Y6TR, STM32H7R3Z8J6, STM32H7R3Z8T6, STM32H7R7A8I6, STM32H7R7I8K6, STM32H7R7I8T6, STM32H7R7L8H6, STM32H7R7L8H6H, STM32H7R7Z8J6, STM32H7S3A8I6, STM32H7S3I8K6, STM32H7S3I8T6, STM32H7S3L8H6, STM32H7S3L8H6H, STM32H7S3R8V6, STM32H7S3V8H6, STM32H7S3V8T6, STM32H7S3V8Y6TR, STM32H7S3Z8J6, STM32H7S3Z8T6, STM32H7S78-DK, STM32H7S7A8I6, STM32H7S7I8K6, STM32H7S7I8T6, STM32H7S7L8H6, STM32H7S7L8H6H, STM32H7S7Z8J6, STM32L4R5QGI6STR, STM32MP131AAE3, STM32MP131AAF3, STM32MP131AAG3, STM32MP131CAE3, STM32MP131CAF3, STM32MP131CAG3, STM32MP131DAE7, STM32MP131DAF7, STM32MP131DAG7, STM32MP131FAE7, STM32MP131FAF7, STM32MP131FAG7, STM32MP133AAE3, STM32MP133AAF3, STM32MP133AAG3, STM32MP133CAE3, STM32MP133CAF3, STM32MP133CAG3, STM32MP133DAE7, STM32MP133DAF7, STM32MP133DAG7, STM32MP133FAE7, STM32MP133FAF7, STM32MP133FAG7, STM32MP135AAE3, STM32MP135AAF3, STM32MP135AAG3, STM32MP135CAE3, STM32MP135CAF3, STM32MP135CAG3, STM32MP135DAE7, STM32MP135DAF7, STM32MP135DAG7, STM32MP135F-DK, STM32MP135FAE7, STM32MP135FAF7, STM32MP135FAF7T, STM32MP135FAF7U, STM32MP135FAG7, STM32MP211AAL3, STM32MP211AAM3, STM32MP211AAN3, STM32MP211AAO3, STM32MP211CAL3, STM32MP211CAM3, STM32MP211CAN3, STM32MP211CAO3, STM32MP211DAL3, STM32MP211DAM3, STM32MP211DAN3, STM32MP211DAO3, STM32MP211FAL3, STM32MP211FAM3, STM32MP211FAN3, STM32MP211FAO3, STM32MP213AAL3, STM32MP213AAM3, STM32MP213AAN3, STM32MP213AAO3, STM32MP213CAL3, STM32MP213CAM3, STM32MP213CAN3, STM32MP213CAO3, STM32MP213DAL3, STM32MP213DAM3, STM32MP213DAN3, STM32MP213DAO3, STM32MP213FAL3, STM32MP213FAM3, STM32MP213FAN3, STM32MP213FAO3, STM32MP215AAL3, STM32MP215AAM3, STM32MP215AAN3, STM32MP215AAO3, STM32MP215CAL3, STM32MP215CAM3, STM32MP215CAN3, STM32MP215CAO3, STM32MP215DAL3, STM32MP215DAM3, STM32MP215DAN3, STM32MP215DAO3, STM32MP215F-DK, STM32MP215FAL3, STM32MP215FAM3, STM32MP215FAN3, STM32MP215FAO3, STM32MP231AAJ3, STM32MP231AAK3, STM32MP231AAL3, STM32MP231CAJ3, STM32MP231CAK3, STM32MP231CAL3, STM32MP231DAJ3, STM32MP231DAK3, STM32MP231DAL3, STM32MP231FAJ3, STM32MP231FAK3, STM32MP231FAL3, STM32MP233AAJ3, STM32MP233AAK3, STM32MP233AAL3, STM32MP233CAJ3, STM32MP233CAK3, STM32MP233CAL3, STM32MP233DAJ3, STM32MP233DAK3, STM32MP233DAL3, STM32MP233FAJ3, STM32MP233FAK3, STM32MP233FAL3, STM32MP235AAJ3, STM32MP235AAK3, STM32MP235AAL3, STM32MP235CAJ3, STM32MP235CAK3, STM32MP235CAL3, STM32MP235DAJ3, STM32MP235DAK3, STM32MP235DAL3, STM32MP235FAJ3, STM32MP235FAK3, STM32MP235FAL3, STM32MP251AAI3, STM32MP251AAK3, STM32MP251AAL3, STM32MP251CAI3, STM32MP251CAK3, STM32MP251CAL3, STM32MP251DAI3, STM32MP251DAK3, STM32MP251DAL3, STM32MP251FAI3, STM32MP251FAK3, STM32MP251FAL3, STM32MP253AAI3, STM32MP253AAK3, STM32MP253AAL3, STM32MP253CAI3, STM32MP253CAK3, STM32MP253CAL3, STM32MP253DAI3, STM32MP253DAK3, STM32MP253DAL3, STM32MP253FAI3, STM32MP253FAK3, STM32MP253FAL3, STM32MP255AAI3, STM32MP255AAK3, STM32MP255AAL3, STM32MP255CAI3, STM32MP255CAK3, STM32MP255CAL3, STM32MP255DAI3, STM32MP255DAK3, STM32MP255DAL3, STM32MP255FAI3, STM32MP255FAK3, STM32MP255FAL3, STM32MP257AAI3, STM32MP257AAK3, STM32MP257AAL3, STM32MP257CAI3, STM32MP257CAK3, STM32MP257CAL3, STM32MP257DAI3, STM32MP257DAK3, STM32MP257DAL3, STM32MP257F-DK, STM32MP257F-EV1, STM32MP257FAI3, STM32MP257FAK3, STM32MP257FAL3, STM32N645A0H3Q, STM32N645B0H3Q, STM32N645I0H3Q, STM32N645L0H3Q, STM32N645X0H3Q, STM32N645Z0H3Q, STM32N647A0H3Q, STM32N647B0H3Q, STM32N647I0H3Q, STM32N647L0H3Q, STM32N647X0H3Q, STM32N647Z0H3Q, STM32N655A0H3Q, STM32N655B0H3Q, STM32N655I0H3Q, STM32N655L0H3Q, STM32N655X0H3Q, STM32N655Z0H3Q, STM32N6570-DK, STM32N657A0H3Q, STM32N657B0H3Q, STM32N657I0H3Q, STM32N657L0H3Q, STM32N657X0H3Q, STM32N657Z0H3Q, STM32U031C6T6, STM32U031C6U6, STM32U031C8T6, STM32U031C8U6, STM32U031F4P6, STM32U031F6P6, STM32U031F8P6, STM32U031G6Y6TR, STM32U031G8Y6TR, STM32U031K4U6, STM32U031K6U6, STM32U031K8U6, STM32U031R6I6, STM32U031R6T6, STM32U031R8I6, STM32U031R8T6, STM32U073C8T6, STM32U073C8U6, STM32U073CBT6, STM32U073CBU6, STM32U073CCT6, STM32U073CCU6, STM32U073H8Y6TR, STM32U073HBY6TR, STM32U073HCY6TR, STM32U073K8U6, STM32U073KBU6, STM32U073KCU6, STM32U073M8I6, STM32U073M8T6, STM32U073MBI6, STM32U073MBT6, STM32U073MCI6, STM32U073MCT6, STM32U073R8I6, STM32U073R8T6, STM32U073RBI6, STM32U073RBT6, STM32U073RCI6, STM32U073RCT6, STM32U083C-DK, STM32U083CCT6, STM32U083CCU6, STM32U083HCY6TR, STM32U083KCU6, STM32U083MCI6, STM32U083MCT6, STM32U083RCI6, STM32U083RCT6, STM32U375CET6, STM32U375CET6Q, STM32U375CEU6, STM32U375CEU6Q, STM32U375CEY6QTR, STM32U375CGT6, STM32U375CGT6Q, STM32U375CGU6, STM32U375CGU6Q, STM32U375CGY6QTR, STM32U375KEU6, STM32U375KGU6, STM32U375REI6, STM32U375REI6Q, STM32U375RET6, STM32U375RET6Q, STM32U375REY6GTR, STM32U375REY6QTR, STM32U375RGI6, STM32U375RGI6Q, STM32U375RGT6, STM32U375RGT6Q, STM32U375RGY6GTR, STM32U375RGY6QTR, STM32U375VEI6, STM32U375VEI6Q, STM32U375VET6, STM32U375VET6Q, STM32U375VGI6, STM32U375VGI6Q, STM32U375VGT6, STM32U375VGT6Q, STM32U385CGT6, STM32U385CGT6Q, STM32U385CGU6, STM32U385CGU6Q, STM32U385CGY6QTR, STM32U385KGU6, STM32U385RGI6, STM32U385RGI6Q, STM32U385RGT6, STM32U385RGT6Q, STM32U385RGY6GTR, STM32U385RGY6QTR, STM32U385VGI6, STM32U385VGI6Q, STM32U385VGT6, STM32U385VGT6Q, STM32U535CBT6, STM32U535CBT6Q, STM32U535CBU6, STM32U535CBU6Q, STM32U535CCT6, STM32U535CCT6Q, STM32U535CCU6, STM32U535CCU6Q, STM32U535CET6, STM32U535CET6Q, STM32U535CEU6, STM32U535CEU6Q, STM32U535JEY6QTR, STM32U535NCY6QTR, STM32U535NEY6QTR, STM32U535RBI6, STM32U535RBI6Q, STM32U535RBT6, STM32U535RBT6Q, STM32U535RCI6, STM32U535RCI6Q, STM32U535RCT6, STM32U535RCT6Q, STM32U535REI6, STM32U535REI6Q, STM32U535RET6, STM32U535RET6Q, STM32U535VCI6, STM32U535VCI6Q, STM32U535VCT6, STM32U535VCT6Q, STM32U535VEI6, STM32U535VEI6Q, STM32U535VET6, STM32U535VET6Q, STM32U545CET6, STM32U545CET6Q, STM32U545CEU6, STM32U545CEU6Q, STM32U545JEY6QTR, STM32U545NEY6QTR, STM32U545REI6, STM32U545REI6Q, STM32U545RET6, STM32U545RET6Q, STM32U545VEI6, STM32U545VEI6Q, STM32U545VET6, STM32U545VET6Q, STM32U595AIH6, STM32U595AIH6Q, STM32U595AJH6, STM32U595AJH6Q, STM32U595QII6, STM32U595QII6Q, STM32U595QJI6, STM32U595QJI6Q, STM32U595RIT6, STM32U595RIT6Q, STM32U595RJT6, STM32U595RJT6Q, STM32U595VIT6, STM32U595VIT6Q, STM32U595VJT6, STM32U595VJT6Q, STM32U595ZIT6, STM32U595ZIT6Q, STM32U595ZIY6QTR, STM32U595ZJT6, STM32U595ZJT6Q, STM32U595ZJY6QTR, STM32U599BJY6QTR, STM32U599NIH6Q, STM32U599NJH6Q, STM32U599VIT6Q, STM32U599VJT6, STM32U599VJT6Q, STM32U599ZIT6Q, STM32U599ZIY6QTR, STM32U599ZJT6Q, STM32U599ZJY6QTR, STM32U5A5AJH6, STM32U5A5AJH6Q, STM32U5A5QII3Q , STM32U5A5QJI6, STM32U5A5QJI6Q, STM32U5A5RJT6, STM32U5A5RJT6Q, STM32U5A5VJT6, STM32U5A5VJT6Q, STM32U5A5ZJT6, STM32U5A5ZJT6Q, STM32U5A5ZJY6QTR, STM32U5A9BJY6QTR, STM32U5A9J-DK, STM32U5A9NJH6Q, STM32U5A9VJT6Q, STM32U5A9ZJT6Q, STM32U5A9ZJY6QTR, STM32U5F7VIT6, STM32U5F7VIT6Q, STM32U5F7VJT6, STM32U5F7VJT6Q, STM32U5F9BJY6QTR, STM32U5F9NJH6Q, STM32U5F9VIT6Q, STM32U5F9VJT6Q, STM32U5F9ZIJ6QTR, STM32U5F9ZIT6Q, STM32U5F9ZJJ6QTR, STM32U5F9ZJT6Q, STM32U5G7VJT6, STM32U5G7VJT6Q, STM32U5G9BJY6QTR, STM32U5G9J-DK1, STM32U5G9J-DK2, STM32U5G9NJH6Q, STM32U5G9VJT6Q, STM32U5G9ZJJ6QTR, STM32U5G9ZJT6Q, STM32WB05KZV6TR, STM32WB05KZV7TR, STM32WB05TZF6TR, STM32WB05TZF7TR, STM32WB06CCF6TR, STM32WB06CCF7TR, STM32WB06CCV6TR, STM32WB06CCV7TR, STM32WB06KCV6TR, STM32WB06KCV7TR, STM32WB07CCF6TR, STM32WB07CCF7TR, STM32WB07CCV6TR, STM32WB07CCV7TR, STM32WB07KCV6TR, STM32WB07KCV7TR, STM32WB09KEV6TR, STM32WB09KEV7TR, STM32WB09TEF6TR, STM32WB09TEF7TR, STM32WB1MMCH6, STM32WBA50KGU6, STM32WBA50KGU6TR, STM32WBA52CEU6, STM32WBA52CEU6TR, STM32WBA52CEU7, STM32WBA52CEU7TR, STM32WBA52CGU6, STM32WBA52CGU6TR, STM32WBA52CGU6U, STM32WBA52CGU7, STM32WBA52CGU7TR, STM32WBA52KEU6, STM32WBA52KEU6TR, STM32WBA52KGU6, STM32WBA52KGU6TR, STM32WBA54CEU6, STM32WBA54CEU6TR, STM32WBA54CEU7, STM32WBA54CEU7TR, STM32WBA54CGU6, STM32WBA54CGU6TR, STM32WBA54CGU7, STM32WBA54CGU7TR, STM32WBA54KEU6, STM32WBA54KEU6TR, STM32WBA54KEU7, STM32WBA54KEU7TR, STM32WBA54KGU6, STM32WBA54KGU6TR, STM32WBA54KGU7, STM32WBA54KGU7TR, STM32WBA55CEU6, STM32WBA55CEU6TR, STM32WBA55CEU7, STM32WBA55CEU7TR, STM32WBA55CGU6, STM32WBA55CGU6TR, STM32WBA55CGU6U, STM32WBA55CGU7, STM32WBA55CGU7TR, STM32WBA55G-DK1, STM32WBA55HEF6, STM32WBA55HEF7, STM32WBA55HGF6, STM32WBA55HGF7, STM32WBA55UEI6, STM32WBA55UEI6TR, STM32WBA55UEI7, STM32WBA55UEI7TR, STM32WBA55UGI6, STM32WBA55UGI6TR, STM32WBA55UGI7, STM32WBA55UGI7TR, STM32WBA5MMGH6TR, STM32WBA62MGF6, STM32WBA62MIF6, STM32WBA65MGF7, STM32WBA65MIF6, STM32WBA65MIF7, STM32WL30K8V6, STM32WL30KBV6, STM32WL31C8V6, STM32WL31CBV6, STM32WL31K8V6, STM32WL31KBV6, STM32WL33C8V6, STM32WL33C8V6X, STM32WL33CBV6, STM32WL33CBV6X, STM32WL33CCV6, STM32WL33CCV6A, STM32WL33CCV6X, STM32WL33K8V7, STM32WL33K8V7X, STM32WL33KBV7 , STM32WL33KBV7X, STM32WL33KCV7, STM32WL33KCV7X, STM32WL5MOCH6, STM32WL5MOCH6TR]
2026-06-05 20:11:12,845 [INFO] DbMcus:218 - Found 5086 MCUs, 4968 are supported
2026-06-05 20:11:12,846 [INFO] ApiDb:423 - Load user favorites file C:\Users\Josh/.stm32cubeide/favorites.mcus.txt: 0 item(s)
2026-06-05 20:11:12,846 [INFO] ApiDb:427 - User favorites MCUs=[]
2026-06-05 20:11:12,846 [INFO] DbMcus:224 - Set 0 / 0 favorites MCUs
2026-06-05 20:11:13,111 [INFO] ApiDb:668 - CubeFinder database Data Model version=2.1
2026-06-05 20:11:13,111 [INFO] ApiDb:669 - CubeFinder database Configuration version=3.0.42
2026-06-05 20:11:13,111 [INFO] ApiDb:670 - CubeFinder database generation date=2026-05-14 (1778746352)
2026-06-05 20:11:13,112 [INFO] ApiDb:671 - CubeFinder database FW Pack versions=[FP-ATR-ASTRA1_V2.0.0, FP-SNS-FLIGHT1_V5.1.0, FP-SNS-MOTENV1_V5.1.0, FP-SNS-MOTENVWB1_V1.5.0, FP-SNS-SMARTAG2_V1.2.0, FP-SNS-STBOX1_V2.1.0, STM32Cube_FW_C0_V1.4.0, STM32Cube_FW_F4_V1.28.3, STM32Cube_FW_F7_V1.17.4, STM32Cube_FW_G0_V1.6.3, STM32Cube_FW_G4_V1.6.2, STM32Cube_FW_H5_V1.6.0, STM32Cube_FW_H7RS_V1.3.0, STM32Cube_FW_H7_V1.13.0, STM32Cube_FW_L0_V1.12.2, STM32Cube_FW_L4_V1.18.2, STM32Cube_FW_L5_V1.6.0, STM32Cube_FW_N6_V1.3.0, STM32Cube_FW_U0_V1.3.0, STM32Cube_FW_U3_V1.3.0, STM32Cube_FW_U5_V1.8.0, STM32Cube_FW_WB0_V1.4.0, STM32Cube_FW_WBA_V1.9.0, STM32Cube_FW_WB_V1.24.0, STM32Cube_FW_WL3_V1.4.0, STM32Cube_FW_WL_V1.5.0, X-CUBE-ALGOBUILD_V1.4.0, X-CUBE-ALS_V1.0.2, X-CUBE-AZRTOS-F4_V1.1.0, X-CUBE-AZRTOS-F7_V1.1.0, X-CUBE-AZRTOS-G0_V1.1.0, X-CUBE-AZRTOS-G4_V2.0.0, X-CUBE-AZRTOS-H7RS_V1.1.0, X-CUBE-AZRTOS-H7_V3.5.0, X-CUBE-AZRTOS-L4_V2.0.0, X-CUBE-AZRTOS-L5_V2.0.0, X-CUBE-AZRTOS-WB_V2.0.0, X-CUBE-AZRTOS-WL_V2.0.0, X-CUBE-BLE1_V7.1.0, X-CUBE-BLE2_V3.3.0, X-CUBE-BLEMGR_V4.1.0, X-CUBE-EEPRMA1_V5.2.0, X-CUBE-FREERTOS_V1.5.0, X-CUBE-GNSS1_V7.1.1, X-CUBE-MEMS1_V12.1.0, X-CUBE-NFC4_V3.0.0, X-CUBE-NFC7_V2.0.0, X-CUBE-SFXS2LP1_V4.0.0, X-CUBE-ST67W61_V1.3.0, X-CUBE-SUBG2_V5.0.0, X-CUBE-TOF1_V3.4.3]
2026-06-05 20:11:13,145 [INFO] DbBoardsSqlite:226 - include board P-NUCLEO-WB55-NUCLEO as a kit item of type 'Nucleo-64'
2026-06-05 20:11:13,145 [INFO] DbBoardsSqlite:226 - include board P-NUCLEO-WB55-USBDONGLE as a kit item of type 'Nucleo USB Dongle'
2026-06-05 20:11:13,145 [INFO] DbBoardsSqlite:226 - include board STEVAL-IDP005V1 as a kit item of type 'Evaluation Board'
2026-06-05 20:11:13,145 [INFO] DbBoardsSqlite:226 - include board STEVAL-IDP005V2 as a kit item of type 'Evaluation Board'
2026-06-05 20:11:13,198 [INFO] ApiDb:240 - Found 880 in-development CPN: [B-G473E-ZEST1S, B-WB1M-WPAN1, B-WBA5M-WPAN, B-WL5M-SUBG1, NUCLEO-C031C6, NUCLEO-C051C8, NUCLEO-C071RB, NUCLEO-C092RC, NUCLEO-H503RB, NUCLEO-H533RE, NUCLEO-H563ZI, NUCLEO-H7S3L8, NUCLEO-N657X0-Q, NUCLEO-U031R8, NUCLEO-U083RC, NUCLEO-U385RG-Q, NUCLEO-U545RE-Q, NUCLEO-U5A5ZJ-Q, NUCLEO-WB05KZ, NUCLEO-WB07CC, NUCLEO-WB09KE, NUCLEO-WBA52CG, NUCLEO-WBA55CG, NUCLEO-WL33CC1, NUCLEO-WL33CC2, STEVAL-PROTEUS1, STEVAL-SMARTAG2, STEVAL-STWINBX1, STM320518-EVAL, STM32C0116-DK, STM32C011D6Y3TR, STM32C011D6Y6TR, STM32C011F4P3, STM32C011F4P6, STM32C011F4U3, STM32C011F4U6TR, STM32C011F6P3, STM32C011F6P6, STM32C011F6U3, STM32C011F6U6TR, STM32C011J4M3, STM32C011J4M6, STM32C011J6M3, STM32C011J6M6, STM32C0316-DK, STM32C031C4T3, STM32C031C4T6, STM32C031C4U3, STM32C031C4U6, STM32C031C6T3, STM32C031C6T6, STM32C031C6U3, STM32C031C6U6, STM32C031F4P3, STM32C031F4P6, STM32C031F6P3, STM32C031F6P6, STM32C031G4U3, STM32C031G4U6, STM32C031G6U3, STM32C031G6U6, STM32C031K4T3, STM32C031K4T6, STM32C031K4U3, STM32C031K4U6, STM32C031K6T3, STM32C031K6T6, STM32C031K6U3, STM32C031K6U6, STM32C051C6T6, STM32C051C6U6, STM32C051C8T6, STM32C051C8U6, STM32C051D8Y6TR, STM32C051F6P6, STM32C051F8P6, STM32C051G6U6, STM32C051G8U6, STM32C051K6T6, STM32C051K6U6, STM32C051K8T6, STM32C071C8T6, STM32C071C8T6N, STM32C071C8U6, STM32C071C8U6N, STM32C071CBT6, STM32C071CBT6N, STM32C071CBU6, STM32C071CBU6N, STM32C071F8P6, STM32C071F8P6N, STM32C071FBP6, STM32C071FBP6N, STM32C071FBY6TR, STM32C071G8U6, STM32C071G8U6N, STM32C071GBU6, STM32C071GBU6N, STM32C071K8T6, STM32C071K8T6N, STM32C071K8U6, STM32C071K8U6N, STM32C071KBT6, STM32C071KBT6N, STM32C071KBU6, STM32C071KBU6N, STM32C071R8T6, STM32C071R8T6N, STM32C071RBI6N, STM32C071RBT6, STM32C071RBT6N, STM32C091CBT6, STM32C091CBU6, STM32C091CCT6, STM32C091CCU6, STM32C091ECY6TR, STM32C091FBP6, STM32C091FCP6, STM32C091GBU6, STM32C091GCU6, STM32C091KBT6, STM32C091KBU6, STM32C091KCT6, STM32C091KCU6, STM32C091RBT6, STM32C091RCI6, STM32C091RCT6, STM32C092CBT6, STM32C092CBU6, STM32C092CCT6, STM32C092CCU6, STM32C092ECY6TR, STM32C092FBP6, STM32C092FCP6, STM32C092GBU6, STM32C092GCU6, STM32C092KBT6, STM32C092KBU6, STM32C092KCT6, STM32C092KCU6, STM32C092RBT6, STM32C092RCI6, STM32C092RCT6, STM32G071K8TXN, STM32G071K8UXN, STM32G081GBU6N, STM32G081KBT6N, STM32G081KBUXN, STM32G0B1CCT6N, STM32G0B1KCT6, STM32G0B1NEY6TR, STM32G0B1RCT6N, STM32G0C1CCT6, STM32G0C1CCT6N, STM32G0C1CCU6N, STM32G0C1CET6N, STM32G0C1CEU6N, STM32G0C1KCT6, STM32G0C1NEY6TR, STM32G0C1RCI6N, STM32G0C1RCT6N, STM32G0C1REI6N, STM32G0C1RET6N, STM32G0C1VCI6, STM32G0C1VEI6, STM32G411C6T3, STM32G411C6T6, STM32G411C6U3, STM32G411C6U6, STM32G411C8T3, STM32G411C8T6, STM32G411C8U3, STM32G411C8U6, STM32G411CBT3, STM32G411CBT6, STM32G411CBU3, STM32G411CBU6, STM32G411K6T3, STM32G411K6T6, STM32G411K6U3, STM32G411K6U6, STM32G411K8T3, STM32G411K8T6, STM32G411K8U3, STM32G411K8U6, STM32G411KBT3, STM32G411KBT6, STM32G411KBU3, STM32G411KBU6, STM32G411M6T3, STM32G411M6T6, STM32G411M8T3, STM32G411M8T6, STM32G411MBT3, STM32G411MBT6, STM32G411R6T3, STM32G411R6T6, STM32G411R8T3, STM32G411R8T6, STM32G411RBT3, STM32G411RBT6, STM32G414CBT3, STM32G414CBT6, STM32G414CBU3, STM32G414CBU6, STM32G414CCT3, STM32G414CCT6, STM32G414CCU3, STM32G414CCU6, STM32G414MBT3, STM32G414MBT6, STM32G414MCT3, STM32G414MCT6, STM32G414RBT3, STM32G414RBT6, STM32G414RCT3, STM32G414RCT6, STM32G414VBT3, STM32G414VBT6, STM32G414VCT3, STM32G414VCT6, STM32G431CBT3Z, STM32G431RBT3Z, STM32G471CCT6, STM32G471CCU6, STM32G471CET3, STM32G471CET6, STM32G471CEU3, STM32G471CEU6, STM32G471MCT6, STM32G471MET3, STM32G471MET6, STM32G471MEY6TR, STM32G471QCT6, STM32G471QET3, STM32G471RCT6, STM32G471RET3, STM32G471RET6, STM32G471VCH6, STM32G471VCI6, STM32G471VCT6, STM32G471VEH3, STM32G471VEH6, STM32G471VEI3, STM32G471VEI6, STM32G471VET3, STM32G471VET6, STM32G473QET3Z, STM32G473RET3Z, STM32G474CCT6, STM32G491RET3Z, STM32H503CBT6, STM32H503CBU6, STM32H503EBY6TR, STM32H503KBU6, STM32H503RBT6, STM32H523CCT6, STM32H523CCU6, STM32H523CET6, STM32H523CEU6, STM32H523HEY6TR, STM32H523RCT6, STM32H523RET6, STM32H523VCI6, STM32H523VCT6, STM32H523VEI6, STM32H523VET6, STM32H523ZCJ6, STM32H523ZCT6, STM32H523ZEJ6, STM32H523ZET6, STM32H533CET6, STM32H533CEU6, STM32H533HEY6TR, STM32H533RET6, STM32H533VEI6, STM32H533VET6, STM32H533ZEJ6, STM32H533ZET6, STM32H562AGI6, STM32H562AII6, STM32H562IGK6, STM32H562IGT6, STM32H562IIK6, STM32H562IIT6, STM32H562RGT6, STM32H562RGV6, STM32H562RIT6, STM32H562RIV6, STM32H562VGT6, STM32H562VIT6, STM32H562ZGT6, STM32H562ZIT6, STM32H563AGI6, STM32H563AII3Q, STM32H563AII6, STM32H563IGK6, STM32H563IGT6, STM32H563IIK3Q, STM32H563IIK6, STM32H563IIT3Q, STM32H563IIT6, STM32H563MIY3QTR, STM32H563RGT6, STM32H563RGV6, STM32H563RIT6, STM32H563RIV6, STM32H563VGT6, STM32H563VIT3Q, STM32H563VIT6, STM32H563ZGT6, STM32H563ZIT3Q, STM32H563ZIT6, STM32H573AII3Q, STM32H573AII6, STM32H573I-DK, STM32H573IIK3Q, STM32H573IIK6, STM32H573IIT3Q, STM32H573IIT6, STM32H573MIY3QTR, STM32H573RIT6, STM32H573RIV6, STM32H573VIT3Q, STM32H573VIT6, STM32H573ZIT3Q, STM32H573ZIT6, STM32H7R3A8I6, STM32H7R3I8K6, STM32H7R3I8T6, STM32H7R3L8H6, STM32H7R3L8H6H, STM32H7R3R8V6, STM32H7R3V8H6, STM32H7R3V8T6, STM32H7R3V8Y6TR, STM32H7R3Z8J6, STM32H7R3Z8T6, STM32H7R7A8I6, STM32H7R7I8K6, STM32H7R7I8T6, STM32H7R7L8H6, STM32H7R7L8H6H, STM32H7R7Z8J6, STM32H7S3A8I6, STM32H7S3I8K6, STM32H7S3I8T6, STM32H7S3L8H6, STM32H7S3L8H6H, STM32H7S3R8V6, STM32H7S3V8H6, STM32H7S3V8T6, STM32H7S3V8Y6TR, STM32H7S3Z8J6, STM32H7S3Z8T6, STM32H7S78-DK, STM32H7S7A8I6, STM32H7S7I8K6, STM32H7S7I8T6, STM32H7S7L8H6, STM32H7S7L8H6H, STM32H7S7Z8J6, STM32L4R5QGI6STR, STM32MP131AAE3, STM32MP131AAF3, STM32MP131AAG3, STM32MP131CAE3, STM32MP131CAF3, STM32MP131CAG3, STM32MP131DAE7, STM32MP131DAF7, STM32MP131DAG7, STM32MP131FAE7, STM32MP131FAF7, STM32MP131FAG7, STM32MP133AAE3, STM32MP133AAF3, STM32MP133AAG3, STM32MP133CAE3, STM32MP133CAF3, STM32MP133CAG3, STM32MP133DAE7, STM32MP133DAF7, STM32MP133DAG7, STM32MP133FAE7, STM32MP133FAF7, STM32MP133FAG7, STM32MP135AAE3, STM32MP135AAF3, STM32MP135AAG3, STM32MP135CAE3, STM32MP135CAF3, STM32MP135CAG3, STM32MP135DAE7, STM32MP135DAF7, STM32MP135DAG7, STM32MP135F-DK, STM32MP135FAE7, STM32MP135FAF7, STM32MP135FAF7T, STM32MP135FAF7U, STM32MP135FAG7, STM32MP211AAL3, STM32MP211AAM3, STM32MP211AAN3, STM32MP211AAO3, STM32MP211CAL3, STM32MP211CAM3, STM32MP211CAN3, STM32MP211CAO3, STM32MP211DAL3, STM32MP211DAM3, STM32MP211DAN3, STM32MP211DAO3, STM32MP211FAL3, STM32MP211FAM3, STM32MP211FAN3, STM32MP211FAO3, STM32MP213AAL3, STM32MP213AAM3, STM32MP213AAN3, STM32MP213AAO3, STM32MP213CAL3, STM32MP213CAM3, STM32MP213CAN3, STM32MP213CAO3, STM32MP213DAL3, STM32MP213DAM3, STM32MP213DAN3, STM32MP213DAO3, STM32MP213FAL3, STM32MP213FAM3, STM32MP213FAN3, STM32MP213FAO3, STM32MP215AAL3, STM32MP215AAM3, STM32MP215AAN3, STM32MP215AAO3, STM32MP215CAL3, STM32MP215CAM3, STM32MP215CAN3, STM32MP215CAO3, STM32MP215DAL3, STM32MP215DAM3, STM32MP215DAN3, STM32MP215DAO3, STM32MP215F-DK, STM32MP215FAL3, STM32MP215FAM3, STM32MP215FAN3, STM32MP215FAO3, STM32MP231AAJ3, STM32MP231AAK3, STM32MP231AAL3, STM32MP231CAJ3, STM32MP231CAK3, STM32MP231CAL3, STM32MP231DAJ3, STM32MP231DAK3, STM32MP231DAL3, STM32MP231FAJ3, STM32MP231FAK3, STM32MP231FAL3, STM32MP233AAJ3, STM32MP233AAK3, STM32MP233AAL3, STM32MP233CAJ3, STM32MP233CAK3, STM32MP233CAL3, STM32MP233DAJ3, STM32MP233DAK3, STM32MP233DAL3, STM32MP233FAJ3, STM32MP233FAK3, STM32MP233FAL3, STM32MP235AAJ3, STM32MP235AAK3, STM32MP235AAL3, STM32MP235CAJ3, STM32MP235CAK3, STM32MP235CAL3, STM32MP235DAJ3, STM32MP235DAK3, STM32MP235DAL3, STM32MP235FAJ3, STM32MP235FAK3, STM32MP235FAL3, STM32MP251AAI3, STM32MP251AAK3, STM32MP251AAL3, STM32MP251CAI3, STM32MP251CAK3, STM32MP251CAL3, STM32MP251DAI3, STM32MP251DAK3, STM32MP251DAL3, STM32MP251FAI3, STM32MP251FAK3, STM32MP251FAL3, STM32MP253AAI3, STM32MP253AAK3, STM32MP253AAL3, STM32MP253CAI3, STM32MP253CAK3, STM32MP253CAL3, STM32MP253DAI3, STM32MP253DAK3, STM32MP253DAL3, STM32MP253FAI3, STM32MP253FAK3, STM32MP253FAL3, STM32MP255AAI3, STM32MP255AAK3, STM32MP255AAL3, STM32MP255CAI3, STM32MP255CAK3, STM32MP255CAL3, STM32MP255DAI3, STM32MP255DAK3, STM32MP255DAL3, STM32MP255FAI3, STM32MP255FAK3, STM32MP255FAL3, STM32MP257AAI3, STM32MP257AAK3, STM32MP257AAL3, STM32MP257CAI3, STM32MP257CAK3, STM32MP257CAL3, STM32MP257DAI3, STM32MP257DAK3, STM32MP257DAL3, STM32MP257F-DK, STM32MP257F-EV1, STM32MP257FAI3, STM32MP257FAK3, STM32MP257FAL3, STM32N645A0H3Q, STM32N645B0H3Q, STM32N645I0H3Q, STM32N645L0H3Q, STM32N645X0H3Q, STM32N645Z0H3Q, STM32N647A0H3Q, STM32N647B0H3Q, STM32N647I0H3Q, STM32N647L0H3Q, STM32N647X0H3Q, STM32N647Z0H3Q, STM32N655A0H3Q, STM32N655B0H3Q, STM32N655I0H3Q, STM32N655L0H3Q, STM32N655X0H3Q, STM32N655Z0H3Q, STM32N6570-DK, STM32N657A0H3Q, STM32N657B0H3Q, STM32N657I0H3Q, STM32N657L0H3Q, STM32N657X0H3Q, STM32N657Z0H3Q, STM32U031C6T6, STM32U031C6U6, STM32U031C8T6, STM32U031C8U6, STM32U031F4P6, STM32U031F6P6, STM32U031F8P6, STM32U031G6Y6TR, STM32U031G8Y6TR, STM32U031K4U6, STM32U031K6U6, STM32U031K8U6, STM32U031R6I6, STM32U031R6T6, STM32U031R8I6, STM32U031R8T6, STM32U073C8T6, STM32U073C8U6, STM32U073CBT6, STM32U073CBU6, STM32U073CCT6, STM32U073CCU6, STM32U073H8Y6TR, STM32U073HBY6TR, STM32U073HCY6TR, STM32U073K8U6, STM32U073KBU6, STM32U073KCU6, STM32U073M8I6, STM32U073M8T6, STM32U073MBI6, STM32U073MBT6, STM32U073MCI6, STM32U073MCT6, STM32U073R8I6, STM32U073R8T6, STM32U073RBI6, STM32U073RBT6, STM32U073RCI6, STM32U073RCT6, STM32U083C-DK, STM32U083CCT6, STM32U083CCU6, STM32U083HCY6TR, STM32U083KCU6, STM32U083MCI6, STM32U083MCT6, STM32U083RCI6, STM32U083RCT6, STM32U375CET6, STM32U375CET6Q, STM32U375CEU6, STM32U375CEU6Q, STM32U375CEY6QTR, STM32U375CGT6, STM32U375CGT6Q, STM32U375CGU6, STM32U375CGU6Q, STM32U375CGY6QTR, STM32U375KEU6, STM32U375KGU6, STM32U375REI6, STM32U375REI6Q, STM32U375RET6, STM32U375RET6Q, STM32U375REY6GTR, STM32U375REY6QTR, STM32U375RGI6, STM32U375RGI6Q, STM32U375RGT6, STM32U375RGT6Q, STM32U375RGY6GTR, STM32U375RGY6QTR, STM32U375VEI6, STM32U375VEI6Q, STM32U375VET6, STM32U375VET6Q, STM32U375VGI6, STM32U375VGI6Q, STM32U375VGT6, STM32U375VGT6Q, STM32U385CGT6, STM32U385CGT6Q, STM32U385CGU6, STM32U385CGU6Q, STM32U385CGY6QTR, STM32U385KGU6, STM32U385RGI6, STM32U385RGI6Q, STM32U385RGT6, STM32U385RGT6Q, STM32U385RGY6GTR, STM32U385RGY6QTR, STM32U385VGI6, STM32U385VGI6Q, STM32U385VGT6, STM32U385VGT6Q, STM32U535CBT6, STM32U535CBT6Q, STM32U535CBU6, STM32U535CBU6Q, STM32U535CCT6, STM32U535CCT6Q, STM32U535CCU6, STM32U535CCU6Q, STM32U535CET6, STM32U535CET6Q, STM32U535CEU6, STM32U535CEU6Q, STM32U535JEY6QTR, STM32U535NCY6QTR, STM32U535NEY6QTR, STM32U535RBI6, STM32U535RBI6Q, STM32U535RBT6, STM32U535RBT6Q, STM32U535RCI6, STM32U535RCI6Q, STM32U535RCT6, STM32U535RCT6Q, STM32U535REI6, STM32U535REI6Q, STM32U535RET6, STM32U535RET6Q, STM32U535VCI6, STM32U535VCI6Q, STM32U535VCT6, STM32U535VCT6Q, STM32U535VEI6, STM32U535VEI6Q, STM32U535VET6, STM32U535VET6Q, STM32U545CET6, STM32U545CET6Q, STM32U545CEU6, STM32U545CEU6Q, STM32U545JEY6QTR, STM32U545NEY6QTR, STM32U545REI6, STM32U545REI6Q, STM32U545RET6, STM32U545RET6Q, STM32U545VEI6, STM32U545VEI6Q, STM32U545VET6, STM32U545VET6Q, STM32U595AIH6, STM32U595AIH6Q, STM32U595AJH6, STM32U595AJH6Q, STM32U595QII6, STM32U595QII6Q, STM32U595QJI6, STM32U595QJI6Q, STM32U595RIT6, STM32U595RIT6Q, STM32U595RJT6, STM32U595RJT6Q, STM32U595VIT6, STM32U595VIT6Q, STM32U595VJT6, STM32U595VJT6Q, STM32U595ZIT6, STM32U595ZIT6Q, STM32U595ZIY6QTR, STM32U595ZJT6, STM32U595ZJT6Q, STM32U595ZJY6QTR, STM32U599BJY6QTR, STM32U599NIH6Q, STM32U599NJH6Q, STM32U599VIT6Q, STM32U599VJT6, STM32U599VJT6Q, STM32U599ZIT6Q, STM32U599ZIY6QTR, STM32U599ZJT6Q, STM32U599ZJY6QTR, STM32U5A5AJH6, STM32U5A5AJH6Q, STM32U5A5QII3Q , STM32U5A5QJI6, STM32U5A5QJI6Q, STM32U5A5RJT6, STM32U5A5RJT6Q, STM32U5A5VJT6, STM32U5A5VJT6Q, STM32U5A5ZJT6, STM32U5A5ZJT6Q, STM32U5A5ZJY6QTR, STM32U5A9BJY6QTR, STM32U5A9J-DK, STM32U5A9NJH6Q, STM32U5A9VJT6Q, STM32U5A9ZJT6Q, STM32U5A9ZJY6QTR, STM32U5F7VIT6, STM32U5F7VIT6Q, STM32U5F7VJT6, STM32U5F7VJT6Q, STM32U5F9BJY6QTR, STM32U5F9NJH6Q, STM32U5F9VIT6Q, STM32U5F9VJT6Q, STM32U5F9ZIJ6QTR, STM32U5F9ZIT6Q, STM32U5F9ZJJ6QTR, STM32U5F9ZJT6Q, STM32U5G7VJT6, STM32U5G7VJT6Q, STM32U5G9BJY6QTR, STM32U5G9J-DK1, STM32U5G9J-DK2, STM32U5G9NJH6Q, STM32U5G9VJT6Q, STM32U5G9ZJJ6QTR, STM32U5G9ZJT6Q, STM32WB05KZV6TR, STM32WB05KZV7TR, STM32WB05TZF6TR, STM32WB05TZF7TR, STM32WB06CCF6TR, STM32WB06CCF7TR, STM32WB06CCV6TR, STM32WB06CCV7TR, STM32WB06KCV6TR, STM32WB06KCV7TR, STM32WB07CCF6TR, STM32WB07CCF7TR, STM32WB07CCV6TR, STM32WB07CCV7TR, STM32WB07KCV6TR, STM32WB07KCV7TR, STM32WB09KEV6TR, STM32WB09KEV7TR, STM32WB09TEF6TR, STM32WB09TEF7TR, STM32WB1MMCH6, STM32WBA50KGU6, STM32WBA50KGU6TR, STM32WBA52CEU6, STM32WBA52CEU6TR, STM32WBA52CEU7, STM32WBA52CEU7TR, STM32WBA52CGU6, STM32WBA52CGU6TR, STM32WBA52CGU6U, STM32WBA52CGU7, STM32WBA52CGU7TR, STM32WBA52KEU6, STM32WBA52KEU6TR, STM32WBA52KGU6, STM32WBA52KGU6TR, STM32WBA54CEU6, STM32WBA54CEU6TR, STM32WBA54CEU7, STM32WBA54CEU7TR, STM32WBA54CGU6, STM32WBA54CGU6TR, STM32WBA54CGU7, STM32WBA54CGU7TR, STM32WBA54KEU6, STM32WBA54KEU6TR, STM32WBA54KEU7, STM32WBA54KEU7TR, STM32WBA54KGU6, STM32WBA54KGU6TR, STM32WBA54KGU7, STM32WBA54KGU7TR, STM32WBA55CEU6, STM32WBA55CEU6TR, STM32WBA55CEU7, STM32WBA55CEU7TR, STM32WBA55CGU6, STM32WBA55CGU6TR, STM32WBA55CGU6U, STM32WBA55CGU7, STM32WBA55CGU7TR, STM32WBA55G-DK1, STM32WBA55HEF6, STM32WBA55HEF7, STM32WBA55HGF6, STM32WBA55HGF7, STM32WBA55UEI6, STM32WBA55UEI6TR, STM32WBA55UEI7, STM32WBA55UEI7TR, STM32WBA55UGI6, STM32WBA55UGI6TR, STM32WBA55UGI7, STM32WBA55UGI7TR, STM32WBA5MMGH6TR, STM32WBA62MGF6, STM32WBA62MIF6, STM32WBA65MGF7, STM32WBA65MIF6, STM32WBA65MIF7, STM32WL30K8V6, STM32WL30KBV6, STM32WL31C8V6, STM32WL31CBV6, STM32WL31K8V6, STM32WL31KBV6, STM32WL33C8V6, STM32WL33C8V6X, STM32WL33CBV6, STM32WL33CBV6X, STM32WL33CCV6, STM32WL33CCV6A, STM32WL33CCV6X, STM32WL33K8V7, STM32WL33K8V7X, STM32WL33KBV7 , STM32WL33KBV7X, STM32WL33KCV7, STM32WL33KCV7X, STM32WL5MOCH6, STM32WL5MOCH6TR]
2026-06-05 20:11:13,261 [INFO] BoardInfo:889 - No configuration file found for board NUCLEO-H5E5ZJ
2026-06-05 20:11:13,261 [INFO] DbBoards:161 - Board is not supported: NUCLEO-H5E5ZJ
2026-06-05 20:11:13,285 [INFO] BoardInfo:889 - No configuration file found for board NUCLEO-U3C5ZI-Q
2026-06-05 20:11:13,286 [INFO] DbBoards:161 - Board is not supported: NUCLEO-U3C5ZI-Q
2026-06-05 20:11:13,292 [INFO] BoardInfo:889 - No configuration file found for board NUCLEO-WBA25CE1
2026-06-05 20:11:13,293 [INFO] DbBoards:161 - Board is not supported: NUCLEO-WBA25CE1
2026-06-05 20:11:13,297 [INFO] BoardInfo:889 - No configuration file found for board NUCLEO-WL3RKB1
2026-06-05 20:11:13,297 [INFO] DbBoards:161 - Board is not supported: NUCLEO-WL3RKB1
2026-06-05 20:11:13,297 [INFO] BoardInfo:889 - No configuration file found for board NUCLEO-WL3RKB2
2026-06-05 20:11:13,297 [INFO] DbBoards:161 - Board is not supported: NUCLEO-WL3RKB2
2026-06-05 20:11:13,300 [INFO] BoardInfo:889 - No configuration file found for board P-NUCLEO-WB55
2026-06-05 20:11:13,301 [INFO] DbBoards:161 - Kit is not supported: P-NUCLEO-WB55
2026-06-05 20:11:13,304 [INFO] BoardInfo:889 - No configuration file found for board STEVAL-BFA001V1B
2026-06-05 20:11:13,304 [INFO] DbBoards:161 - Kit is not supported: STEVAL-BFA001V1B
2026-06-05 20:11:13,305 [INFO] BoardInfo:889 - No configuration file found for board STEVAL-BFA001V2B
2026-06-05 20:11:13,305 [INFO] DbBoards:161 - Kit is not supported: STEVAL-BFA001V2B
2026-06-05 20:11:13,348 [INFO] BoardInfo:889 - No configuration file found for board STM32H5F5J-DK
2026-06-05 20:11:13,348 [INFO] DbBoards:161 - Board is not supported: STM32H5F5J-DK
2026-06-05 20:11:13,379 [INFO] DbBoards:168 - Found 218 boards, 209 are supported
2026-06-05 20:11:13,379 [INFO] DbBoards:169 - Found 218 boards, 43 of them is supported for  Bsp
2026-06-05 20:11:13,382 [INFO] ApiDb:423 - Load user favorites file C:\Users\Josh/.stm32cubeide/favorites.boards.txt: 0 item(s)
2026-06-05 20:11:13,382 [INFO] ApiDb:427 - User favorites Boards=[]
2026-06-05 20:11:13,382 [INFO] DbBoards:198 - Set 0 / 0 favorites Boards
2026-06-05 20:11:13,382 [INFO] McuFinderGlobals:76 - Set McuFinderConnectedMode to true
2026-06-05 20:11:13,387 [INFO] MultiScanPanel:200 - Auto-refresh data requested => check proxy status ongoing
2026-06-05 20:11:13,389 [INFO] FinderPluginLoader:96 - Searching for filters in installed packs
2026-06-05 20:11:14,377 [INFO] ServerAccessManage:452 - Complete download http(s) 200
2026-06-05 20:11:14,377 [INFO] ServerAccessManage:509 - Download File 
2026-06-05 20:11:14,398 [INFO] LoadUrlFilesThread:185 - End of LoadServerUrlFiles without Thread
2026-06-05 20:11:14,424 [INFO] DetailPanel:341 - Set advertising image to C:/Users/Josh/STM32Cube/Repository/\en.prom-stm32wl3r-0526.jpg
2026-06-05 20:11:32,686 [INFO] MultiScanPanel:200 - Auto-refresh data requested => check proxy status ongoing
2026-06-05 20:11:32,834 [INFO] LoadUrlFilesThread:185 - End of LoadServerUrlFiles without Thread
2026-06-05 20:11:32,834 [INFO] DetailPanel:341 - Set advertising image to C:/Users/Josh/STM32Cube/Repository/\en.prom-stm32wl3r-0526.jpg
2026-06-05 20:11:32,843 [INFO] DbBoards:642 - Loading board mini-images...
2026-06-05 20:11:34,465 [INFO] DbBoards:665 - Loaded 218 board mini-images
2026-06-05 20:12:30,994 [INFO] MainUpdater:2872 - connection check result : 10
2026-06-05 20:12:30,995 [INFO] MainUpdater:2872 - connection check result : 10
2026-06-05 20:12:32,924 [INFO] MicroXplorer:468 - Change Database Path : 
2026-06-05 20:12:32,925 [INFO] MicroXplorer:498 - Change Database Version : DB.6.0.150
2026-06-05 20:12:32,929 [WARN] ThirdParty:871 - waiting for thirdparty lock release [close project]
2026-06-05 20:12:32,929 [INFO] ThirdParty:873 - entering critical section [close project]
2026-06-05 20:12:32,930 [INFO] ThirdParty:883 - exiting critical section [close project]
2026-06-05 20:12:32,931 [INFO] PinOutPanel:1589 - setPackage(No Configuration,No Configuration)
2026-06-05 20:12:32,932 [INFO] UtilMem:75 - Begin LoadConfig() Used Memory: 834115352 Bytes (1073741824)
2026-06-05 20:12:32,933 [INFO] MicroXplorer:468 - Change Database Path : 
2026-06-05 20:12:32,933 [INFO] MicroXplorer:498 - Change Database Version : DB.6.0.150
2026-06-05 20:12:32,933 [INFO] OpenFileManager:355 - Change cursor
2026-06-05 20:12:32,978 [INFO] Mcu:2029 - Initializing MCU STM32H743VITx STM32H743VITx STM32H743VIT6
2026-06-05 20:12:35,372 [INFO] Context:786 - Trying to add GPIOservice into a context  which must be forbidden
2026-06-05 20:12:36,307 [INFO] ImportTextPane:234 - (OptionalMessage_ERROR) Unable to find key (Mcu.ThirdPartyNb) in loaded IOC file
2026-06-05 20:12:36,308 [INFO] ImportTextPane:234 - (OptionalMessage_ERROR) Unable to find key (Mcu.PinsNb) in loaded IOC file
2026-06-05 20:12:36,309 [INFO] ImportTextPane:234 - (OptionalMessage_ERROR) Pin0 (VP_RIF_VS_RIF1) cannot be retrieved for this MCU
2026-06-05 20:12:36,310 [INFO] ImportTextPane:234 - (OptionalMessage_ERROR) Unable to find key (Mcu.IPNb) in loaded IOC file
2026-06-05 20:12:36,376 [INFO] RtosManager:558 - Registered RTOS mode: class=CMSIS, group=RTOS, mode=CMSIS_V1, owner=FREERTOS
2026-06-05 20:12:36,376 [INFO] RtosManager:558 - Registered RTOS mode: class=CMSIS, group=RTOS2, mode=CMSIS_V2, owner=FREERTOS
2026-06-05 20:12:36,377 [INFO] RtosManager:558 - Registered RTOS mode: class=RTOS, group=Core, mode=CMSIS_V1, owner=FREERTOS
2026-06-05 20:12:36,377 [INFO] RtosManager:558 - Registered RTOS mode: class=RTOS, group=Core, mode=CMSIS_V2, owner=FREERTOS
2026-06-05 20:12:36,377 [WARN] ModelIntegratedComponent:184 - Missing modes for component STMicroelectronics:FreeRTOS:0.0.1:STMicroelectronics:RTOS:FreeRTOS:Core:::10.2.0:
2026-06-05 20:12:36,393 [WARN] ModelIntegratedComponent:63 - No mode defined for component null
2026-06-05 20:12:36,394 [WARN] ModelIntegratedComponent:63 - No mode defined for component null
2026-06-05 20:12:36,394 [WARN] ModelIntegratedComponent:63 - No mode defined for component null
2026-06-05 20:12:36,394 [WARN] ModelIntegratedComponent:63 - No mode defined for component null
2026-06-05 20:12:36,394 [WARN] ModelIntegratedComponent:63 - No mode defined for component null
2026-06-05 20:12:36,394 [WARN] ModelIntegratedComponent:63 - No mode defined for component null
2026-06-05 20:12:36,394 [WARN] ModelIntegratedComponent:63 - No mode defined for component null
2026-06-05 20:12:36,394 [WARN] ModelIntegratedComponent:63 - No mode defined for component null
2026-06-05 20:12:36,394 [WARN] ModelIntegratedComponent:63 - No mode defined for component null
2026-06-05 20:12:36,394 [WARN] ModelIntegratedComponent:63 - No mode defined for component null
2026-06-05 20:12:36,394 [WARN] ModelIntegratedComponent:63 - No mode defined for component null
2026-06-05 20:12:36,394 [WARN] ModelIntegratedComponent:63 - No mode defined for component null
2026-06-05 20:12:36,394 [WARN] ModelIntegratedComponent:63 - No mode defined for component null
2026-06-05 20:12:36,394 [WARN] ModelIntegratedComponent:63 - No mode defined for component null
2026-06-05 20:12:36,394 [WARN] ModelIntegratedComponent:63 - No mode defined for component null
2026-06-05 20:12:36,394 [WARN] ModelIntegratedComponent:63 - No mode defined for component null
2026-06-05 20:12:36,394 [WARN] ModelIntegratedComponent:63 - No mode defined for component null
2026-06-05 20:12:36,394 [WARN] ModelIntegratedComponent:63 - No mode defined for component null
2026-06-05 20:12:36,394 [WARN] ModelIntegratedComponent:63 - No mode defined for component null
2026-06-05 20:12:36,394 [WARN] ModelIntegratedComponent:63 - No mode defined for component null
2026-06-05 20:12:36,394 [WARN] ModelIntegratedComponent:63 - No mode defined for component null
2026-06-05 20:12:36,394 [WARN] ModelIntegratedComponent:63 - No mode defined for component null
2026-06-05 20:12:36,394 [WARN] ModelIntegratedComponent:63 - No mode defined for component null
2026-06-05 20:12:36,394 [WARN] ModelIntegratedComponent:63 - No mode defined for component null
2026-06-05 20:12:36,394 [WARN] ModelIntegratedComponent:63 - No mode defined for component null
2026-06-05 20:12:36,394 [WARN] ModelIntegratedComponent:63 - No mode defined for component null
2026-06-05 20:12:36,394 [WARN] ModelIntegratedComponent:63 - No mode defined for component null
2026-06-05 20:12:36,394 [WARN] ModelIntegratedComponent:63 - No mode defined for component null
2026-06-05 20:12:36,394 [WARN] ModelIntegratedComponent:63 - No mode defined for component null
2026-06-05 20:12:36,394 [WARN] ModelIntegratedComponent:63 - No mode defined for component null
2026-06-05 20:12:36,395 [WARN] ModelIntegratedComponent:63 - No mode defined for component null
2026-06-05 20:12:36,395 [WARN] ModelIntegratedComponent:63 - No mode defined for component null
2026-06-05 20:12:36,395 [WARN] ModelIntegratedComponent:63 - No mode defined for component null
2026-06-05 20:12:36,395 [WARN] ModelIntegratedComponent:63 - No mode defined for component null
2026-06-05 20:12:36,395 [WARN] ModelIntegratedComponent:63 - No mode defined for component null
2026-06-05 20:12:36,395 [WARN] ModelPack:524 - Component already loaded: STMicroelectronics:HAL Drivers:0.0.0:STMicroelectronics:Device:STMicro_Driver:XSPI:HAL::0.0.1:HAL_XSPI
2026-06-05 20:12:36,643 [INFO] ThirdPartyModel:298 - Start build external matchings
2026-06-05 20:12:37,395 [INFO] ThirdPartyModel:316 - End build external matchings
2026-06-05 20:12:37,868 [INFO] UtilMem:75 - End LoadConfig() Used Memory: 736646104 Bytes (1073741824)
2026-06-05 20:12:37,898 [WARN] ThirdParty:833 - waiting for thirdparty lock release [change project]
2026-06-05 20:12:37,898 [INFO] ThirdParty:835 - entering critical section [change project]
2026-06-05 20:12:37,898 [INFO] ThirdParty:1030 - CMSIS Pack Vendor :STMicroelectronics X-CUBE-AZRTOS-H7 3.5.0
2026-06-05 20:12:37,898 [INFO] ThirdParty:1030 - CMSIS Pack Vendor :STMicroelectronics X-CUBE-PM33A1 1.0.0
2026-06-05 20:12:37,898 [INFO] ThirdParty:1030 - CMSIS Pack Vendor :STMicroelectronics USBPD 4.1
2026-06-05 20:12:37,898 [INFO] ThirdParty:1030 - CMSIS Pack Vendor :STMicroelectronics USB_HOST 2.0.0
2026-06-05 20:12:37,898 [INFO] ThirdParty:1030 - CMSIS Pack Vendor :STMicroelectronics FP-SNS-MOTENVWB1 1.4.0
2026-06-05 20:12:37,898 [INFO] ThirdParty:1030 - CMSIS Pack Vendor :STMicroelectronics X-CUBE-AZRTOS-F4 1.1.0
2026-06-05 20:12:37,898 [INFO] ThirdParty:1030 - CMSIS Pack Vendor :STMicroelectronics LIBJPEG 8.0.0
2026-06-05 20:12:37,898 [INFO] ThirdParty:1030 - CMSIS Pack Vendor :STMicroelectronics FP-ATR-ASTRA1 2.0.2
2026-06-05 20:12:37,898 [INFO] ThirdParty:1030 - CMSIS Pack Vendor :Avnet-IotConnect X-CUBE-IoTC-DA16k-PMOD 1.0.0
2026-06-05 20:12:37,898 [INFO] ThirdParty:1030 - CMSIS Pack Vendor :STMicroelectronics X-CUBE-SMBUS 2.1.0
2026-06-05 20:12:37,898 [INFO] ThirdParty:1030 - CMSIS Pack Vendor :STMicroelectronics X-CUBE-ISPU 2.1.0
2026-06-05 20:12:37,898 [INFO] ThirdParty:1030 - CMSIS Pack Vendor :STMicroelectronics eDS-WB_DPC_TT-BIDIR 2.1.1
2026-06-05 20:12:37,898 [INFO] ThirdParty:1030 - CMSIS Pack Vendor :STMicroelectronics X-CUBE-ST60 1.0.0
2026-06-05 20:12:37,898 [INFO] ThirdParty:1030 - CMSIS Pack Vendor :STMicroelectronics X-CUBE-NFC12 1.0.0
2026-06-05 20:12:37,898 [INFO] ThirdParty:1030 - CMSIS Pack Vendor :STMicroelectronics X-CUBE-AZRTOS-F7 1.1.0
2026-06-05 20:12:37,898 [INFO] ThirdParty:1030 - CMSIS Pack Vendor :STMicroelectronics X-CUBE-AZRTOS-L5 2.0.0
2026-06-05 20:12:37,898 [INFO] ThirdParty:1030 - CMSIS Pack Vendor :STMicroelectronics USB_DEVICE 2.0.0
2026-06-05 20:12:37,898 [INFO] ThirdParty:1030 - CMSIS Pack Vendor :STMicroelectronics X-CUBE-NFC6 3.1.0
2026-06-05 20:12:37,898 [INFO] ThirdParty:1030 - CMSIS Pack Vendor :STMicroelectronics X-CUBE-ALGOBUILD 1.5.0
2026-06-05 20:12:37,898 [INFO] ThirdParty:1030 - CMSIS Pack Vendor :STMicroelectronics FP-SNS-MOTENV1 5.1.0
2026-06-05 20:12:37,898 [INFO] ThirdParty:1030 - CMSIS Pack Vendor :STMicroelectronics FreeRTOS 0.0.1
2026-06-05 20:12:37,898 [INFO] ThirdParty:1030 - CMSIS Pack Vendor :STMicroelectronics eDS-WB_DPC_VIENNA 1.2.0
2026-06-05 20:12:37,898 [INFO] ThirdParty:1030 - CMSIS Pack Vendor :STMicroelectronics eDS-WB_DPC_3PH2L-BIDIR 1.1.1
2026-06-05 20:12:37,898 [INFO] ThirdParty:1030 - CMSIS Pack Vendor :Infineon AIROC-Wi-Fi-Bluetooth-STM32 1.7.1
2026-06-05 20:12:37,898 [INFO] ThirdParty:1030 - CMSIS Pack Vendor :STMicroelectronics PDM2PCM 3.3.0
2026-06-05 20:12:37,898 [INFO] ThirdParty:1030 - CMSIS Pack Vendor :STMicroelectronics X-CUBE-AZRTOS-H7 3.4.0
2026-06-05 20:12:37,898 [INFO] ThirdParty:1030 - CMSIS Pack Vendor :STMicroelectronics X-CUBE-DISPLAY 3.0.0
2026-06-05 20:12:37,898 [INFO] ThirdParty:1030 - CMSIS Pack Vendor :STMicroelectronics X-CUBE-GNSS1 7.1.1
2026-06-05 20:12:37,899 [INFO] ThirdParty:1030 - CMSIS Pack Vendor :STMicroelectronics FP-SNS-MOTENVWB1 1.5.0
2026-06-05 20:12:37,899 [INFO] ThirdParty:1030 - CMSIS Pack Vendor :STMicroelectronics X-CUBE-NFC10 1.0.0
2026-06-05 20:12:37,899 [INFO] ThirdParty:1030 - CMSIS Pack Vendor :STMicroelectronics X-CUBE-BLEMGR 4.0.0
2026-06-05 20:12:37,899 [INFO] ThirdParty:1030 - CMSIS Pack Vendor :STMicroelectronics X-CUBE-FREERTOS 1.3.1
2026-06-05 20:12:37,899 [INFO] ThirdParty:1030 - CMSIS Pack Vendor :STMicroelectronics HAL Drivers 0.0.0
2026-06-05 20:12:37,899 [INFO] ThirdParty:1030 - CMSIS Pack Vendor :emotas I-CUBE-CANOPEN 1.3.0
2026-06-05 20:12:37,899 [INFO] ThirdParty:1030 - CMSIS Pack Vendor :STMicroelectronics MBEDTLS 2.14.1
2026-06-05 20:12:37,899 [INFO] ThirdParty:1030 - CMSIS Pack Vendor :STMicroelectronics X-CUBE-GNSS1 7.1.0
2026-06-05 20:12:37,899 [INFO] ThirdParty:1030 - CMSIS Pack Vendor :STMicroelectronics X-CUBE-TOUCHGFX 4.26.0
2026-06-05 20:12:37,899 [INFO] ThirdParty:1030 - CMSIS Pack Vendor :STMicroelectronics X-CUBE-TOUCHGFX 4.26.1
2026-06-05 20:12:37,899 [INFO] ThirdParty:1030 - CMSIS Pack Vendor :quantropi X-CUBE-qispace-sdk-base 2.0.0
2026-06-05 20:12:37,899 [INFO] ThirdParty:1030 - CMSIS Pack Vendor :STMicroelectronics FP-SNS-STBOX1 2.1.0
2026-06-05 20:12:37,899 [INFO] ThirdParty:1030 - CMSIS Pack Vendor :STMicroelectronics FP-SNS-STAIOTCFT 1.0.0
2026-06-05 20:12:37,899 [INFO] ThirdParty:1030 - CMSIS Pack Vendor :STMicroelectronics FP-SNS-SMARTAG2 1.2.0
2026-06-05 20:12:37,899 [INFO] ThirdParty:1030 - CMSIS Pack Vendor :STMicroelectronics FP-SNS-FLIGHT1 5.1.0
2026-06-05 20:12:37,899 [INFO] ThirdParty:1030 - CMSIS Pack Vendor :STMicroelectronics X-CUBE-AZRTOS-WL 2.0.0
2026-06-05 20:12:37,899 [INFO] ThirdParty:1030 - CMSIS Pack Vendor :STMicroelectronics X-CUBE-DPower 1.3.0
2026-06-05 20:12:37,899 [INFO] ThirdParty:1030 - CMSIS Pack Vendor :STMicroelectronics FP-SNS-MOTENV1 5.0.0
2026-06-05 20:12:37,899 [INFO] ThirdParty:1030 - CMSIS Pack Vendor :STMicroelectronics USB_DEVICE 1.0.0
2026-06-05 20:12:37,899 [INFO] ThirdParty:1030 - CMSIS Pack Vendor :STMicroelectronics X-CUBE-AZRTOS-H7RS 1.2.0
2026-06-05 20:12:37,899 [INFO] ThirdParty:1030 - CMSIS Pack Vendor :STMicroelectronics X-CUBE-AZRTOS-L4 2.0.0
2026-06-05 20:12:37,899 [INFO] ThirdParty:1030 - CMSIS Pack Vendor :STMicroelectronics ThreadX 0.0.2
2026-06-05 20:12:37,899 [INFO] ThirdParty:1030 - CMSIS Pack Vendor :WES I-CUBE-Cesium 1.3.0
2026-06-05 20:12:37,899 [INFO] ThirdParty:1030 - CMSIS Pack Vendor :STMicroelectronics lwIP 2.1.2
2026-06-05 20:12:37,899 [INFO] ThirdParty:1030 - CMSIS Pack Vendor :STMicroelectronics X-CUBE-SFXS2LP1 4.0.0
2026-06-05 20:12:37,899 [INFO] ThirdParty:1030 - CMSIS Pack Vendor :STMicroelectronics X-CUBE-BLE2 3.3.0
2026-06-05 20:12:37,899 [INFO] ThirdParty:1030 - CMSIS Pack Vendor :Avnet-IOTCONNECT X-CUBE-iotc-st67-sdk 1.0.0
2026-06-05 20:12:37,899 [INFO] ThirdParty:1030 - CMSIS Pack Vendor :STMicroelectronics PDM2PCM 3.2.0
2026-06-05 20:12:37,899 [INFO] ThirdParty:1030 - CMSIS Pack Vendor :STMicroelectronics X-CUBE-WB05N 2.1.0
2026-06-05 20:12:37,899 [INFO] ThirdParty:1030 - CMSIS Pack Vendor :STMicroelectronics X-CUBE-ST67W61 1.2.0
2026-06-05 20:12:37,899 [INFO] ThirdParty:1030 - CMSIS Pack Vendor :STMicroelectronics X-CUBE-NFC9 1.0.0
2026-06-05 20:12:37,899 [INFO] ThirdParty:1030 - CMSIS Pack Vendor :wolfSSL I-CUBE-wolfSSL 5.8.0
2026-06-05 20:12:37,899 [INFO] ThirdParty:1030 - CMSIS Pack Vendor :STMicroelectronics X-CUBE-BLE1 7.1.0
2026-06-05 20:12:37,899 [INFO] ThirdParty:1030 - CMSIS Pack Vendor :wolfSSL I-CUBE-wolfMQTT 1.19.2
2026-06-05 20:12:37,899 [INFO] ThirdParty:1030 - CMSIS Pack Vendor :STMicroelectronics USB_DEVICE 3.0.0
2026-06-05 20:12:37,899 [INFO] ThirdParty:1030 - CMSIS Pack Vendor :STMicroelectronics X-CUBE-FREERTOS 1.4.0
2026-06-05 20:12:37,899 [INFO] ThirdParty:1030 - CMSIS Pack Vendor :STMicroelectronics X-CUBE-EEPRMA1 5.2.0
2026-06-05 20:12:37,899 [INFO] ThirdParty:1030 - CMSIS Pack Vendor :STMicroelectronics X-CUBE-BLEMGR 4.1.0
2026-06-05 20:12:37,899 [INFO] ThirdParty:1030 - CMSIS Pack Vendor :STMicroelectronics X-CUBE-AZRTOS-WB 2.0.0
2026-06-05 20:12:37,899 [INFO] ThirdParty:1030 - CMSIS Pack Vendor :STMicroelectronics X-CUBE-GNSS1 7.0.1
2026-06-05 20:12:37,899 [INFO] ThirdParty:1030 - CMSIS Pack Vendor :STMicroelectronics X-CUBE-TOUCHGFX 4.25.0
2026-06-05 20:12:37,900 [INFO] ThirdParty:1030 - CMSIS Pack Vendor :STMicroelectronics X-CUBE-AI 10.1.0
2026-06-05 20:12:37,900 [INFO] ThirdParty:1030 - CMSIS Pack Vendor :STMicroelectronics FP-SNS-STBOX1 2.0.0
2026-06-05 20:12:37,900 [INFO] ThirdParty:1030 - CMSIS Pack Vendor :STMicroelectronics FP-SNS-STAIOTCFT 1.1.0
2026-06-05 20:12:37,900 [INFO] ThirdParty:1030 - CMSIS Pack Vendor :STMicroelectronics X-CUBE-MEMS1 12.0.0
2026-06-05 20:12:37,900 [INFO] ThirdParty:1030 - CMSIS Pack Vendor :STMicroelectronics X-CUBE-STSE01 2.0.0
2026-06-05 20:12:37,900 [INFO] ThirdParty:1030 - CMSIS Pack Vendor :STMicroelectronics X-CUBE-AZRTOS-G0 1.1.0
2026-06-05 20:12:37,900 [INFO] ThirdParty:1030 - CMSIS Pack Vendor :STMicroelectronics X-CUBE-SAFEA1 1.2.2
2026-06-05 20:12:37,900 [INFO] ThirdParty:1030 - CMSIS Pack Vendor :STMicroelectronics X-CUBE-NFC4 3.0.0
2026-06-05 20:12:37,900 [INFO] ThirdParty:1030 - CMSIS Pack Vendor :STMicroelectronics X-CUBE-SUBG2 5.0.0
2026-06-05 20:12:37,900 [INFO] ThirdParty:1030 - CMSIS Pack Vendor :STMicroelectronics X-CUBE-AZRTOS-H7RS 1.1.0
2026-06-05 20:12:37,900 [INFO] ThirdParty:1030 - CMSIS Pack Vendor :STMicroelectronics STM32_WPAN 1.0.0
2026-06-05 20:12:37,900 [INFO] ThirdParty:1030 - CMSIS Pack Vendor :EmbeddedOffice I-CUBE-FS-RTOS 1.0.1
2026-06-05 20:12:37,900 [INFO] ThirdParty:1030 - CMSIS Pack Vendor :STMicroelectronics lwIP 2.0.3
2026-06-05 20:12:37,900 [INFO] ThirdParty:1030 - CMSIS Pack Vendor :Cesanta I-CUBE-Mongoose 7.13.0
2026-06-05 20:12:37,900 [INFO] ThirdParty:1030 - CMSIS Pack Vendor :STMicroelectronics USB_HOST 1.0.0
2026-06-05 20:12:37,900 [INFO] ThirdParty:1030 - CMSIS Pack Vendor :STMicroelectronics X-CUBE-AZRTOS-G4 2.0.0
2026-06-05 20:12:37,900 [INFO] ThirdParty:1030 - CMSIS Pack Vendor :STMicroelectronics X-CUBE-WB05N 2.0.0
2026-06-05 20:12:37,900 [INFO] ThirdParty:1030 - CMSIS Pack Vendor :STMicroelectronics PDM2PCM 3.1.0
2026-06-05 20:12:37,900 [INFO] ThirdParty:1030 - CMSIS Pack Vendor :wolfSSL I-CUBE-wolfTPM 3.8.0
2026-06-05 20:12:37,900 [INFO] ThirdParty:1030 - CMSIS Pack Vendor :wolfSSL I-CUBE-wolfSSH 1.4.20
2026-06-05 20:12:37,900 [INFO] ThirdParty:1030 - CMSIS Pack Vendor :STMicroelectronics X-CUBE-NFC7 2.0.0
2026-06-05 20:12:37,900 [INFO] ThirdParty:1030 - CMSIS Pack Vendor :STMicroelectronics X-CUBE-TCPP 4.2.0
2026-06-05 20:12:37,900 [INFO] ThirdParty:1030 - CMSIS Pack Vendor :RealThread X-CUBE-RT-Thread_Nano 4.1.1
2026-06-05 20:12:37,900 [INFO] ThirdParty:1030 - CMSIS Pack Vendor :STMicroelectronics FP-ATR-SIGFOX1 3.2.0
2026-06-05 20:12:37,900 [INFO] ThirdParty:1030 - CMSIS Pack Vendor :STMicroelectronics X-CUBE-EEPRMA1 5.1.0
2026-06-05 20:12:37,900 [INFO] ThirdParty:1030 - CMSIS Pack Vendor :STMicroelectronics X-CUBE-FREERTOS 1.5.0
2026-06-05 20:12:37,900 [INFO] ThirdParty:1030 - CMSIS Pack Vendor :STMicroelectronics MBEDTLS 2.16.2
2026-06-05 20:12:37,900 [INFO] ThirdParty:1030 - CMSIS Pack Vendor :STMicroelectronics X-CUBE-IPS 3.1.0
2026-06-05 20:12:37,900 [INFO] ThirdParty:1030 - CMSIS Pack Vendor :STMicroelectronics X-CUBE-ALS 1.0.2
2026-06-05 20:12:37,900 [INFO] ThirdParty:1030 - CMSIS Pack Vendor :ITTIA_DB I-CUBE-ITTIADB 8.9.0
2026-06-05 20:12:37,900 [INFO] ThirdParty:1030 - CMSIS Pack Vendor :STMicroelectronics X-CUBE-STSE01 1.0.0
2026-06-05 20:12:37,900 [INFO] ThirdParty:1030 - CMSIS Pack Vendor :portGmbH I-Cube-SoM-uGOAL 1.1.0
2026-06-05 20:12:37,900 [INFO] ThirdParty:1030 - CMSIS Pack Vendor :STMicroelectronics X-CUBE-NFC6 3.2.0
2026-06-05 20:12:37,900 [INFO] ThirdParty:1030 - CMSIS Pack Vendor :STMicroelectronics X-CUBE-ST67W61 1.0.0
2026-06-05 20:12:37,900 [INFO] ThirdParty:1030 - CMSIS Pack Vendor :STMicroelectronics X-CUBE-AI 10.2.0
2026-06-05 20:12:37,900 [INFO] ThirdParty:1030 - CMSIS Pack Vendor :STMicroelectronics ThreadX 1.0.0
2026-06-05 20:12:37,900 [INFO] ThirdParty:1030 - CMSIS Pack Vendor :STMicroelectronics X-CUBE-MEMS1 12.1.0
2026-06-05 20:12:37,900 [INFO] ThirdParty:1030 - CMSIS Pack Vendor :SEGGER I-CUBE-embOS 1.3.1
2026-06-05 20:12:37,900 [INFO] ThirdParty:1030 - CMSIS Pack Vendor :STMicroelectronics X-CUBE-ALGOBUILD 1.4.0
2026-06-05 20:12:37,900 [INFO] ThirdParty:1030 - CMSIS Pack Vendor :STMicroelectronics X-CUBE-MEMS1 11.3.0
2026-06-05 20:12:37,900 [INFO] ThirdParty:1030 - CMSIS Pack Vendor :STMicroelectronics X-CUBE-TOF1 3.4.3
2026-06-05 20:12:37,900 [INFO] ThirdParty:841 - exiting critical section [change project]
2026-06-05 20:12:38,274 [INFO] PinOutPanel:1589 - setPackage(No Configuration,No Configuration)
2026-06-05 20:12:38,275 [INFO] PinOutPanel:1589 - setPackage(STM32H743VITx,LQFP100)
2026-06-05 20:12:38,881 [INFO] UtilMem:75 - Before build in PCC Used Memory: 1010144720 Bytes (1073741824)
2026-06-05 20:12:39,568 [INFO] UtilMem:75 - After build in PCC Used Memory: 940289440 Bytes (1073741824)
2026-06-05 20:12:39,597 [INFO] IPUIPlugin:80 - create IPUIPlugin
2026-06-05 20:12:39,598 [INFO] IPUIPlugin:80 - create IPUIPlugin
2026-06-05 20:12:39,598 [INFO] IPUIPlugin:80 - create IPUIPlugin
2026-06-05 20:12:39,598 [INFO] IPUIPlugin:80 - create IPUIPlugin
2026-06-05 20:12:39,598 [INFO] IPUIPlugin:80 - create IPUIPlugin
2026-06-05 20:12:39,598 [INFO] IPUIPlugin:80 - create IPUIPlugin
2026-06-05 20:12:39,598 [INFO] IPUIPlugin:80 - create IPUIPlugin
2026-06-05 20:12:39,598 [INFO] IPUIPlugin:80 - create IPUIPlugin
2026-06-05 20:12:39,598 [INFO] IPUIPlugin:80 - create IPUIPlugin
2026-06-05 20:12:39,598 [INFO] IPUIPlugin:80 - create IPUIPlugin
2026-06-05 20:12:39,598 [INFO] IPUIPlugin:80 - create IPUIPlugin
2026-06-05 20:12:39,598 [INFO] IPUIPlugin:80 - create IPUIPlugin
2026-06-05 20:12:39,598 [INFO] IPUIPlugin:80 - create IPUIPlugin
2026-06-05 20:12:39,598 [INFO] IPUIPlugin:80 - create IPUIPlugin
2026-06-05 20:12:39,599 [INFO] IPUIPlugin:80 - create IPUIPlugin
2026-06-05 20:12:39,599 [INFO] IPUIPlugin:80 - create IPUIPlugin
2026-06-05 20:12:39,599 [INFO] IPUIPlugin:80 - create IPUIPlugin
2026-06-05 20:12:39,599 [INFO] IPUIPlugin:80 - create IPUIPlugin
2026-06-05 20:12:39,599 [INFO] IPUIPlugin:80 - create IPUIPlugin
2026-06-05 20:12:39,599 [INFO] IPUIPlugin:80 - create IPUIPlugin
2026-06-05 20:12:39,599 [INFO] IPUIPlugin:80 - create IPUIPlugin
2026-06-05 20:12:39,599 [INFO] IPUIPlugin:80 - create IPUIPlugin
2026-06-05 20:12:39,599 [INFO] IPUIPlugin:80 - create IPUIPlugin
2026-06-05 20:12:39,599 [INFO] IPUIPlugin:80 - create IPUIPlugin
2026-06-05 20:12:39,599 [INFO] IPUIPlugin:80 - create IPUIPlugin
2026-06-05 20:12:39,599 [INFO] IPUIPlugin:80 - create IPUIPlugin
2026-06-05 20:12:39,600 [INFO] IPUIPlugin:80 - create IPUIPlugin
2026-06-05 20:12:39,600 [INFO] IPUIPlugin:80 - create IPUIPlugin
2026-06-05 20:12:39,600 [INFO] IPUIPlugin:80 - create IPUIPlugin
2026-06-05 20:12:39,600 [INFO] IPUIPlugin:80 - create IPUIPlugin
2026-06-05 20:12:39,600 [INFO] IPUIPlugin:80 - create IPUIPlugin
2026-06-05 20:12:39,600 [INFO] IPUIPlugin:80 - create IPUIPlugin
2026-06-05 20:12:39,600 [INFO] IPUIPlugin:80 - create IPUIPlugin
2026-06-05 20:12:39,600 [INFO] IPUIPlugin:80 - create IPUIPlugin
2026-06-05 20:12:39,600 [INFO] IPUIPlugin:80 - create IPUIPlugin
2026-06-05 20:12:39,600 [INFO] IPUIPlugin:80 - create IPUIPlugin
2026-06-05 20:12:39,600 [INFO] IPUIPlugin:80 - create IPUIPlugin
2026-06-05 20:12:39,601 [INFO] IPUIPlugin:80 - create IPUIPlugin
2026-06-05 20:12:39,601 [INFO] IPUIPlugin:80 - create IPUIPlugin
2026-06-05 20:12:39,601 [INFO] IPUIPlugin:80 - create IPUIPlugin
2026-06-05 20:12:39,601 [INFO] IPUIPlugin:80 - create IPUIPlugin
2026-06-05 20:12:39,601 [INFO] IPUIPlugin:80 - create IPUIPlugin
2026-06-05 20:12:39,601 [INFO] IPUIPlugin:80 - create IPUIPlugin
2026-06-05 20:12:39,601 [INFO] IPUIPlugin:80 - create IPUIPlugin
2026-06-05 20:12:39,601 [INFO] IPUIPlugin:80 - create IPUIPlugin
2026-06-05 20:12:39,601 [INFO] IPUIPlugin:80 - create IPUIPlugin
2026-06-05 20:12:39,602 [INFO] IPUIPlugin:80 - create IPUIPlugin
2026-06-05 20:12:39,602 [INFO] IPUIPlugin:80 - create IPUIPlugin
2026-06-05 20:12:39,602 [INFO] IPUIPlugin:80 - create IPUIPlugin
2026-06-05 20:12:39,602 [INFO] IPUIPlugin:80 - create IPUIPlugin
2026-06-05 20:12:39,602 [INFO] IPUIPlugin:80 - create IPUIPlugin
2026-06-05 20:12:39,602 [INFO] IPUIPlugin:80 - create IPUIPlugin
2026-06-05 20:12:39,602 [INFO] IPUIPlugin:80 - create IPUIPlugin
2026-06-05 20:12:39,602 [INFO] IPUIPlugin:80 - create IPUIPlugin
2026-06-05 20:12:39,602 [INFO] IPUIPlugin:80 - create IPUIPlugin
2026-06-05 20:12:39,603 [INFO] IPUIPlugin:80 - create IPUIPlugin
2026-06-05 20:12:39,603 [INFO] IPUIPlugin:80 - create IPUIPlugin
2026-06-05 20:12:39,603 [INFO] IPUIPlugin:80 - create IPUIPlugin
2026-06-05 20:12:39,603 [INFO] IPUIPlugin:80 - create IPUIPlugin
2026-06-05 20:12:39,603 [INFO] IPUIPlugin:80 - create IPUIPlugin
2026-06-05 20:12:39,603 [INFO] IPUIPlugin:80 - create IPUIPlugin
2026-06-05 20:12:39,604 [INFO] IPUIPlugin:80 - create IPUIPlugin
2026-06-05 20:12:39,604 [INFO] IPUIPlugin:80 - create IPUIPlugin
2026-06-05 20:12:39,605 [INFO] IPUIPlugin:80 - create IPUIPlugin
2026-06-05 20:12:39,605 [INFO] IPUIPlugin:80 - create IPUIPlugin
2026-06-05 20:12:39,605 [INFO] IPUIPlugin:80 - create IPUIPlugin
2026-06-05 20:12:39,606 [INFO] IPUIPlugin:80 - create IPUIPlugin
2026-06-05 20:12:39,606 [INFO] IPUIPlugin:80 - create IPUIPlugin
2026-06-05 20:12:39,606 [INFO] IPUIPlugin:80 - create IPUIPlugin
2026-06-05 20:12:39,606 [INFO] IPUIPlugin:80 - create IPUIPlugin
2026-06-05 20:12:39,606 [INFO] IPUIPlugin:80 - create IPUIPlugin
2026-06-05 20:12:39,606 [INFO] IPUIPlugin:80 - create IPUIPlugin
2026-06-05 20:12:39,606 [INFO] IPUIPlugin:80 - create IPUIPlugin
2026-06-05 20:12:39,607 [INFO] IPUIPlugin:80 - create IPUIPlugin
2026-06-05 20:12:39,607 [INFO] IPUIPlugin:80 - create IPUIPlugin
2026-06-05 20:12:39,607 [INFO] IPUIPlugin:80 - create IPUIPlugin
2026-06-05 20:12:39,607 [INFO] IPUIPlugin:80 - create IPUIPlugin
2026-06-05 20:12:39,607 [INFO] IPUIPlugin:80 - create IPUIPlugin
2026-06-05 20:12:39,607 [INFO] IPUIPlugin:80 - create IPUIPlugin
2026-06-05 20:12:39,608 [INFO] IPUIPlugin:80 - create IPUIPlugin
2026-06-05 20:12:39,608 [INFO] IPUIPlugin:80 - create IPUIPlugin
2026-06-05 20:12:39,608 [INFO] IPUIPlugin:80 - create IPUIPlugin
2026-06-05 20:12:39,608 [INFO] IPUIPlugin:80 - create IPUIPlugin
2026-06-05 20:12:39,609 [INFO] IPUIPlugin:80 - create IPUIPlugin
2026-06-05 20:12:39,609 [INFO] IPUIPlugin:80 - create IPUIPlugin
2026-06-05 20:12:39,609 [INFO] IPUIPlugin:80 - create IPUIPlugin
2026-06-05 20:12:39,609 [INFO] IPUIPlugin:80 - create IPUIPlugin
2026-06-05 20:12:39,609 [INFO] IPUIPlugin:80 - create IPUIPlugin
2026-06-05 20:12:39,610 [INFO] IPUIPlugin:80 - create IPUIPlugin
2026-06-05 20:12:39,610 [INFO] IPUIPlugin:80 - create IPUIPlugin
2026-06-05 20:12:39,610 [INFO] IPUIPlugin:80 - create IPUIPlugin
2026-06-05 20:12:39,610 [INFO] IPUIPlugin:80 - create IPUIPlugin
2026-06-05 20:12:39,610 [INFO] IPUIPlugin:80 - create IPUIPlugin
2026-06-05 20:12:39,611 [INFO] IPUIPlugin:80 - create IPUIPlugin
2026-06-05 20:12:39,611 [INFO] IPUIPlugin:80 - create IPUIPlugin
2026-06-05 20:12:39,611 [INFO] IPUIPlugin:80 - create IPUIPlugin
2026-06-05 20:12:39,611 [INFO] IPUIPlugin:80 - create IPUIPlugin
2026-06-05 20:12:39,741 [INFO] ApiDbMcu:532 - Load IP Config File for PDM2PCM
2026-06-05 20:12:39,897 [INFO] CADModel:165 - CPN selected for project levelSTM32H743VIT6
2026-06-05 20:12:39,897 [INFO] CADModel:114 - Register for checkConnection events
2026-06-05 20:12:39,949 [INFO] OpenFileManager:386 - Restore cursor
2026-06-05 20:12:40,609 [INFO] UtilMem:75 - End SaveConfig() Used Memory: 953130280 Bytes (1073741824)
2026-06-05 20:12:40,650 [WARN] Context:862 - Trying to set MEMORYMAP twice on same context Cortex-M7NS
2026-06-05 20:12:40,669 [INFO] UtilMem:75 - End SaveConfig() Used Memory: 985636136 Bytes (1073741824)
2026-06-05 20:12:40,953 [INFO] BlockDiagram:2775 - set Specific Code input for plugin: RCC
2026-06-05 20:12:40,954 [INFO] BlockDiagram:2775 - set Specific Code input for plugin: MEMORYMAP
2026-06-05 20:12:40,954 [INFO] BlockDiagram:2775 - set Specific Code input for plugin: SYS
2026-06-05 20:12:40,954 [INFO] BlockDiagram:2775 - set Specific Code input for plugin: NVIC
2026-06-05 20:12:40,954 [INFO] BlockDiagram:2775 - set Specific Code input for plugin: CORTEX_M7
2026-06-05 20:12:40,955 [INFO] CodeGenerator:892 - code generatio: config db path: E:\STM32CubeIDE_1.19.0\STM32CubeIDE\plugins\com.st.stm32cube.common.mx_6.15.0.202507011659\\db\
2026-06-05 20:12:41,075 [INFO] CodeEngine:265 - oldGeneratedFile, E:\altium_projects\stm_projects\stm32WorldH7bootloader\MXTmpFiles\license.tmp_save
2026-06-05 20:12:41,343 [INFO] CodeEngine:289 - Generated code: E:\altium_projects\stm_projects\stm32WorldH7bootloader\MXTmpFiles\license.tmp
2026-06-05 20:12:41,404 [WARN] IPConfigManager:103 - WARNING: Missing Config File for MEMORYMAP ip!!
2026-06-05 20:12:41,460 [INFO] CodeEngine:265 - oldGeneratedFile, E:\altium_projects\stm_projects\stm32WorldH7bootloader\MXTmpFiles\cortex.tmp_save
2026-06-05 20:12:41,548 [INFO] CodeEngine:289 - Generated code: E:\altium_projects\stm_projects\stm32WorldH7bootloader\MXTmpFiles\cortex.tmp
2026-06-05 20:12:41,556 [INFO] CodeEngine:265 - oldGeneratedFile, E:\altium_projects\stm_projects\stm32WorldH7bootloader\Core\Src\stm32h7xx_it.c_save
2026-06-05 20:12:41,632 [INFO] CodeEngine:289 - Generated code: E:\altium_projects\stm_projects\stm32WorldH7bootloader\Core\Src\stm32h7xx_it.c
2026-06-05 20:12:41,634 [INFO] CodeEngine:265 - oldGeneratedFile, E:\altium_projects\stm_projects\stm32WorldH7bootloader\Core\Inc\stm32h7xx_it.h_save
2026-06-05 20:12:41,677 [INFO] CodeEngine:289 - Generated code: E:\altium_projects\stm_projects\stm32WorldH7bootloader\Core\Inc\stm32h7xx_it.h
2026-06-05 20:12:41,701 [INFO] CodeEngine:265 - oldGeneratedFile, E:\altium_projects\stm_projects\stm32WorldH7bootloader\Core\Src\stm32h7xx_hal_msp.c_save
2026-06-05 20:12:41,806 [INFO] CodeEngine:289 - Generated code: E:\altium_projects\stm_projects\stm32WorldH7bootloader\Core\Src\stm32h7xx_hal_msp.c
2026-06-05 20:12:41,810 [INFO] CodeEngine:265 - oldGeneratedFile, E:\altium_projects\stm_projects\stm32WorldH7bootloader\MXTmpFiles\system.tmp_save
2026-06-05 20:12:41,868 [INFO] CodeEngine:289 - Generated code: E:\altium_projects\stm_projects\stm32WorldH7bootloader\MXTmpFiles\system.tmp
2026-06-05 20:12:41,875 [INFO] CodeEngine:321 - oldGeneratedFile, E:\altium_projects\stm_projects\stm32WorldH7bootloader\Core\Inc\stm32h7xx_hal_conf.h_save
2026-06-05 20:12:41,927 [INFO] CodeEngine:345 - Generated code: E:\altium_projects\stm_projects\stm32WorldH7bootloader\Core\Inc\stm32h7xx_hal_conf.h
2026-06-05 20:12:41,983 [INFO] ApiDbMcu:532 - Load IP Config File for RCC
2026-06-05 20:12:41,993 [INFO] CodeEngine:265 - oldGeneratedFile, E:\altium_projects\stm_projects\stm32WorldH7bootloader\Core\Inc\main.h_save
2026-06-05 20:12:42,073 [INFO] CodeEngine:289 - Generated code: E:\altium_projects\stm_projects\stm32WorldH7bootloader\Core\Inc\main.h
2026-06-05 20:12:42,076 [INFO] CodeEngine:265 - oldGeneratedFile, E:\altium_projects\stm_projects\stm32WorldH7bootloader\Core\Src\main.c_save
2026-06-05 20:12:42,169 [INFO] CodeEngine:289 - Generated code: E:\altium_projects\stm_projects\stm32WorldH7bootloader\Core\Src\main.c
2026-06-05 20:12:42,455 [INFO] ProjectBuilder:3606 - Time for Copy HAL[1] : 143mS.
2026-06-05 20:12:42,460 [INFO] ProjectBuilder:5216 - Project Generator version: 4.7.0-B52
2026-06-05 20:12:42,511 [INFO] ConfigFileManager:1595 - The Die is : DIE450
2026-06-05 20:12:42,529 [INFO] ApiDbMcu:532 - Load IP Config File for FATFS
2026-06-05 20:12:42,550 [INFO] ApiDbMcu:532 - Load IP Config File for FREERTOS
2026-06-05 20:12:42,552 [INFO] ApiDbMcu:532 - Load IP Config File for LIBJPEG
2026-06-05 20:12:42,557 [INFO] ApiDbMcu:532 - Load IP Config File for LWIP
2026-06-05 20:12:42,561 [INFO] ApiDbMcu:532 - Load IP Config File for MBEDTLS
2026-06-05 20:12:42,566 [INFO] ApiDbMcu:532 - Load IP Config File for USB_DEVICE
2026-06-05 20:12:42,568 [INFO] ApiDbMcu:532 - Load IP Config File for USB_HOST
2026-06-05 20:12:42,904 [INFO] LogOutputStream:77 - [STDOUT_REDIRECT] 
2026-06-05 20:12:43,967 [INFO] ProjectBuilder:5496 - Time for Generating toolchain IDE Files: 1507mS.
2026-06-05 20:12:43,968 [INFO] ProjectBuilder:3463 - Time for Copy CMSIS : 1mS.
2026-06-05 20:12:43,970 [INFO] ProjectBuilder:3463 - Time for Copy CMSIS : 0mS.
2026-06-05 20:12:45,119 [INFO] McuFinderGlobals:76 - Set McuFinderConnectedMode to true
2026-06-05 20:12:45,122 [INFO] ApiDb:448 - Save user favorites file C:\Users\Josh/.stm32cubeide/favorites.mcus.txt: 0 item(s)
2026-06-05 20:12:45,122 [INFO] ApiDb:452 - User favorites MCUs=[]
2026-06-05 20:12:45,123 [INFO] ApiDb:448 - Save user favorites file C:\Users\Josh/.stm32cubeide/favorites.boards.txt: 0 item(s)
2026-06-05 20:12:45,124 [INFO] ApiDb:452 - User favorites Boards=[]
2026-06-05 20:21:27,107 [WARN] MainPanel:289 - <html><b><center>Warning: This peripheral has no parameters to be configured<br></b></html>
2026-06-05 20:21:28,650 [WARN] MainPanel:289 - <html><b><center>Warning: This peripheral has no parameters to be configured<br></b></html>
2026-06-05 20:21:57,721 [INFO] NvicIntPanel:101 - NVIC parent = com.st.microxplorer.plugins.ip.nvic.MultiNvicIntPanel[,0,0,0x0,invalid,layout=javax.swing.BoxLayout,alignmentX=0.0,alignmentY=0.0,border=,flags=9,maximumSize=,minimumSize=,preferredSize=]
2026-06-05 20:22:06,849 [ERROR] LogOutputStream:75 - [STDERR_REDIRECT] Exception in thread "AWT-EventQueue-0" java.lang.ClassCastException: class sun.awt.windows.WEmbeddedFrame cannot be cast to class javax.swing.JFrame (sun.awt.windows.WEmbeddedFrame and javax.swing.JFrame are in module java.desktop of loader 'bootstrap')
2026-06-05 20:22:06,851 [ERROR] LogOutputStream:75 - [STDERR_REDIRECT] 	at com.st.microxplorer.plugins.clock.ClockConfigurationView.activatePlugin(ClockConfigurationView.java:424)
2026-06-05 20:22:06,852 [ERROR] LogOutputStream:75 - [STDERR_REDIRECT] 	at com.st.microxplorer.maingui.MainPanel$1.stateChanged(MainPanel.java:385)
2026-06-05 20:22:06,853 [ERROR] LogOutputStream:75 - [STDERR_REDIRECT] 	at java.desktop/javax.swing.JTabbedPane.fireStateChanged(JTabbedPane.java:446)
2026-06-05 20:22:06,854 [ERROR] LogOutputStream:75 - [STDERR_REDIRECT] 	at java.desktop/javax.swing.JTabbedPane$ModelListener.stateChanged(JTabbedPane.java:297)
2026-06-05 20:22:06,856 [ERROR] LogOutputStream:75 - [STDERR_REDIRECT] 	at java.desktop/javax.swing.DefaultSingleSelectionModel.fireStateChanged(DefaultSingleSelectionModel.java:148)
2026-06-05 20:22:06,857 [ERROR] LogOutputStream:75 - [STDERR_REDIRECT] 	at java.desktop/javax.swing.DefaultSingleSelectionModel.setSelectedIndex(DefaultSingleSelectionModel.java:79)
2026-06-05 20:22:06,858 [ERROR] LogOutputStream:75 - [STDERR_REDIRECT] 	at java.desktop/javax.swing.JTabbedPane.setSelectedIndexImpl(JTabbedPane.java:650)
2026-06-05 20:22:06,860 [ERROR] LogOutputStream:75 - [STDERR_REDIRECT] 	at java.desktop/javax.swing.JTabbedPane.setSelectedIndex(JTabbedPane.java:625)
2026-06-05 20:22:06,861 [ERROR] LogOutputStream:75 - [STDERR_REDIRECT] 	at java.desktop/javax.swing.plaf.basic.BasicTabbedPaneUI$Handler.mousePressed(BasicTabbedPaneUI.java:4140)
2026-06-05 20:22:06,861 [ERROR] LogOutputStream:75 - [STDERR_REDIRECT] 	at java.desktop/java.awt.Component.processMouseEvent(Component.java:6618)
2026-06-05 20:22:06,863 [ERROR] LogOutputStream:75 - [STDERR_REDIRECT] 	at java.desktop/javax.swing.JComponent.processMouseEvent(JComponent.java:3398)
2026-06-05 20:22:06,863 [ERROR] LogOutputStream:75 - [STDERR_REDIRECT] 	at java.desktop/java.awt.Component.processEvent(Component.java:6386)
2026-06-05 20:22:06,864 [ERROR] LogOutputStream:75 - [STDERR_REDIRECT] 	at java.desktop/java.awt.Container.processEvent(Container.java:2266)
2026-06-05 20:22:06,865 [ERROR] LogOutputStream:75 - [STDERR_REDIRECT] 	at java.desktop/java.awt.Component.dispatchEventImpl(Component.java:4996)
2026-06-05 20:22:06,865 [ERROR] LogOutputStream:75 - [STDERR_REDIRECT] 	at java.desktop/java.awt.Container.dispatchEventImpl(Container.java:2324)
2026-06-05 20:22:06,867 [ERROR] LogOutputStream:75 - [STDERR_REDIRECT] 	at java.desktop/java.awt.Component.dispatchEvent(Component.java:4828)
2026-06-05 20:22:06,868 [ERROR] LogOutputStream:75 - [STDERR_REDIRECT] 	at java.desktop/java.awt.LightweightDispatcher.retargetMouseEvent(Container.java:4948)
2026-06-05 20:22:06,869 [ERROR] LogOutputStream:75 - [STDERR_REDIRECT] 	at java.desktop/java.awt.LightweightDispatcher.processMouseEvent(Container.java:4572)
2026-06-05 20:22:06,869 [ERROR] LogOutputStream:75 - [STDERR_REDIRECT] 	at java.desktop/java.awt.LightweightDispatcher.dispatchEvent(Container.java:4516)
2026-06-05 20:22:06,870 [ERROR] LogOutputStream:75 - [STDERR_REDIRECT] 	at java.desktop/java.awt.Container.dispatchEventImpl(Container.java:2310)
2026-06-05 20:22:06,871 [ERROR] LogOutputStream:75 - [STDERR_REDIRECT] 	at java.desktop/java.awt.Component.dispatchEvent(Component.java:4828)
2026-06-05 20:22:06,871 [ERROR] LogOutputStream:75 - [STDERR_REDIRECT] 	at java.desktop/java.awt.EventQueue.dispatchEventImpl(EventQueue.java:775)
2026-06-05 20:22:06,872 [ERROR] LogOutputStream:75 - [STDERR_REDIRECT] 	at java.desktop/java.awt.EventQueue$4.run(EventQueue.java:720)
2026-06-05 20:22:06,872 [ERROR] LogOutputStream:75 - [STDERR_REDIRECT] 	at java.desktop/java.awt.EventQueue$4.run(EventQueue.java:714)
2026-06-05 20:22:06,873 [ERROR] LogOutputStream:75 - [STDERR_REDIRECT] 	at java.base/java.security.AccessController.doPrivileged(AccessController.java:400)
2026-06-05 20:22:06,874 [ERROR] LogOutputStream:75 - [STDERR_REDIRECT] 	at java.base/java.security.ProtectionDomain$JavaSecurityAccessImpl.doIntersectionPrivilege(ProtectionDomain.java:87)
2026-06-05 20:22:06,876 [ERROR] LogOutputStream:75 - [STDERR_REDIRECT] 	at java.base/java.security.ProtectionDomain$JavaSecurityAccessImpl.doIntersectionPrivilege(ProtectionDomain.java:98)
2026-06-05 20:22:06,877 [ERROR] LogOutputStream:75 - [STDERR_REDIRECT] 	at java.desktop/java.awt.EventQueue$5.run(EventQueue.java:747)
2026-06-05 20:22:06,878 [ERROR] LogOutputStream:75 - [STDERR_REDIRECT] 	at java.desktop/java.awt.EventQueue$5.run(EventQueue.java:745)
2026-06-05 20:22:06,879 [ERROR] LogOutputStream:75 - [STDERR_REDIRECT] 	at java.base/java.security.AccessController.doPrivileged(AccessController.java:400)
2026-06-05 20:22:06,880 [ERROR] LogOutputStream:75 - [STDERR_REDIRECT] 	at java.base/java.security.ProtectionDomain$JavaSecurityAccessImpl.doIntersectionPrivilege(ProtectionDomain.java:87)
2026-06-05 20:22:06,881 [ERROR] LogOutputStream:75 - [STDERR_REDIRECT] 	at java.desktop/java.awt.EventQueue.dispatchEvent(EventQueue.java:744)
2026-06-05 20:22:06,882 [ERROR] LogOutputStream:75 - [STDERR_REDIRECT] 	at java.desktop/java.awt.EventDispatchThread.pumpOneEventForFilters(EventDispatchThread.java:203)
2026-06-05 20:22:06,883 [ERROR] LogOutputStream:75 - [STDERR_REDIRECT] 	at java.desktop/java.awt.EventDispatchThread.pumpEventsForFilter(EventDispatchThread.java:124)
2026-06-05 20:22:06,883 [ERROR] LogOutputStream:75 - [STDERR_REDIRECT] 	at java.desktop/java.awt.EventDispatchThread.pumpEventsForHierarchy(EventDispatchThread.java:113)
2026-06-05 20:22:06,884 [ERROR] LogOutputStream:75 - [STDERR_REDIRECT] 	at java.desktop/java.awt.EventDispatchThread.pumpEvents(EventDispatchThread.java:109)
2026-06-05 20:22:06,885 [ERROR] LogOutputStream:75 - [STDERR_REDIRECT] 	at java.desktop/java.awt.EventDispatchThread.pumpEvents(EventDispatchThread.java:101)
2026-06-05 20:22:06,886 [ERROR] LogOutputStream:75 - [STDERR_REDIRECT] 	at java.desktop/java.awt.EventDispatchThread.run(EventDispatchThread.java:90)
2026-06-05 20:24:00,187 [INFO] NvicIntPanel:101 - NVIC parent = com.st.microxplorer.plugins.ip.nvic.MultiNvicIntPanel[,0,0,503x450,layout=javax.swing.BoxLayout,alignmentX=0.0,alignmentY=0.0,border=,flags=9,maximumSize=,minimumSize=,preferredSize=]
2026-06-05 20:25:12,018 [INFO] NvicIntPanel:101 - NVIC parent = com.st.microxplorer.plugins.ip.nvic.MultiNvicIntPanel[,0,0,0x0,invalid,layout=javax.swing.BoxLayout,alignmentX=0.0,alignmentY=0.0,border=,flags=9,maximumSize=,minimumSize=,preferredSize=]
2026-06-05 20:25:44,775 [WARN] IP:2250 - DEVICE_SERIAL0_DFU_FS not found: check if there is a RefParameter without a condition.
2026-06-05 20:25:44,776 [WARN] IP:2250 - DEVICE_SERIAL1_DFU_FS not found: check if there is a RefParameter without a condition.
2026-06-05 20:25:44,776 [WARN] IP:2250 - DEVICE_SERIAL2_DFU_FS not found: check if there is a RefParameter without a condition.
2026-06-05 20:25:44,776 [WARN] IP:2250 - DEVICE_SERIAL0_DFU_FS not found: check if there is a RefParameter without a condition.
2026-06-05 20:25:44,776 [WARN] IP:2250 - DEVICE_SERIAL1_DFU_FS not found: check if there is a RefParameter without a condition.
2026-06-05 20:25:44,776 [WARN] IP:2250 - DEVICE_SERIAL2_DFU_FS not found: check if there is a RefParameter without a condition.
2026-06-05 20:25:44,795 [WARN] IP:2250 - DEVICE_SERIAL0_DFU_FS not found: check if there is a RefParameter without a condition.
2026-06-05 20:25:44,795 [WARN] IP:2250 - DEVICE_SERIAL1_DFU_FS not found: check if there is a RefParameter without a condition.
2026-06-05 20:25:44,795 [WARN] IP:2250 - DEVICE_SERIAL2_DFU_FS not found: check if there is a RefParameter without a condition.
2026-06-05 20:25:52,198 [ERROR] LogOutputStream:75 - [STDERR_REDIRECT] Exception in thread "AWT-EventQueue-0" java.lang.ClassCastException: class sun.awt.windows.WEmbeddedFrame cannot be cast to class javax.swing.JFrame (sun.awt.windows.WEmbeddedFrame and javax.swing.JFrame are in module java.desktop of loader 'bootstrap')
2026-06-05 20:25:52,200 [ERROR] LogOutputStream:75 - [STDERR_REDIRECT] 	at com.st.microxplorer.plugins.clock.ClockConfigurationView.activatePlugin(ClockConfigurationView.java:424)
2026-06-05 20:25:52,200 [ERROR] LogOutputStream:75 - [STDERR_REDIRECT] 	at com.st.microxplorer.maingui.MainPanel$1.stateChanged(MainPanel.java:385)
2026-06-05 20:25:52,201 [ERROR] LogOutputStream:75 - [STDERR_REDIRECT] 	at java.desktop/javax.swing.JTabbedPane.fireStateChanged(JTabbedPane.java:446)
2026-06-05 20:25:52,202 [ERROR] LogOutputStream:75 - [STDERR_REDIRECT] 	at java.desktop/javax.swing.JTabbedPane$ModelListener.stateChanged(JTabbedPane.java:297)
2026-06-05 20:25:52,203 [ERROR] LogOutputStream:75 - [STDERR_REDIRECT] 	at java.desktop/javax.swing.DefaultSingleSelectionModel.fireStateChanged(DefaultSingleSelectionModel.java:148)
2026-06-05 20:25:52,204 [ERROR] LogOutputStream:75 - [STDERR_REDIRECT] 	at java.desktop/javax.swing.DefaultSingleSelectionModel.setSelectedIndex(DefaultSingleSelectionModel.java:79)
2026-06-05 20:25:52,204 [ERROR] LogOutputStream:75 - [STDERR_REDIRECT] 	at java.desktop/javax.swing.JTabbedPane.setSelectedIndexImpl(JTabbedPane.java:650)
2026-06-05 20:25:52,205 [ERROR] LogOutputStream:75 - [STDERR_REDIRECT] 	at java.desktop/javax.swing.JTabbedPane.setSelectedIndex(JTabbedPane.java:625)
2026-06-05 20:25:52,207 [ERROR] LogOutputStream:75 - [STDERR_REDIRECT] 	at java.desktop/javax.swing.plaf.basic.BasicTabbedPaneUI$Handler.mousePressed(BasicTabbedPaneUI.java:4140)
2026-06-05 20:25:52,208 [ERROR] LogOutputStream:75 - [STDERR_REDIRECT] 	at java.desktop/java.awt.Component.processMouseEvent(Component.java:6618)
2026-06-05 20:25:52,209 [ERROR] LogOutputStream:75 - [STDERR_REDIRECT] 	at java.desktop/javax.swing.JComponent.processMouseEvent(JComponent.java:3398)
2026-06-05 20:25:52,209 [ERROR] LogOutputStream:75 - [STDERR_REDIRECT] 	at java.desktop/java.awt.Component.processEvent(Component.java:6386)
2026-06-05 20:25:52,210 [ERROR] LogOutputStream:75 - [STDERR_REDIRECT] 	at java.desktop/java.awt.Container.processEvent(Container.java:2266)
2026-06-05 20:25:52,211 [ERROR] LogOutputStream:75 - [STDERR_REDIRECT] 	at java.desktop/java.awt.Component.dispatchEventImpl(Component.java:4996)
2026-06-05 20:25:52,212 [ERROR] LogOutputStream:75 - [STDERR_REDIRECT] 	at java.desktop/java.awt.Container.dispatchEventImpl(Container.java:2324)
2026-06-05 20:25:52,213 [ERROR] LogOutputStream:75 - [STDERR_REDIRECT] 	at java.desktop/java.awt.Component.dispatchEvent(Component.java:4828)
2026-06-05 20:25:52,214 [ERROR] LogOutputStream:75 - [STDERR_REDIRECT] 	at java.desktop/java.awt.LightweightDispatcher.retargetMouseEvent(Container.java:4948)
2026-06-05 20:25:52,215 [ERROR] LogOutputStream:75 - [STDERR_REDIRECT] 	at java.desktop/java.awt.LightweightDispatcher.processMouseEvent(Container.java:4572)
2026-06-05 20:25:52,215 [ERROR] LogOutputStream:75 - [STDERR_REDIRECT] 	at java.desktop/java.awt.LightweightDispatcher.dispatchEvent(Container.java:4516)
2026-06-05 20:25:52,217 [ERROR] LogOutputStream:75 - [STDERR_REDIRECT] 	at java.desktop/java.awt.Container.dispatchEventImpl(Container.java:2310)
2026-06-05 20:25:52,218 [ERROR] LogOutputStream:75 - [STDERR_REDIRECT] 	at java.desktop/java.awt.Component.dispatchEvent(Component.java:4828)
2026-06-05 20:25:52,219 [ERROR] LogOutputStream:75 - [STDERR_REDIRECT] 	at java.desktop/java.awt.EventQueue.dispatchEventImpl(EventQueue.java:775)
2026-06-05 20:25:52,219 [ERROR] LogOutputStream:75 - [STDERR_REDIRECT] 	at java.desktop/java.awt.EventQueue$4.run(EventQueue.java:720)
2026-06-05 20:25:52,220 [ERROR] LogOutputStream:75 - [STDERR_REDIRECT] 	at java.desktop/java.awt.EventQueue$4.run(EventQueue.java:714)
2026-06-05 20:25:52,220 [ERROR] LogOutputStream:75 - [STDERR_REDIRECT] 	at java.base/java.security.AccessController.doPrivileged(AccessController.java:400)
2026-06-05 20:25:52,221 [ERROR] LogOutputStream:75 - [STDERR_REDIRECT] 	at java.base/java.security.ProtectionDomain$JavaSecurityAccessImpl.doIntersectionPrivilege(ProtectionDomain.java:87)
2026-06-05 20:25:52,222 [ERROR] LogOutputStream:75 - [STDERR_REDIRECT] 	at java.base/java.security.ProtectionDomain$JavaSecurityAccessImpl.doIntersectionPrivilege(ProtectionDomain.java:98)
2026-06-05 20:25:52,222 [ERROR] LogOutputStream:75 - [STDERR_REDIRECT] 	at java.desktop/java.awt.EventQueue$5.run(EventQueue.java:747)
2026-06-05 20:25:52,223 [ERROR] LogOutputStream:75 - [STDERR_REDIRECT] 	at java.desktop/java.awt.EventQueue$5.run(EventQueue.java:745)
2026-06-05 20:25:52,224 [ERROR] LogOutputStream:75 - [STDERR_REDIRECT] 	at java.base/java.security.AccessController.doPrivileged(AccessController.java:400)
2026-06-05 20:25:52,225 [ERROR] LogOutputStream:75 - [STDERR_REDIRECT] 	at java.base/java.security.ProtectionDomain$JavaSecurityAccessImpl.doIntersectionPrivilege(ProtectionDomain.java:87)
2026-06-05 20:25:52,226 [ERROR] LogOutputStream:75 - [STDERR_REDIRECT] 	at java.desktop/java.awt.EventQueue.dispatchEvent(EventQueue.java:744)
2026-06-05 20:25:52,227 [ERROR] LogOutputStream:75 - [STDERR_REDIRECT] 	at java.desktop/java.awt.EventDispatchThread.pumpOneEventForFilters(EventDispatchThread.java:203)
2026-06-05 20:25:52,228 [ERROR] LogOutputStream:75 - [STDERR_REDIRECT] 	at java.desktop/java.awt.EventDispatchThread.pumpEventsForFilter(EventDispatchThread.java:124)
2026-06-05 20:25:52,229 [ERROR] LogOutputStream:75 - [STDERR_REDIRECT] 	at java.desktop/java.awt.EventDispatchThread.pumpEventsForHierarchy(EventDispatchThread.java:113)
2026-06-05 20:25:52,230 [ERROR] LogOutputStream:75 - [STDERR_REDIRECT] 	at java.desktop/java.awt.EventDispatchThread.pumpEvents(EventDispatchThread.java:109)
2026-06-05 20:25:52,230 [ERROR] LogOutputStream:75 - [STDERR_REDIRECT] 	at java.desktop/java.awt.EventDispatchThread.pumpEvents(EventDispatchThread.java:101)
2026-06-05 20:25:52,231 [ERROR] LogOutputStream:75 - [STDERR_REDIRECT] 	at java.desktop/java.awt.EventDispatchThread.run(EventDispatchThread.java:90)
2026-06-05 20:26:00,679 [WARN] IP:2250 - DEVICE_SERIAL0_DFU_FS not found: check if there is a RefParameter without a condition.
2026-06-05 20:26:00,679 [WARN] IP:2250 - DEVICE_SERIAL1_DFU_FS not found: check if there is a RefParameter without a condition.
2026-06-05 20:26:00,679 [WARN] IP:2250 - DEVICE_SERIAL2_DFU_FS not found: check if there is a RefParameter without a condition.
2026-06-05 20:26:00,680 [WARN] IP:2250 - DEVICE_SERIAL0_DFU_FS not found: check if there is a RefParameter without a condition.
2026-06-05 20:26:00,680 [WARN] IP:2250 - DEVICE_SERIAL1_DFU_FS not found: check if there is a RefParameter without a condition.
2026-06-05 20:26:00,680 [WARN] IP:2250 - DEVICE_SERIAL2_DFU_FS not found: check if there is a RefParameter without a condition.
2026-06-05 20:26:01,941 [WARN] IP:2250 - DEVICE_SERIAL0_DFU_FS not found: check if there is a RefParameter without a condition.
2026-06-05 20:26:01,941 [WARN] IP:2250 - DEVICE_SERIAL1_DFU_FS not found: check if there is a RefParameter without a condition.
2026-06-05 20:26:01,941 [WARN] IP:2250 - DEVICE_SERIAL2_DFU_FS not found: check if there is a RefParameter without a condition.
2026-06-05 20:26:01,941 [WARN] IP:2250 - DEVICE_SERIAL0_DFU_FS not found: check if there is a RefParameter without a condition.
2026-06-05 20:26:01,942 [WARN] IP:2250 - DEVICE_SERIAL1_DFU_FS not found: check if there is a RefParameter without a condition.
2026-06-05 20:26:01,942 [WARN] IP:2250 - DEVICE_SERIAL2_DFU_FS not found: check if there is a RefParameter without a condition.
2026-06-05 20:26:07,306 [INFO] UtilMem:75 - End SaveConfig() Used Memory: 841714784 Bytes (1073741824)
2026-06-05 20:26:09,479 [INFO] UtilMem:75 - End SaveConfig() Used Memory: 965973088 Bytes (1073741824)
2026-06-05 20:26:09,927 [INFO] BlockDiagram:2775 - set Specific Code input for plugin: RCC
2026-06-05 20:26:09,927 [INFO] BlockDiagram:2775 - set Specific Code input for plugin: USART
2026-06-05 20:26:09,927 [INFO] BlockDiagram:2775 - set Specific Code input for plugin: MEMORYMAP
2026-06-05 20:26:09,927 [INFO] BlockDiagram:2775 - set Specific Code input for plugin: USB_DEVICE
2026-06-05 20:26:09,927 [INFO] BlockDiagram:2775 - set Specific Code input for plugin: SYS
2026-06-05 20:26:09,927 [INFO] BlockDiagram:2775 - set Specific Code input for plugin: USB_OTG_FS
2026-06-05 20:26:09,927 [INFO] BlockDiagram:2775 - set Specific Code input for plugin: NVIC
2026-06-05 20:26:09,927 [INFO] BlockDiagram:2775 - set Specific Code input for plugin: CORTEX_M7
2026-06-05 20:26:09,927 [INFO] BlockDiagram:2775 - set Specific Code input for plugin: DEBUG
2026-06-05 20:26:09,928 [INFO] BlockDiagram:2775 - set Specific Code input for plugin: GPIO
2026-06-05 20:26:09,929 [INFO] CodeGenerator:892 - code generatio: config db path: E:\STM32CubeIDE_1.19.0\STM32CubeIDE\plugins\com.st.stm32cube.common.mx_6.15.0.202507011659\\db\
2026-06-05 20:26:09,960 [WARN] IP:2250 - DEVICE_SERIAL0_DFU_FS not found: check if there is a RefParameter without a condition.
2026-06-05 20:26:09,960 [WARN] IP:2250 - DEVICE_SERIAL1_DFU_FS not found: check if there is a RefParameter without a condition.
2026-06-05 20:26:09,960 [WARN] IP:2250 - DEVICE_SERIAL2_DFU_FS not found: check if there is a RefParameter without a condition.
2026-06-05 20:26:10,041 [INFO] CodeEngine:265 - oldGeneratedFile, E:\altium_projects\stm_projects\stm32WorldH7bootloader\MXTmpFiles\license.tmp_save
2026-06-05 20:26:10,244 [INFO] CodeEngine:289 - Generated code: E:\altium_projects\stm_projects\stm32WorldH7bootloader\MXTmpFiles\license.tmp
2026-06-05 20:26:10,292 [INFO] CodeEngine:265 - oldGeneratedFile, E:\altium_projects\stm_projects\stm32WorldH7bootloader\MXTmpFiles\gpio.tmp_save
2026-06-05 20:26:10,358 [INFO] CodeEngine:289 - Generated code: E:\altium_projects\stm_projects\stm32WorldH7bootloader\MXTmpFiles\gpio.tmp
2026-06-05 20:26:10,444 [INFO] CodeEngine:265 - oldGeneratedFile, E:\altium_projects\stm_projects\stm32WorldH7bootloader\MXTmpFiles\usb_otg_fs_vars.tmp_save
2026-06-05 20:26:10,500 [INFO] CodeEngine:289 - Generated code: E:\altium_projects\stm_projects\stm32WorldH7bootloader\MXTmpFiles\usb_otg_fs_vars.tmp
2026-06-05 20:26:10,502 [INFO] CodeEngine:265 - oldGeneratedFile, E:\altium_projects\stm_projects\stm32WorldH7bootloader\MXTmpFiles\usb_otg_fs_inc.tmp_save
2026-06-05 20:26:10,547 [INFO] CodeEngine:289 - Generated code: E:\altium_projects\stm_projects\stm32WorldH7bootloader\MXTmpFiles\usb_otg_fs_inc.tmp
2026-06-05 20:26:10,551 [INFO] CodeEngine:265 - oldGeneratedFile, E:\altium_projects\stm_projects\stm32WorldH7bootloader\MXTmpFiles\usb_otg_fs_HalInit.tmp_save
2026-06-05 20:26:10,611 [INFO] CodeEngine:289 - Generated code: E:\altium_projects\stm_projects\stm32WorldH7bootloader\MXTmpFiles\usb_otg_fs_HalInit.tmp
2026-06-05 20:26:10,614 [INFO] CodeEngine:265 - oldGeneratedFile, E:\altium_projects\stm_projects\stm32WorldH7bootloader\MXTmpFiles\usb_otg_fs_Msp.tmp_save
2026-06-05 20:26:10,674 [INFO] CodeEngine:289 - Generated code: E:\altium_projects\stm_projects\stm32WorldH7bootloader\MXTmpFiles\usb_otg_fs_Msp.tmp
2026-06-05 20:26:10,688 [WARN] IPConfigManager:103 - WARNING: Missing Config File for DEBUG ip!!
2026-06-05 20:26:10,709 [WARN] IPConfigManager:103 - WARNING: Missing Config File for MEMORYMAP ip!!
2026-06-05 20:26:10,835 [INFO] Middleware:1452 - No code input for Bsp Dependency
2026-06-05 20:26:10,836 [ERROR] SWIPConfigModel:147 - Object (RefParameter) name : DEVICE_SERIAL2_DFU_FS  is not a String or a Boolean
2026-06-05 20:26:10,836 [ERROR] SWIPConfigModel:147 - Object (RefParameter) name : DEVICE_SERIAL0_DFU_FS  is not a String or a Boolean
2026-06-05 20:26:10,836 [ERROR] SWIPConfigModel:147 - Object (RefParameter) name : DEVICE_SERIAL1_DFU_FS  is not a String or a Boolean
2026-06-05 20:26:10,840 [INFO] CodeEngine:265 - oldGeneratedFile, E:\altium_projects\stm_projects\stm32WorldH7bootloader\MXTmpFiles\cortex.tmp_save
2026-06-05 20:26:10,880 [INFO] CodeEngine:289 - Generated code: E:\altium_projects\stm_projects\stm32WorldH7bootloader\MXTmpFiles\cortex.tmp
2026-06-05 20:26:10,897 [INFO] Middleware:1452 - No code input for Bsp Dependency
2026-06-05 20:26:10,898 [ERROR] SWIPConfigModel:147 - Object (RefParameter) name : DEVICE_SERIAL2_DFU_FS  is not a String or a Boolean
2026-06-05 20:26:10,898 [ERROR] SWIPConfigModel:147 - Object (RefParameter) name : DEVICE_SERIAL0_DFU_FS  is not a String or a Boolean
2026-06-05 20:26:10,898 [ERROR] SWIPConfigModel:147 - Object (RefParameter) name : DEVICE_SERIAL1_DFU_FS  is not a String or a Boolean
2026-06-05 20:26:10,903 [INFO] CodeEngine:265 - oldGeneratedFile, E:\altium_projects\stm_projects\stm32WorldH7bootloader\USB_DEVICE\App\usb_device.c_save
2026-06-05 20:26:10,952 [INFO] CodeEngine:289 - Generated code: E:\altium_projects\stm_projects\stm32WorldH7bootloader\USB_DEVICE\App\usb_device.c
2026-06-05 20:26:10,955 [INFO] CodeEngine:265 - oldGeneratedFile, E:\altium_projects\stm_projects\stm32WorldH7bootloader\USB_DEVICE\App\usb_device.h_save
2026-06-05 20:26:10,995 [INFO] CodeEngine:289 - Generated code: E:\altium_projects\stm_projects\stm32WorldH7bootloader\USB_DEVICE\App\usb_device.h
2026-06-05 20:26:10,999 [INFO] CodeEngine:265 - oldGeneratedFile, E:\altium_projects\stm_projects\stm32WorldH7bootloader\USB_DEVICE\Target\usbd_conf.h_save
2026-06-05 20:26:11,039 [INFO] CodeEngine:289 - Generated code: E:\altium_projects\stm_projects\stm32WorldH7bootloader\USB_DEVICE\Target\usbd_conf.h
2026-06-05 20:26:11,042 [INFO] CodeEngine:265 - oldGeneratedFile, E:\altium_projects\stm_projects\stm32WorldH7bootloader\USB_DEVICE\Target\usbd_conf.c_save
2026-06-05 20:26:11,083 [INFO] CodeEngine:289 - Generated code: E:\altium_projects\stm_projects\stm32WorldH7bootloader\USB_DEVICE\Target\usbd_conf.c
2026-06-05 20:26:11,087 [INFO] CodeEngine:265 - oldGeneratedFile, E:\altium_projects\stm_projects\stm32WorldH7bootloader\USB_DEVICE\App\usbd_desc.h_save
2026-06-05 20:26:11,123 [INFO] CodeEngine:289 - Generated code: E:\altium_projects\stm_projects\stm32WorldH7bootloader\USB_DEVICE\App\usbd_desc.h
2026-06-05 20:26:11,126 [INFO] CodeEngine:265 - oldGeneratedFile, E:\altium_projects\stm_projects\stm32WorldH7bootloader\USB_DEVICE\App\usbd_desc.c_save
2026-06-05 20:26:11,168 [INFO] CodeEngine:289 - Generated code: E:\altium_projects\stm_projects\stm32WorldH7bootloader\USB_DEVICE\App\usbd_desc.c
2026-06-05 20:26:11,171 [INFO] CodeEngine:265 - oldGeneratedFile, E:\altium_projects\stm_projects\stm32WorldH7bootloader\USB_DEVICE\App\usbd_dfu_if.h_save
2026-06-05 20:26:11,208 [INFO] CodeEngine:289 - Generated code: E:\altium_projects\stm_projects\stm32WorldH7bootloader\USB_DEVICE\App\usbd_dfu_if.h
2026-06-05 20:26:11,211 [INFO] CodeEngine:265 - oldGeneratedFile, E:\altium_projects\stm_projects\stm32WorldH7bootloader\USB_DEVICE\App\usbd_dfu_if.c_save
2026-06-05 20:26:11,250 [INFO] CodeEngine:289 - Generated code: E:\altium_projects\stm_projects\stm32WorldH7bootloader\USB_DEVICE\App\usbd_dfu_if.c
2026-06-05 20:26:11,260 [INFO] CodeEngine:265 - oldGeneratedFile, E:\altium_projects\stm_projects\stm32WorldH7bootloader\Core\Src\stm32h7xx_it.c_save
2026-06-05 20:26:11,408 [INFO] CodeEngine:289 - Generated code: E:\altium_projects\stm_projects\stm32WorldH7bootloader\Core\Src\stm32h7xx_it.c
2026-06-05 20:26:11,412 [INFO] CodeEngine:265 - oldGeneratedFile, E:\altium_projects\stm_projects\stm32WorldH7bootloader\Core\Inc\stm32h7xx_it.h_save
2026-06-05 20:26:11,448 [INFO] CodeEngine:289 - Generated code: E:\altium_projects\stm_projects\stm32WorldH7bootloader\Core\Inc\stm32h7xx_it.h
2026-06-05 20:26:11,485 [INFO] CodeEngine:265 - oldGeneratedFile, E:\altium_projects\stm_projects\stm32WorldH7bootloader\Core\Src\stm32h7xx_hal_msp.c_save
2026-06-05 20:26:11,545 [INFO] CodeEngine:289 - Generated code: E:\altium_projects\stm_projects\stm32WorldH7bootloader\Core\Src\stm32h7xx_hal_msp.c
2026-06-05 20:26:11,548 [INFO] CodeEngine:265 - oldGeneratedFile, E:\altium_projects\stm_projects\stm32WorldH7bootloader\MXTmpFiles\system.tmp_save
2026-06-05 20:26:11,581 [INFO] CodeEngine:289 - Generated code: E:\altium_projects\stm_projects\stm32WorldH7bootloader\MXTmpFiles\system.tmp
2026-06-05 20:26:11,588 [INFO] CodeEngine:321 - oldGeneratedFile, E:\altium_projects\stm_projects\stm32WorldH7bootloader\Core\Inc\stm32h7xx_hal_conf.h_save
2026-06-05 20:26:11,628 [INFO] CodeEngine:345 - Generated code: E:\altium_projects\stm_projects\stm32WorldH7bootloader\Core\Inc\stm32h7xx_hal_conf.h
2026-06-05 20:26:11,656 [INFO] ApiDbMcu:532 - Load IP Config File for USART1
2026-06-05 20:26:11,664 [INFO] CodeEngine:265 - oldGeneratedFile, E:\altium_projects\stm_projects\stm32WorldH7bootloader\Core\Inc\main.h_save
2026-06-05 20:26:11,724 [INFO] CodeEngine:289 - Generated code: E:\altium_projects\stm_projects\stm32WorldH7bootloader\Core\Inc\main.h
2026-06-05 20:26:11,727 [INFO] CodeEngine:265 - oldGeneratedFile, E:\altium_projects\stm_projects\stm32WorldH7bootloader\Core\Src\main.c_save
2026-06-05 20:26:11,808 [INFO] CodeEngine:289 - Generated code: E:\altium_projects\stm_projects\stm32WorldH7bootloader\Core\Src\main.c
2026-06-05 20:26:12,101 [INFO] ProjectBuilder:3606 - Time for Copy HAL[1] : 167mS.
2026-06-05 20:26:12,106 [INFO] ProjectBuilder:5216 - Project Generator version: 4.7.0-B52
2026-06-05 20:26:12,165 [INFO] ConfigFileManager:1595 - The Die is : DIE450
2026-06-05 20:26:12,865 [INFO] ProjectBuilder:5496 - Time for Generating toolchain IDE Files: 759mS.
2026-06-05 20:26:12,868 [INFO] ProjectBuilder:3463 - Time for Copy CMSIS : 1mS.
2026-06-05 20:26:12,870 [INFO] ProjectBuilder:3463 - Time for Copy CMSIS : 0mS.
2026-06-05 20:29:16,281 [INFO] MainUpdater:2872 - connection check result : 10
2026-06-05 20:29:16,282 [INFO] McuFinderGlobals:76 - Set McuFinderConnectedMode to true
2026-06-05 20:29:16,684 [INFO] ServerAccessManage:452 - Complete download http(s) 200
2026-06-05 20:29:16,686 [INFO] ServerAccessManage:509 - Download File mcusAds.json._tmp_
2026-06-05 20:29:16,828 [INFO] LoadUrlFilesThread:156 - End of LoadUrlFiles Thread
2026-06-05 20:29:17,062 [INFO] ServerAccessManage:452 - Complete download http(s) 200
2026-06-05 20:29:17,062 [INFO] ServerAccessManage:509 - Download File cube-finder-db.zip
2026-06-05 20:29:26,060 [INFO] FileExtend:248 - Unzip File : cube-finder-db.zip
2026-06-05 20:29:26,060 [INFO] FileExtend:263 - Standard Zip Deflate
2026-06-05 20:29:26,651 [INFO] LoadUrlFilesThread:156 - End of LoadUrlFiles Thread
2026-06-05 20:29:28,081 [INFO] ServerAccessManage:452 - Complete download http(s) 200
2026-06-05 20:29:28,081 [INFO] ServerAccessManage:509 - Download File crdb.zip
2026-06-05 20:29:29,505 [INFO] FileExtend:248 - Unzip File : crdb.zip
2026-06-05 20:29:29,506 [INFO] FileExtend:263 - Standard Zip Deflate
2026-06-05 20:29:29,629 [INFO] LoadUrlFilesThread:156 - End of LoadUrlFiles Thread
2026-06-05 20:29:29,726 [INFO] ServerAccessManage:452 - Complete download http(s) 200
2026-06-05 20:29:29,726 [INFO] ServerAccessManage:509 - Download File tutoVideoDB.zip
2026-06-05 20:29:29,751 [INFO] FileExtend:248 - Unzip File : tutoVideoDB.zip
2026-06-05 20:29:29,751 [INFO] FileExtend:263 - Standard Zip Deflate
2026-06-05 20:29:29,867 [INFO] LoadUrlFilesThread:156 - End of LoadUrlFiles Thread
2026-06-05 20:29:29,868 [WARN] DbFile:41 - Overriding database path with different value: C:\Users\Josh\.stmcufinder\plugins\mcufinder/ => C:\Users\Josh\.stmcufinder\plugins\mcufinder
2026-06-05 20:29:30,893 [ERROR] ServerAccessManage:1212 - Problem, file not found on Server
2026-06-05 20:29:30,895 [ERROR] ServerAccessManage:740 - Problem, file not found on Server : api_config.json.
2026-06-05 20:29:33,823 [INFO] LoadUrlFilesThread:156 - End of LoadUrlFiles Thread
2026-06-05 20:29:34,981 [INFO] DbMcusAds:53 - JSON generation date=Fri May 29 02:08:17 AEST 2026 (1779984497073)
2026-06-05 20:29:34,983 [INFO] ApiDb:448 - Save user favorites file C:\Users\Josh/.stm32cubeide/favorites.mcus.txt: 0 item(s)
2026-06-05 20:29:34,984 [INFO] ApiDb:452 - User favorites MCUs=[]
2026-06-05 20:29:34,985 [INFO] ApiDb:581 - Connected to CubeFinder SQLite database (C:\Users\Josh\.stmcufinder\plugins\mcufinder\mcu\cube-finder-db.db)
2026-06-05 20:29:35,035 [INFO] ApiDb:668 - CubeFinder database Data Model version=2.1
2026-06-05 20:29:35,035 [INFO] ApiDb:669 - CubeFinder database Configuration version=3.0.42
2026-06-05 20:29:35,035 [INFO] ApiDb:670 - CubeFinder database generation date=2026-05-14 (1778746352)
2026-06-05 20:29:35,036 [INFO] ApiDb:671 - CubeFinder database FW Pack versions=[FP-ATR-ASTRA1_V2.0.0, FP-SNS-FLIGHT1_V5.1.0, FP-SNS-MOTENV1_V5.1.0, FP-SNS-MOTENVWB1_V1.5.0, FP-SNS-SMARTAG2_V1.2.0, FP-SNS-STBOX1_V2.1.0, STM32Cube_FW_C0_V1.4.0, STM32Cube_FW_F4_V1.28.3, STM32Cube_FW_F7_V1.17.4, STM32Cube_FW_G0_V1.6.3, STM32Cube_FW_G4_V1.6.2, STM32Cube_FW_H5_V1.6.0, STM32Cube_FW_H7RS_V1.3.0, STM32Cube_FW_H7_V1.13.0, STM32Cube_FW_L0_V1.12.2, STM32Cube_FW_L4_V1.18.2, STM32Cube_FW_L5_V1.6.0, STM32Cube_FW_N6_V1.3.0, STM32Cube_FW_U0_V1.3.0, STM32Cube_FW_U3_V1.3.0, STM32Cube_FW_U5_V1.8.0, STM32Cube_FW_WB0_V1.4.0, STM32Cube_FW_WBA_V1.9.0, STM32Cube_FW_WB_V1.24.0, STM32Cube_FW_WL3_V1.4.0, STM32Cube_FW_WL_V1.5.0, X-CUBE-ALGOBUILD_V1.4.0, X-CUBE-ALS_V1.0.2, X-CUBE-AZRTOS-F4_V1.1.0, X-CUBE-AZRTOS-F7_V1.1.0, X-CUBE-AZRTOS-G0_V1.1.0, X-CUBE-AZRTOS-G4_V2.0.0, X-CUBE-AZRTOS-H7RS_V1.1.0, X-CUBE-AZRTOS-H7_V3.5.0, X-CUBE-AZRTOS-L4_V2.0.0, X-CUBE-AZRTOS-L5_V2.0.0, X-CUBE-AZRTOS-WB_V2.0.0, X-CUBE-AZRTOS-WL_V2.0.0, X-CUBE-BLE1_V7.1.0, X-CUBE-BLE2_V3.3.0, X-CUBE-BLEMGR_V4.1.0, X-CUBE-EEPRMA1_V5.2.0, X-CUBE-FREERTOS_V1.5.0, X-CUBE-GNSS1_V7.1.1, X-CUBE-MEMS1_V12.1.0, X-CUBE-NFC4_V3.0.0, X-CUBE-NFC7_V2.0.0, X-CUBE-SFXS2LP1_V4.0.0, X-CUBE-ST67W61_V1.3.0, X-CUBE-SUBG2_V5.0.0, X-CUBE-TOF1_V3.4.3]
2026-06-05 20:29:36,518 [INFO] ApiDb:240 - Found 880 in-development CPN: [B-G473E-ZEST1S, B-WB1M-WPAN1, B-WBA5M-WPAN, B-WL5M-SUBG1, NUCLEO-C031C6, NUCLEO-C051C8, NUCLEO-C071RB, NUCLEO-C092RC, NUCLEO-H503RB, NUCLEO-H533RE, NUCLEO-H563ZI, NUCLEO-H7S3L8, NUCLEO-N657X0-Q, NUCLEO-U031R8, NUCLEO-U083RC, NUCLEO-U385RG-Q, NUCLEO-U545RE-Q, NUCLEO-U5A5ZJ-Q, NUCLEO-WB05KZ, NUCLEO-WB07CC, NUCLEO-WB09KE, NUCLEO-WBA52CG, NUCLEO-WBA55CG, NUCLEO-WL33CC1, NUCLEO-WL33CC2, STEVAL-PROTEUS1, STEVAL-SMARTAG2, STEVAL-STWINBX1, STM320518-EVAL, STM32C0116-DK, STM32C011D6Y3TR, STM32C011D6Y6TR, STM32C011F4P3, STM32C011F4P6, STM32C011F4U3, STM32C011F4U6TR, STM32C011F6P3, STM32C011F6P6, STM32C011F6U3, STM32C011F6U6TR, STM32C011J4M3, STM32C011J4M6, STM32C011J6M3, STM32C011J6M6, STM32C0316-DK, STM32C031C4T3, STM32C031C4T6, STM32C031C4U3, STM32C031C4U6, STM32C031C6T3, STM32C031C6T6, STM32C031C6U3, STM32C031C6U6, STM32C031F4P3, STM32C031F4P6, STM32C031F6P3, STM32C031F6P6, STM32C031G4U3, STM32C031G4U6, STM32C031G6U3, STM32C031G6U6, STM32C031K4T3, STM32C031K4T6, STM32C031K4U3, STM32C031K4U6, STM32C031K6T3, STM32C031K6T6, STM32C031K6U3, STM32C031K6U6, STM32C051C6T6, STM32C051C6U6, STM32C051C8T6, STM32C051C8U6, STM32C051D8Y6TR, STM32C051F6P6, STM32C051F8P6, STM32C051G6U6, STM32C051G8U6, STM32C051K6T6, STM32C051K6U6, STM32C051K8T6, STM32C071C8T6, STM32C071C8T6N, STM32C071C8U6, STM32C071C8U6N, STM32C071CBT6, STM32C071CBT6N, STM32C071CBU6, STM32C071CBU6N, STM32C071F8P6, STM32C071F8P6N, STM32C071FBP6, STM32C071FBP6N, STM32C071FBY6TR, STM32C071G8U6, STM32C071G8U6N, STM32C071GBU6, STM32C071GBU6N, STM32C071K8T6, STM32C071K8T6N, STM32C071K8U6, STM32C071K8U6N, STM32C071KBT6, STM32C071KBT6N, STM32C071KBU6, STM32C071KBU6N, STM32C071R8T6, STM32C071R8T6N, STM32C071RBI6N, STM32C071RBT6, STM32C071RBT6N, STM32C091CBT6, STM32C091CBU6, STM32C091CCT6, STM32C091CCU6, STM32C091ECY6TR, STM32C091FBP6, STM32C091FCP6, STM32C091GBU6, STM32C091GCU6, STM32C091KBT6, STM32C091KBU6, STM32C091KCT6, STM32C091KCU6, STM32C091RBT6, STM32C091RCI6, STM32C091RCT6, STM32C092CBT6, STM32C092CBU6, STM32C092CCT6, STM32C092CCU6, STM32C092ECY6TR, STM32C092FBP6, STM32C092FCP6, STM32C092GBU6, STM32C092GCU6, STM32C092KBT6, STM32C092KBU6, STM32C092KCT6, STM32C092KCU6, STM32C092RBT6, STM32C092RCI6, STM32C092RCT6, STM32G071K8TXN, STM32G071K8UXN, STM32G081GBU6N, STM32G081KBT6N, STM32G081KBUXN, STM32G0B1CCT6N, STM32G0B1KCT6, STM32G0B1NEY6TR, STM32G0B1RCT6N, STM32G0C1CCT6, STM32G0C1CCT6N, STM32G0C1CCU6N, STM32G0C1CET6N, STM32G0C1CEU6N, STM32G0C1KCT6, STM32G0C1NEY6TR, STM32G0C1RCI6N, STM32G0C1RCT6N, STM32G0C1REI6N, STM32G0C1RET6N, STM32G0C1VCI6, STM32G0C1VEI6, STM32G411C6T3, STM32G411C6T6, STM32G411C6U3, STM32G411C6U6, STM32G411C8T3, STM32G411C8T6, STM32G411C8U3, STM32G411C8U6, STM32G411CBT3, STM32G411CBT6, STM32G411CBU3, STM32G411CBU6, STM32G411K6T3, STM32G411K6T6, STM32G411K6U3, STM32G411K6U6, STM32G411K8T3, STM32G411K8T6, STM32G411K8U3, STM32G411K8U6, STM32G411KBT3, STM32G411KBT6, STM32G411KBU3, STM32G411KBU6, STM32G411M6T3, STM32G411M6T6, STM32G411M8T3, STM32G411M8T6, STM32G411MBT3, STM32G411MBT6, STM32G411R6T3, STM32G411R6T6, STM32G411R8T3, STM32G411R8T6, STM32G411RBT3, STM32G411RBT6, STM32G414CBT3, STM32G414CBT6, STM32G414CBU3, STM32G414CBU6, STM32G414CCT3, STM32G414CCT6, STM32G414CCU3, STM32G414CCU6, STM32G414MBT3, STM32G414MBT6, STM32G414MCT3, STM32G414MCT6, STM32G414RBT3, STM32G414RBT6, STM32G414RCT3, STM32G414RCT6, STM32G414VBT3, STM32G414VBT6, STM32G414VCT3, STM32G414VCT6, STM32G431CBT3Z, STM32G431RBT3Z, STM32G471CCT6, STM32G471CCU6, STM32G471CET3, STM32G471CET6, STM32G471CEU3, STM32G471CEU6, STM32G471MCT6, STM32G471MET3, STM32G471MET6, STM32G471MEY6TR, STM32G471QCT6, STM32G471QET3, STM32G471RCT6, STM32G471RET3, STM32G471RET6, STM32G471VCH6, STM32G471VCI6, STM32G471VCT6, STM32G471VEH3, STM32G471VEH6, STM32G471VEI3, STM32G471VEI6, STM32G471VET3, STM32G471VET6, STM32G473QET3Z, STM32G473RET3Z, STM32G474CCT6, STM32G491RET3Z, STM32H503CBT6, STM32H503CBU6, STM32H503EBY6TR, STM32H503KBU6, STM32H503RBT6, STM32H523CCT6, STM32H523CCU6, STM32H523CET6, STM32H523CEU6, STM32H523HEY6TR, STM32H523RCT6, STM32H523RET6, STM32H523VCI6, STM32H523VCT6, STM32H523VEI6, STM32H523VET6, STM32H523ZCJ6, STM32H523ZCT6, STM32H523ZEJ6, STM32H523ZET6, STM32H533CET6, STM32H533CEU6, STM32H533HEY6TR, STM32H533RET6, STM32H533VEI6, STM32H533VET6, STM32H533ZEJ6, STM32H533ZET6, STM32H562AGI6, STM32H562AII6, STM32H562IGK6, STM32H562IGT6, STM32H562IIK6, STM32H562IIT6, STM32H562RGT6, STM32H562RGV6, STM32H562RIT6, STM32H562RIV6, STM32H562VGT6, STM32H562VIT6, STM32H562ZGT6, STM32H562ZIT6, STM32H563AGI6, STM32H563AII3Q, STM32H563AII6, STM32H563IGK6, STM32H563IGT6, STM32H563IIK3Q, STM32H563IIK6, STM32H563IIT3Q, STM32H563IIT6, STM32H563MIY3QTR, STM32H563RGT6, STM32H563RGV6, STM32H563RIT6, STM32H563RIV6, STM32H563VGT6, STM32H563VIT3Q, STM32H563VIT6, STM32H563ZGT6, STM32H563ZIT3Q, STM32H563ZIT6, STM32H573AII3Q, STM32H573AII6, STM32H573I-DK, STM32H573IIK3Q, STM32H573IIK6, STM32H573IIT3Q, STM32H573IIT6, STM32H573MIY3QTR, STM32H573RIT6, STM32H573RIV6, STM32H573VIT3Q, STM32H573VIT6, STM32H573ZIT3Q, STM32H573ZIT6, STM32H7R3A8I6, STM32H7R3I8K6, STM32H7R3I8T6, STM32H7R3L8H6, STM32H7R3L8H6H, STM32H7R3R8V6, STM32H7R3V8H6, STM32H7R3V8T6, STM32H7R3V8Y6TR, STM32H7R3Z8J6, STM32H7R3Z8T6, STM32H7R7A8I6, STM32H7R7I8K6, STM32H7R7I8T6, STM32H7R7L8H6, STM32H7R7L8H6H, STM32H7R7Z8J6, STM32H7S3A8I6, STM32H7S3I8K6, STM32H7S3I8T6, STM32H7S3L8H6, STM32H7S3L8H6H, STM32H7S3R8V6, STM32H7S3V8H6, STM32H7S3V8T6, STM32H7S3V8Y6TR, STM32H7S3Z8J6, STM32H7S3Z8T6, STM32H7S78-DK, STM32H7S7A8I6, STM32H7S7I8K6, STM32H7S7I8T6, STM32H7S7L8H6, STM32H7S7L8H6H, STM32H7S7Z8J6, STM32L4R5QGI6STR, STM32MP131AAE3, STM32MP131AAF3, STM32MP131AAG3, STM32MP131CAE3, STM32MP131CAF3, STM32MP131CAG3, STM32MP131DAE7, STM32MP131DAF7, STM32MP131DAG7, STM32MP131FAE7, STM32MP131FAF7, STM32MP131FAG7, STM32MP133AAE3, STM32MP133AAF3, STM32MP133AAG3, STM32MP133CAE3, STM32MP133CAF3, STM32MP133CAG3, STM32MP133DAE7, STM32MP133DAF7, STM32MP133DAG7, STM32MP133FAE7, STM32MP133FAF7, STM32MP133FAG7, STM32MP135AAE3, STM32MP135AAF3, STM32MP135AAG3, STM32MP135CAE3, STM32MP135CAF3, STM32MP135CAG3, STM32MP135DAE7, STM32MP135DAF7, STM32MP135DAG7, STM32MP135F-DK, STM32MP135FAE7, STM32MP135FAF7, STM32MP135FAF7T, STM32MP135FAF7U, STM32MP135FAG7, STM32MP211AAL3, STM32MP211AAM3, STM32MP211AAN3, STM32MP211AAO3, STM32MP211CAL3, STM32MP211CAM3, STM32MP211CAN3, STM32MP211CAO3, STM32MP211DAL3, STM32MP211DAM3, STM32MP211DAN3, STM32MP211DAO3, STM32MP211FAL3, STM32MP211FAM3, STM32MP211FAN3, STM32MP211FAO3, STM32MP213AAL3, STM32MP213AAM3, STM32MP213AAN3, STM32MP213AAO3, STM32MP213CAL3, STM32MP213CAM3, STM32MP213CAN3, STM32MP213CAO3, STM32MP213DAL3, STM32MP213DAM3, STM32MP213DAN3, STM32MP213DAO3, STM32MP213FAL3, STM32MP213FAM3, STM32MP213FAN3, STM32MP213FAO3, STM32MP215AAL3, STM32MP215AAM3, STM32MP215AAN3, STM32MP215AAO3, STM32MP215CAL3, STM32MP215CAM3, STM32MP215CAN3, STM32MP215CAO3, STM32MP215DAL3, STM32MP215DAM3, STM32MP215DAN3, STM32MP215DAO3, STM32MP215F-DK, STM32MP215FAL3, STM32MP215FAM3, STM32MP215FAN3, STM32MP215FAO3, STM32MP231AAJ3, STM32MP231AAK3, STM32MP231AAL3, STM32MP231CAJ3, STM32MP231CAK3, STM32MP231CAL3, STM32MP231DAJ3, STM32MP231DAK3, STM32MP231DAL3, STM32MP231FAJ3, STM32MP231FAK3, STM32MP231FAL3, STM32MP233AAJ3, STM32MP233AAK3, STM32MP233AAL3, STM32MP233CAJ3, STM32MP233CAK3, STM32MP233CAL3, STM32MP233DAJ3, STM32MP233DAK3, STM32MP233DAL3, STM32MP233FAJ3, STM32MP233FAK3, STM32MP233FAL3, STM32MP235AAJ3, STM32MP235AAK3, STM32MP235AAL3, STM32MP235CAJ3, STM32MP235CAK3, STM32MP235CAL3, STM32MP235DAJ3, STM32MP235DAK3, STM32MP235DAL3, STM32MP235FAJ3, STM32MP235FAK3, STM32MP235FAL3, STM32MP251AAI3, STM32MP251AAK3, STM32MP251AAL3, STM32MP251CAI3, STM32MP251CAK3, STM32MP251CAL3, STM32MP251DAI3, STM32MP251DAK3, STM32MP251DAL3, STM32MP251FAI3, STM32MP251FAK3, STM32MP251FAL3, STM32MP253AAI3, STM32MP253AAK3, STM32MP253AAL3, STM32MP253CAI3, STM32MP253CAK3, STM32MP253CAL3, STM32MP253DAI3, STM32MP253DAK3, STM32MP253DAL3, STM32MP253FAI3, STM32MP253FAK3, STM32MP253FAL3, STM32MP255AAI3, STM32MP255AAK3, STM32MP255AAL3, STM32MP255CAI3, STM32MP255CAK3, STM32MP255CAL3, STM32MP255DAI3, STM32MP255DAK3, STM32MP255DAL3, STM32MP255FAI3, STM32MP255FAK3, STM32MP255FAL3, STM32MP257AAI3, STM32MP257AAK3, STM32MP257AAL3, STM32MP257CAI3, STM32MP257CAK3, STM32MP257CAL3, STM32MP257DAI3, STM32MP257DAK3, STM32MP257DAL3, STM32MP257F-DK, STM32MP257F-EV1, STM32MP257FAI3, STM32MP257FAK3, STM32MP257FAL3, STM32N645A0H3Q, STM32N645B0H3Q, STM32N645I0H3Q, STM32N645L0H3Q, STM32N645X0H3Q, STM32N645Z0H3Q, STM32N647A0H3Q, STM32N647B0H3Q, STM32N647I0H3Q, STM32N647L0H3Q, STM32N647X0H3Q, STM32N647Z0H3Q, STM32N655A0H3Q, STM32N655B0H3Q, STM32N655I0H3Q, STM32N655L0H3Q, STM32N655X0H3Q, STM32N655Z0H3Q, STM32N6570-DK, STM32N657A0H3Q, STM32N657B0H3Q, STM32N657I0H3Q, STM32N657L0H3Q, STM32N657X0H3Q, STM32N657Z0H3Q, STM32U031C6T6, STM32U031C6U6, STM32U031C8T6, STM32U031C8U6, STM32U031F4P6, STM32U031F6P6, STM32U031F8P6, STM32U031G6Y6TR, STM32U031G8Y6TR, STM32U031K4U6, STM32U031K6U6, STM32U031K8U6, STM32U031R6I6, STM32U031R6T6, STM32U031R8I6, STM32U031R8T6, STM32U073C8T6, STM32U073C8U6, STM32U073CBT6, STM32U073CBU6, STM32U073CCT6, STM32U073CCU6, STM32U073H8Y6TR, STM32U073HBY6TR, STM32U073HCY6TR, STM32U073K8U6, STM32U073KBU6, STM32U073KCU6, STM32U073M8I6, STM32U073M8T6, STM32U073MBI6, STM32U073MBT6, STM32U073MCI6, STM32U073MCT6, STM32U073R8I6, STM32U073R8T6, STM32U073RBI6, STM32U073RBT6, STM32U073RCI6, STM32U073RCT6, STM32U083C-DK, STM32U083CCT6, STM32U083CCU6, STM32U083HCY6TR, STM32U083KCU6, STM32U083MCI6, STM32U083MCT6, STM32U083RCI6, STM32U083RCT6, STM32U375CET6, STM32U375CET6Q, STM32U375CEU6, STM32U375CEU6Q, STM32U375CEY6QTR, STM32U375CGT6, STM32U375CGT6Q, STM32U375CGU6, STM32U375CGU6Q, STM32U375CGY6QTR, STM32U375KEU6, STM32U375KGU6, STM32U375REI6, STM32U375REI6Q, STM32U375RET6, STM32U375RET6Q, STM32U375REY6GTR, STM32U375REY6QTR, STM32U375RGI6, STM32U375RGI6Q, STM32U375RGT6, STM32U375RGT6Q, STM32U375RGY6GTR, STM32U375RGY6QTR, STM32U375VEI6, STM32U375VEI6Q, STM32U375VET6, STM32U375VET6Q, STM32U375VGI6, STM32U375VGI6Q, STM32U375VGT6, STM32U375VGT6Q, STM32U385CGT6, STM32U385CGT6Q, STM32U385CGU6, STM32U385CGU6Q, STM32U385CGY6QTR, STM32U385KGU6, STM32U385RGI6, STM32U385RGI6Q, STM32U385RGT6, STM32U385RGT6Q, STM32U385RGY6GTR, STM32U385RGY6QTR, STM32U385VGI6, STM32U385VGI6Q, STM32U385VGT6, STM32U385VGT6Q, STM32U535CBT6, STM32U535CBT6Q, STM32U535CBU6, STM32U535CBU6Q, STM32U535CCT6, STM32U535CCT6Q, STM32U535CCU6, STM32U535CCU6Q, STM32U535CET6, STM32U535CET6Q, STM32U535CEU6, STM32U535CEU6Q, STM32U535JEY6QTR, STM32U535NCY6QTR, STM32U535NEY6QTR, STM32U535RBI6, STM32U535RBI6Q, STM32U535RBT6, STM32U535RBT6Q, STM32U535RCI6, STM32U535RCI6Q, STM32U535RCT6, STM32U535RCT6Q, STM32U535REI6, STM32U535REI6Q, STM32U535RET6, STM32U535RET6Q, STM32U535VCI6, STM32U535VCI6Q, STM32U535VCT6, STM32U535VCT6Q, STM32U535VEI6, STM32U535VEI6Q, STM32U535VET6, STM32U535VET6Q, STM32U545CET6, STM32U545CET6Q, STM32U545CEU6, STM32U545CEU6Q, STM32U545JEY6QTR, STM32U545NEY6QTR, STM32U545REI6, STM32U545REI6Q, STM32U545RET6, STM32U545RET6Q, STM32U545VEI6, STM32U545VEI6Q, STM32U545VET6, STM32U545VET6Q, STM32U595AIH6, STM32U595AIH6Q, STM32U595AJH6, STM32U595AJH6Q, STM32U595QII6, STM32U595QII6Q, STM32U595QJI6, STM32U595QJI6Q, STM32U595RIT6, STM32U595RIT6Q, STM32U595RJT6, STM32U595RJT6Q, STM32U595VIT6, STM32U595VIT6Q, STM32U595VJT6, STM32U595VJT6Q, STM32U595ZIT6, STM32U595ZIT6Q, STM32U595ZIY6QTR, STM32U595ZJT6, STM32U595ZJT6Q, STM32U595ZJY6QTR, STM32U599BJY6QTR, STM32U599NIH6Q, STM32U599NJH6Q, STM32U599VIT6Q, STM32U599VJT6, STM32U599VJT6Q, STM32U599ZIT6Q, STM32U599ZIY6QTR, STM32U599ZJT6Q, STM32U599ZJY6QTR, STM32U5A5AJH6, STM32U5A5AJH6Q, STM32U5A5QII3Q , STM32U5A5QJI6, STM32U5A5QJI6Q, STM32U5A5RJT6, STM32U5A5RJT6Q, STM32U5A5VJT6, STM32U5A5VJT6Q, STM32U5A5ZJT6, STM32U5A5ZJT6Q, STM32U5A5ZJY6QTR, STM32U5A9BJY6QTR, STM32U5A9J-DK, STM32U5A9NJH6Q, STM32U5A9VJT6Q, STM32U5A9ZJT6Q, STM32U5A9ZJY6QTR, STM32U5F7VIT6, STM32U5F7VIT6Q, STM32U5F7VJT6, STM32U5F7VJT6Q, STM32U5F9BJY6QTR, STM32U5F9NJH6Q, STM32U5F9VIT6Q, STM32U5F9VJT6Q, STM32U5F9ZIJ6QTR, STM32U5F9ZIT6Q, STM32U5F9ZJJ6QTR, STM32U5F9ZJT6Q, STM32U5G7VJT6, STM32U5G7VJT6Q, STM32U5G9BJY6QTR, STM32U5G9J-DK1, STM32U5G9J-DK2, STM32U5G9NJH6Q, STM32U5G9VJT6Q, STM32U5G9ZJJ6QTR, STM32U5G9ZJT6Q, STM32WB05KZV6TR, STM32WB05KZV7TR, STM32WB05TZF6TR, STM32WB05TZF7TR, STM32WB06CCF6TR, STM32WB06CCF7TR, STM32WB06CCV6TR, STM32WB06CCV7TR, STM32WB06KCV6TR, STM32WB06KCV7TR, STM32WB07CCF6TR, STM32WB07CCF7TR, STM32WB07CCV6TR, STM32WB07CCV7TR, STM32WB07KCV6TR, STM32WB07KCV7TR, STM32WB09KEV6TR, STM32WB09KEV7TR, STM32WB09TEF6TR, STM32WB09TEF7TR, STM32WB1MMCH6, STM32WBA50KGU6, STM32WBA50KGU6TR, STM32WBA52CEU6, STM32WBA52CEU6TR, STM32WBA52CEU7, STM32WBA52CEU7TR, STM32WBA52CGU6, STM32WBA52CGU6TR, STM32WBA52CGU6U, STM32WBA52CGU7, STM32WBA52CGU7TR, STM32WBA52KEU6, STM32WBA52KEU6TR, STM32WBA52KGU6, STM32WBA52KGU6TR, STM32WBA54CEU6, STM32WBA54CEU6TR, STM32WBA54CEU7, STM32WBA54CEU7TR, STM32WBA54CGU6, STM32WBA54CGU6TR, STM32WBA54CGU7, STM32WBA54CGU7TR, STM32WBA54KEU6, STM32WBA54KEU6TR, STM32WBA54KEU7, STM32WBA54KEU7TR, STM32WBA54KGU6, STM32WBA54KGU6TR, STM32WBA54KGU7, STM32WBA54KGU7TR, STM32WBA55CEU6, STM32WBA55CEU6TR, STM32WBA55CEU7, STM32WBA55CEU7TR, STM32WBA55CGU6, STM32WBA55CGU6TR, STM32WBA55CGU6U, STM32WBA55CGU7, STM32WBA55CGU7TR, STM32WBA55G-DK1, STM32WBA55HEF6, STM32WBA55HEF7, STM32WBA55HGF6, STM32WBA55HGF7, STM32WBA55UEI6, STM32WBA55UEI6TR, STM32WBA55UEI7, STM32WBA55UEI7TR, STM32WBA55UGI6, STM32WBA55UGI6TR, STM32WBA55UGI7, STM32WBA55UGI7TR, STM32WBA5MMGH6TR, STM32WBA62MGF6, STM32WBA62MIF6, STM32WBA65MGF7, STM32WBA65MIF6, STM32WBA65MIF7, STM32WL30K8V6, STM32WL30KBV6, STM32WL31C8V6, STM32WL31CBV6, STM32WL31K8V6, STM32WL31KBV6, STM32WL33C8V6, STM32WL33C8V6X, STM32WL33CBV6, STM32WL33CBV6X, STM32WL33CCV6, STM32WL33CCV6A, STM32WL33CCV6X, STM32WL33K8V7, STM32WL33K8V7X, STM32WL33KBV7 , STM32WL33KBV7X, STM32WL33KCV7, STM32WL33KCV7X, STM32WL5MOCH6, STM32WL5MOCH6TR]
2026-06-05 20:29:36,520 [INFO] DbMcus:218 - Found 5086 MCUs, 4968 are supported
2026-06-05 20:29:36,521 [INFO] ApiDb:423 - Load user favorites file C:\Users\Josh/.stm32cubeide/favorites.mcus.txt: 0 item(s)
2026-06-05 20:29:36,521 [INFO] ApiDb:427 - User favorites MCUs=[]
2026-06-05 20:29:36,521 [INFO] DbMcus:224 - Set 0 / 0 favorites MCUs
2026-06-05 20:29:36,972 [INFO] ApiDb:448 - Save user favorites file C:\Users\Josh/.stm32cubeide/favorites.boards.txt: 0 item(s)
2026-06-05 20:29:36,973 [INFO] ApiDb:452 - User favorites Boards=[]
2026-06-05 20:29:36,974 [INFO] ApiDb:581 - Connected to CubeFinder SQLite database (C:\Users\Josh\.stmcufinder\plugins\mcufinder\mcu\cube-finder-db.db)
2026-06-05 20:29:37,018 [INFO] ApiDb:668 - CubeFinder database Data Model version=2.1
2026-06-05 20:29:37,018 [INFO] ApiDb:669 - CubeFinder database Configuration version=3.0.42
2026-06-05 20:29:37,018 [INFO] ApiDb:670 - CubeFinder database generation date=2026-05-14 (1778746352)
2026-06-05 20:29:37,018 [INFO] ApiDb:671 - CubeFinder database FW Pack versions=[FP-ATR-ASTRA1_V2.0.0, FP-SNS-FLIGHT1_V5.1.0, FP-SNS-MOTENV1_V5.1.0, FP-SNS-MOTENVWB1_V1.5.0, FP-SNS-SMARTAG2_V1.2.0, FP-SNS-STBOX1_V2.1.0, STM32Cube_FW_C0_V1.4.0, STM32Cube_FW_F4_V1.28.3, STM32Cube_FW_F7_V1.17.4, STM32Cube_FW_G0_V1.6.3, STM32Cube_FW_G4_V1.6.2, STM32Cube_FW_H5_V1.6.0, STM32Cube_FW_H7RS_V1.3.0, STM32Cube_FW_H7_V1.13.0, STM32Cube_FW_L0_V1.12.2, STM32Cube_FW_L4_V1.18.2, STM32Cube_FW_L5_V1.6.0, STM32Cube_FW_N6_V1.3.0, STM32Cube_FW_U0_V1.3.0, STM32Cube_FW_U3_V1.3.0, STM32Cube_FW_U5_V1.8.0, STM32Cube_FW_WB0_V1.4.0, STM32Cube_FW_WBA_V1.9.0, STM32Cube_FW_WB_V1.24.0, STM32Cube_FW_WL3_V1.4.0, STM32Cube_FW_WL_V1.5.0, X-CUBE-ALGOBUILD_V1.4.0, X-CUBE-ALS_V1.0.2, X-CUBE-AZRTOS-F4_V1.1.0, X-CUBE-AZRTOS-F7_V1.1.0, X-CUBE-AZRTOS-G0_V1.1.0, X-CUBE-AZRTOS-G4_V2.0.0, X-CUBE-AZRTOS-H7RS_V1.1.0, X-CUBE-AZRTOS-H7_V3.5.0, X-CUBE-AZRTOS-L4_V2.0.0, X-CUBE-AZRTOS-L5_V2.0.0, X-CUBE-AZRTOS-WB_V2.0.0, X-CUBE-AZRTOS-WL_V2.0.0, X-CUBE-BLE1_V7.1.0, X-CUBE-BLE2_V3.3.0, X-CUBE-BLEMGR_V4.1.0, X-CUBE-EEPRMA1_V5.2.0, X-CUBE-FREERTOS_V1.5.0, X-CUBE-GNSS1_V7.1.1, X-CUBE-MEMS1_V12.1.0, X-CUBE-NFC4_V3.0.0, X-CUBE-NFC7_V2.0.0, X-CUBE-SFXS2LP1_V4.0.0, X-CUBE-ST67W61_V1.3.0, X-CUBE-SUBG2_V5.0.0, X-CUBE-TOF1_V3.4.3]
2026-06-05 20:29:37,049 [INFO] DbBoardsSqlite:226 - include board P-NUCLEO-WB55-NUCLEO as a kit item of type 'Nucleo-64'
2026-06-05 20:29:37,050 [INFO] DbBoardsSqlite:226 - include board P-NUCLEO-WB55-USBDONGLE as a kit item of type 'Nucleo USB Dongle'
2026-06-05 20:29:37,050 [INFO] DbBoardsSqlite:226 - include board STEVAL-IDP005V1 as a kit item of type 'Evaluation Board'
2026-06-05 20:29:37,050 [INFO] DbBoardsSqlite:226 - include board STEVAL-IDP005V2 as a kit item of type 'Evaluation Board'
2026-06-05 20:29:37,094 [INFO] ApiDb:240 - Found 880 in-development CPN: [B-G473E-ZEST1S, B-WB1M-WPAN1, B-WBA5M-WPAN, B-WL5M-SUBG1, NUCLEO-C031C6, NUCLEO-C051C8, NUCLEO-C071RB, NUCLEO-C092RC, NUCLEO-H503RB, NUCLEO-H533RE, NUCLEO-H563ZI, NUCLEO-H7S3L8, NUCLEO-N657X0-Q, NUCLEO-U031R8, NUCLEO-U083RC, NUCLEO-U385RG-Q, NUCLEO-U545RE-Q, NUCLEO-U5A5ZJ-Q, NUCLEO-WB05KZ, NUCLEO-WB07CC, NUCLEO-WB09KE, NUCLEO-WBA52CG, NUCLEO-WBA55CG, NUCLEO-WL33CC1, NUCLEO-WL33CC2, STEVAL-PROTEUS1, STEVAL-SMARTAG2, STEVAL-STWINBX1, STM320518-EVAL, STM32C0116-DK, STM32C011D6Y3TR, STM32C011D6Y6TR, STM32C011F4P3, STM32C011F4P6, STM32C011F4U3, STM32C011F4U6TR, STM32C011F6P3, STM32C011F6P6, STM32C011F6U3, STM32C011F6U6TR, STM32C011J4M3, STM32C011J4M6, STM32C011J6M3, STM32C011J6M6, STM32C0316-DK, STM32C031C4T3, STM32C031C4T6, STM32C031C4U3, STM32C031C4U6, STM32C031C6T3, STM32C031C6T6, STM32C031C6U3, STM32C031C6U6, STM32C031F4P3, STM32C031F4P6, STM32C031F6P3, STM32C031F6P6, STM32C031G4U3, STM32C031G4U6, STM32C031G6U3, STM32C031G6U6, STM32C031K4T3, STM32C031K4T6, STM32C031K4U3, STM32C031K4U6, STM32C031K6T3, STM32C031K6T6, STM32C031K6U3, STM32C031K6U6, STM32C051C6T6, STM32C051C6U6, STM32C051C8T6, STM32C051C8U6, STM32C051D8Y6TR, STM32C051F6P6, STM32C051F8P6, STM32C051G6U6, STM32C051G8U6, STM32C051K6T6, STM32C051K6U6, STM32C051K8T6, STM32C071C8T6, STM32C071C8T6N, STM32C071C8U6, STM32C071C8U6N, STM32C071CBT6, STM32C071CBT6N, STM32C071CBU6, STM32C071CBU6N, STM32C071F8P6, STM32C071F8P6N, STM32C071FBP6, STM32C071FBP6N, STM32C071FBY6TR, STM32C071G8U6, STM32C071G8U6N, STM32C071GBU6, STM32C071GBU6N, STM32C071K8T6, STM32C071K8T6N, STM32C071K8U6, STM32C071K8U6N, STM32C071KBT6, STM32C071KBT6N, STM32C071KBU6, STM32C071KBU6N, STM32C071R8T6, STM32C071R8T6N, STM32C071RBI6N, STM32C071RBT6, STM32C071RBT6N, STM32C091CBT6, STM32C091CBU6, STM32C091CCT6, STM32C091CCU6, STM32C091ECY6TR, STM32C091FBP6, STM32C091FCP6, STM32C091GBU6, STM32C091GCU6, STM32C091KBT6, STM32C091KBU6, STM32C091KCT6, STM32C091KCU6, STM32C091RBT6, STM32C091RCI6, STM32C091RCT6, STM32C092CBT6, STM32C092CBU6, STM32C092CCT6, STM32C092CCU6, STM32C092ECY6TR, STM32C092FBP6, STM32C092FCP6, STM32C092GBU6, STM32C092GCU6, STM32C092KBT6, STM32C092KBU6, STM32C092KCT6, STM32C092KCU6, STM32C092RBT6, STM32C092RCI6, STM32C092RCT6, STM32G071K8TXN, STM32G071K8UXN, STM32G081GBU6N, STM32G081KBT6N, STM32G081KBUXN, STM32G0B1CCT6N, STM32G0B1KCT6, STM32G0B1NEY6TR, STM32G0B1RCT6N, STM32G0C1CCT6, STM32G0C1CCT6N, STM32G0C1CCU6N, STM32G0C1CET6N, STM32G0C1CEU6N, STM32G0C1KCT6, STM32G0C1NEY6TR, STM32G0C1RCI6N, STM32G0C1RCT6N, STM32G0C1REI6N, STM32G0C1RET6N, STM32G0C1VCI6, STM32G0C1VEI6, STM32G411C6T3, STM32G411C6T6, STM32G411C6U3, STM32G411C6U6, STM32G411C8T3, STM32G411C8T6, STM32G411C8U3, STM32G411C8U6, STM32G411CBT3, STM32G411CBT6, STM32G411CBU3, STM32G411CBU6, STM32G411K6T3, STM32G411K6T6, STM32G411K6U3, STM32G411K6U6, STM32G411K8T3, STM32G411K8T6, STM32G411K8U3, STM32G411K8U6, STM32G411KBT3, STM32G411KBT6, STM32G411KBU3, STM32G411KBU6, STM32G411M6T3, STM32G411M6T6, STM32G411M8T3, STM32G411M8T6, STM32G411MBT3, STM32G411MBT6, STM32G411R6T3, STM32G411R6T6, STM32G411R8T3, STM32G411R8T6, STM32G411RBT3, STM32G411RBT6, STM32G414CBT3, STM32G414CBT6, STM32G414CBU3, STM32G414CBU6, STM32G414CCT3, STM32G414CCT6, STM32G414CCU3, STM32G414CCU6, STM32G414MBT3, STM32G414MBT6, STM32G414MCT3, STM32G414MCT6, STM32G414RBT3, STM32G414RBT6, STM32G414RCT3, STM32G414RCT6, STM32G414VBT3, STM32G414VBT6, STM32G414VCT3, STM32G414VCT6, STM32G431CBT3Z, STM32G431RBT3Z, STM32G471CCT6, STM32G471CCU6, STM32G471CET3, STM32G471CET6, STM32G471CEU3, STM32G471CEU6, STM32G471MCT6, STM32G471MET3, STM32G471MET6, STM32G471MEY6TR, STM32G471QCT6, STM32G471QET3, STM32G471RCT6, STM32G471RET3, STM32G471RET6, STM32G471VCH6, STM32G471VCI6, STM32G471VCT6, STM32G471VEH3, STM32G471VEH6, STM32G471VEI3, STM32G471VEI6, STM32G471VET3, STM32G471VET6, STM32G473QET3Z, STM32G473RET3Z, STM32G474CCT6, STM32G491RET3Z, STM32H503CBT6, STM32H503CBU6, STM32H503EBY6TR, STM32H503KBU6, STM32H503RBT6, STM32H523CCT6, STM32H523CCU6, STM32H523CET6, STM32H523CEU6, STM32H523HEY6TR, STM32H523RCT6, STM32H523RET6, STM32H523VCI6, STM32H523VCT6, STM32H523VEI6, STM32H523VET6, STM32H523ZCJ6, STM32H523ZCT6, STM32H523ZEJ6, STM32H523ZET6, STM32H533CET6, STM32H533CEU6, STM32H533HEY6TR, STM32H533RET6, STM32H533VEI6, STM32H533VET6, STM32H533ZEJ6, STM32H533ZET6, STM32H562AGI6, STM32H562AII6, STM32H562IGK6, STM32H562IGT6, STM32H562IIK6, STM32H562IIT6, STM32H562RGT6, STM32H562RGV6, STM32H562RIT6, STM32H562RIV6, STM32H562VGT6, STM32H562VIT6, STM32H562ZGT6, STM32H562ZIT6, STM32H563AGI6, STM32H563AII3Q, STM32H563AII6, STM32H563IGK6, STM32H563IGT6, STM32H563IIK3Q, STM32H563IIK6, STM32H563IIT3Q, STM32H563IIT6, STM32H563MIY3QTR, STM32H563RGT6, STM32H563RGV6, STM32H563RIT6, STM32H563RIV6, STM32H563VGT6, STM32H563VIT3Q, STM32H563VIT6, STM32H563ZGT6, STM32H563ZIT3Q, STM32H563ZIT6, STM32H573AII3Q, STM32H573AII6, STM32H573I-DK, STM32H573IIK3Q, STM32H573IIK6, STM32H573IIT3Q, STM32H573IIT6, STM32H573MIY3QTR, STM32H573RIT6, STM32H573RIV6, STM32H573VIT3Q, STM32H573VIT6, STM32H573ZIT3Q, STM32H573ZIT6, STM32H7R3A8I6, STM32H7R3I8K6, STM32H7R3I8T6, STM32H7R3L8H6, STM32H7R3L8H6H, STM32H7R3R8V6, STM32H7R3V8H6, STM32H7R3V8T6, STM32H7R3V8Y6TR, STM32H7R3Z8J6, STM32H7R3Z8T6, STM32H7R7A8I6, STM32H7R7I8K6, STM32H7R7I8T6, STM32H7R7L8H6, STM32H7R7L8H6H, STM32H7R7Z8J6, STM32H7S3A8I6, STM32H7S3I8K6, STM32H7S3I8T6, STM32H7S3L8H6, STM32H7S3L8H6H, STM32H7S3R8V6, STM32H7S3V8H6, STM32H7S3V8T6, STM32H7S3V8Y6TR, STM32H7S3Z8J6, STM32H7S3Z8T6, STM32H7S78-DK, STM32H7S7A8I6, STM32H7S7I8K6, STM32H7S7I8T6, STM32H7S7L8H6, STM32H7S7L8H6H, STM32H7S7Z8J6, STM32L4R5QGI6STR, STM32MP131AAE3, STM32MP131AAF3, STM32MP131AAG3, STM32MP131CAE3, STM32MP131CAF3, STM32MP131CAG3, STM32MP131DAE7, STM32MP131DAF7, STM32MP131DAG7, STM32MP131FAE7, STM32MP131FAF7, STM32MP131FAG7, STM32MP133AAE3, STM32MP133AAF3, STM32MP133AAG3, STM32MP133CAE3, STM32MP133CAF3, STM32MP133CAG3, STM32MP133DAE7, STM32MP133DAF7, STM32MP133DAG7, STM32MP133FAE7, STM32MP133FAF7, STM32MP133FAG7, STM32MP135AAE3, STM32MP135AAF3, STM32MP135AAG3, STM32MP135CAE3, STM32MP135CAF3, STM32MP135CAG3, STM32MP135DAE7, STM32MP135DAF7, STM32MP135DAG7, STM32MP135F-DK, STM32MP135FAE7, STM32MP135FAF7, STM32MP135FAF7T, STM32MP135FAF7U, STM32MP135FAG7, STM32MP211AAL3, STM32MP211AAM3, STM32MP211AAN3, STM32MP211AAO3, STM32MP211CAL3, STM32MP211CAM3, STM32MP211CAN3, STM32MP211CAO3, STM32MP211DAL3, STM32MP211DAM3, STM32MP211DAN3, STM32MP211DAO3, STM32MP211FAL3, STM32MP211FAM3, STM32MP211FAN3, STM32MP211FAO3, STM32MP213AAL3, STM32MP213AAM3, STM32MP213AAN3, STM32MP213AAO3, STM32MP213CAL3, STM32MP213CAM3, STM32MP213CAN3, STM32MP213CAO3, STM32MP213DAL3, STM32MP213DAM3, STM32MP213DAN3, STM32MP213DAO3, STM32MP213FAL3, STM32MP213FAM3, STM32MP213FAN3, STM32MP213FAO3, STM32MP215AAL3, STM32MP215AAM3, STM32MP215AAN3, STM32MP215AAO3, STM32MP215CAL3, STM32MP215CAM3, STM32MP215CAN3, STM32MP215CAO3, STM32MP215DAL3, STM32MP215DAM3, STM32MP215DAN3, STM32MP215DAO3, STM32MP215F-DK, STM32MP215FAL3, STM32MP215FAM3, STM32MP215FAN3, STM32MP215FAO3, STM32MP231AAJ3, STM32MP231AAK3, STM32MP231AAL3, STM32MP231CAJ3, STM32MP231CAK3, STM32MP231CAL3, STM32MP231DAJ3, STM32MP231DAK3, STM32MP231DAL3, STM32MP231FAJ3, STM32MP231FAK3, STM32MP231FAL3, STM32MP233AAJ3, STM32MP233AAK3, STM32MP233AAL3, STM32MP233CAJ3, STM32MP233CAK3, STM32MP233CAL3, STM32MP233DAJ3, STM32MP233DAK3, STM32MP233DAL3, STM32MP233FAJ3, STM32MP233FAK3, STM32MP233FAL3, STM32MP235AAJ3, STM32MP235AAK3, STM32MP235AAL3, STM32MP235CAJ3, STM32MP235CAK3, STM32MP235CAL3, STM32MP235DAJ3, STM32MP235DAK3, STM32MP235DAL3, STM32MP235FAJ3, STM32MP235FAK3, STM32MP235FAL3, STM32MP251AAI3, STM32MP251AAK3, STM32MP251AAL3, STM32MP251CAI3, STM32MP251CAK3, STM32MP251CAL3, STM32MP251DAI3, STM32MP251DAK3, STM32MP251DAL3, STM32MP251FAI3, STM32MP251FAK3, STM32MP251FAL3, STM32MP253AAI3, STM32MP253AAK3, STM32MP253AAL3, STM32MP253CAI3, STM32MP253CAK3, STM32MP253CAL3, STM32MP253DAI3, STM32MP253DAK3, STM32MP253DAL3, STM32MP253FAI3, STM32MP253FAK3, STM32MP253FAL3, STM32MP255AAI3, STM32MP255AAK3, STM32MP255AAL3, STM32MP255CAI3, STM32MP255CAK3, STM32MP255CAL3, STM32MP255DAI3, STM32MP255DAK3, STM32MP255DAL3, STM32MP255FAI3, STM32MP255FAK3, STM32MP255FAL3, STM32MP257AAI3, STM32MP257AAK3, STM32MP257AAL3, STM32MP257CAI3, STM32MP257CAK3, STM32MP257CAL3, STM32MP257DAI3, STM32MP257DAK3, STM32MP257DAL3, STM32MP257F-DK, STM32MP257F-EV1, STM32MP257FAI3, STM32MP257FAK3, STM32MP257FAL3, STM32N645A0H3Q, STM32N645B0H3Q, STM32N645I0H3Q, STM32N645L0H3Q, STM32N645X0H3Q, STM32N645Z0H3Q, STM32N647A0H3Q, STM32N647B0H3Q, STM32N647I0H3Q, STM32N647L0H3Q, STM32N647X0H3Q, STM32N647Z0H3Q, STM32N655A0H3Q, STM32N655B0H3Q, STM32N655I0H3Q, STM32N655L0H3Q, STM32N655X0H3Q, STM32N655Z0H3Q, STM32N6570-DK, STM32N657A0H3Q, STM32N657B0H3Q, STM32N657I0H3Q, STM32N657L0H3Q, STM32N657X0H3Q, STM32N657Z0H3Q, STM32U031C6T6, STM32U031C6U6, STM32U031C8T6, STM32U031C8U6, STM32U031F4P6, STM32U031F6P6, STM32U031F8P6, STM32U031G6Y6TR, STM32U031G8Y6TR, STM32U031K4U6, STM32U031K6U6, STM32U031K8U6, STM32U031R6I6, STM32U031R6T6, STM32U031R8I6, STM32U031R8T6, STM32U073C8T6, STM32U073C8U6, STM32U073CBT6, STM32U073CBU6, STM32U073CCT6, STM32U073CCU6, STM32U073H8Y6TR, STM32U073HBY6TR, STM32U073HCY6TR, STM32U073K8U6, STM32U073KBU6, STM32U073KCU6, STM32U073M8I6, STM32U073M8T6, STM32U073MBI6, STM32U073MBT6, STM32U073MCI6, STM32U073MCT6, STM32U073R8I6, STM32U073R8T6, STM32U073RBI6, STM32U073RBT6, STM32U073RCI6, STM32U073RCT6, STM32U083C-DK, STM32U083CCT6, STM32U083CCU6, STM32U083HCY6TR, STM32U083KCU6, STM32U083MCI6, STM32U083MCT6, STM32U083RCI6, STM32U083RCT6, STM32U375CET6, STM32U375CET6Q, STM32U375CEU6, STM32U375CEU6Q, STM32U375CEY6QTR, STM32U375CGT6, STM32U375CGT6Q, STM32U375CGU6, STM32U375CGU6Q, STM32U375CGY6QTR, STM32U375KEU6, STM32U375KGU6, STM32U375REI6, STM32U375REI6Q, STM32U375RET6, STM32U375RET6Q, STM32U375REY6GTR, STM32U375REY6QTR, STM32U375RGI6, STM32U375RGI6Q, STM32U375RGT6, STM32U375RGT6Q, STM32U375RGY6GTR, STM32U375RGY6QTR, STM32U375VEI6, STM32U375VEI6Q, STM32U375VET6, STM32U375VET6Q, STM32U375VGI6, STM32U375VGI6Q, STM32U375VGT6, STM32U375VGT6Q, STM32U385CGT6, STM32U385CGT6Q, STM32U385CGU6, STM32U385CGU6Q, STM32U385CGY6QTR, STM32U385KGU6, STM32U385RGI6, STM32U385RGI6Q, STM32U385RGT6, STM32U385RGT6Q, STM32U385RGY6GTR, STM32U385RGY6QTR, STM32U385VGI6, STM32U385VGI6Q, STM32U385VGT6, STM32U385VGT6Q, STM32U535CBT6, STM32U535CBT6Q, STM32U535CBU6, STM32U535CBU6Q, STM32U535CCT6, STM32U535CCT6Q, STM32U535CCU6, STM32U535CCU6Q, STM32U535CET6, STM32U535CET6Q, STM32U535CEU6, STM32U535CEU6Q, STM32U535JEY6QTR, STM32U535NCY6QTR, STM32U535NEY6QTR, STM32U535RBI6, STM32U535RBI6Q, STM32U535RBT6, STM32U535RBT6Q, STM32U535RCI6, STM32U535RCI6Q, STM32U535RCT6, STM32U535RCT6Q, STM32U535REI6, STM32U535REI6Q, STM32U535RET6, STM32U535RET6Q, STM32U535VCI6, STM32U535VCI6Q, STM32U535VCT6, STM32U535VCT6Q, STM32U535VEI6, STM32U535VEI6Q, STM32U535VET6, STM32U535VET6Q, STM32U545CET6, STM32U545CET6Q, STM32U545CEU6, STM32U545CEU6Q, STM32U545JEY6QTR, STM32U545NEY6QTR, STM32U545REI6, STM32U545REI6Q, STM32U545RET6, STM32U545RET6Q, STM32U545VEI6, STM32U545VEI6Q, STM32U545VET6, STM32U545VET6Q, STM32U595AIH6, STM32U595AIH6Q, STM32U595AJH6, STM32U595AJH6Q, STM32U595QII6, STM32U595QII6Q, STM32U595QJI6, STM32U595QJI6Q, STM32U595RIT6, STM32U595RIT6Q, STM32U595RJT6, STM32U595RJT6Q, STM32U595VIT6, STM32U595VIT6Q, STM32U595VJT6, STM32U595VJT6Q, STM32U595ZIT6, STM32U595ZIT6Q, STM32U595ZIY6QTR, STM32U595ZJT6, STM32U595ZJT6Q, STM32U595ZJY6QTR, STM32U599BJY6QTR, STM32U599NIH6Q, STM32U599NJH6Q, STM32U599VIT6Q, STM32U599VJT6, STM32U599VJT6Q, STM32U599ZIT6Q, STM32U599ZIY6QTR, STM32U599ZJT6Q, STM32U599ZJY6QTR, STM32U5A5AJH6, STM32U5A5AJH6Q, STM32U5A5QII3Q , STM32U5A5QJI6, STM32U5A5QJI6Q, STM32U5A5RJT6, STM32U5A5RJT6Q, STM32U5A5VJT6, STM32U5A5VJT6Q, STM32U5A5ZJT6, STM32U5A5ZJT6Q, STM32U5A5ZJY6QTR, STM32U5A9BJY6QTR, STM32U5A9J-DK, STM32U5A9NJH6Q, STM32U5A9VJT6Q, STM32U5A9ZJT6Q, STM32U5A9ZJY6QTR, STM32U5F7VIT6, STM32U5F7VIT6Q, STM32U5F7VJT6, STM32U5F7VJT6Q, STM32U5F9BJY6QTR, STM32U5F9NJH6Q, STM32U5F9VIT6Q, STM32U5F9VJT6Q, STM32U5F9ZIJ6QTR, STM32U5F9ZIT6Q, STM32U5F9ZJJ6QTR, STM32U5F9ZJT6Q, STM32U5G7VJT6, STM32U5G7VJT6Q, STM32U5G9BJY6QTR, STM32U5G9J-DK1, STM32U5G9J-DK2, STM32U5G9NJH6Q, STM32U5G9VJT6Q, STM32U5G9ZJJ6QTR, STM32U5G9ZJT6Q, STM32WB05KZV6TR, STM32WB05KZV7TR, STM32WB05TZF6TR, STM32WB05TZF7TR, STM32WB06CCF6TR, STM32WB06CCF7TR, STM32WB06CCV6TR, STM32WB06CCV7TR, STM32WB06KCV6TR, STM32WB06KCV7TR, STM32WB07CCF6TR, STM32WB07CCF7TR, STM32WB07CCV6TR, STM32WB07CCV7TR, STM32WB07KCV6TR, STM32WB07KCV7TR, STM32WB09KEV6TR, STM32WB09KEV7TR, STM32WB09TEF6TR, STM32WB09TEF7TR, STM32WB1MMCH6, STM32WBA50KGU6, STM32WBA50KGU6TR, STM32WBA52CEU6, STM32WBA52CEU6TR, STM32WBA52CEU7, STM32WBA52CEU7TR, STM32WBA52CGU6, STM32WBA52CGU6TR, STM32WBA52CGU6U, STM32WBA52CGU7, STM32WBA52CGU7TR, STM32WBA52KEU6, STM32WBA52KEU6TR, STM32WBA52KGU6, STM32WBA52KGU6TR, STM32WBA54CEU6, STM32WBA54CEU6TR, STM32WBA54CEU7, STM32WBA54CEU7TR, STM32WBA54CGU6, STM32WBA54CGU6TR, STM32WBA54CGU7, STM32WBA54CGU7TR, STM32WBA54KEU6, STM32WBA54KEU6TR, STM32WBA54KEU7, STM32WBA54KEU7TR, STM32WBA54KGU6, STM32WBA54KGU6TR, STM32WBA54KGU7, STM32WBA54KGU7TR, STM32WBA55CEU6, STM32WBA55CEU6TR, STM32WBA55CEU7, STM32WBA55CEU7TR, STM32WBA55CGU6, STM32WBA55CGU6TR, STM32WBA55CGU6U, STM32WBA55CGU7, STM32WBA55CGU7TR, STM32WBA55G-DK1, STM32WBA55HEF6, STM32WBA55HEF7, STM32WBA55HGF6, STM32WBA55HGF7, STM32WBA55UEI6, STM32WBA55UEI6TR, STM32WBA55UEI7, STM32WBA55UEI7TR, STM32WBA55UGI6, STM32WBA55UGI6TR, STM32WBA55UGI7, STM32WBA55UGI7TR, STM32WBA5MMGH6TR, STM32WBA62MGF6, STM32WBA62MIF6, STM32WBA65MGF7, STM32WBA65MIF6, STM32WBA65MIF7, STM32WL30K8V6, STM32WL30KBV6, STM32WL31C8V6, STM32WL31CBV6, STM32WL31K8V6, STM32WL31KBV6, STM32WL33C8V6, STM32WL33C8V6X, STM32WL33CBV6, STM32WL33CBV6X, STM32WL33CCV6, STM32WL33CCV6A, STM32WL33CCV6X, STM32WL33K8V7, STM32WL33K8V7X, STM32WL33KBV7 , STM32WL33KBV7X, STM32WL33KCV7, STM32WL33KCV7X, STM32WL5MOCH6, STM32WL5MOCH6TR]
2026-06-05 20:29:37,145 [INFO] BoardInfo:889 - No configuration file found for board NUCLEO-H5E5ZJ
2026-06-05 20:29:37,145 [INFO] DbBoards:161 - Board is not supported: NUCLEO-H5E5ZJ
2026-06-05 20:29:37,164 [INFO] BoardInfo:889 - No configuration file found for board NUCLEO-U3C5ZI-Q
2026-06-05 20:29:37,164 [INFO] DbBoards:161 - Board is not supported: NUCLEO-U3C5ZI-Q
2026-06-05 20:29:37,170 [INFO] BoardInfo:889 - No configuration file found for board NUCLEO-WBA25CE1
2026-06-05 20:29:37,171 [INFO] DbBoards:161 - Board is not supported: NUCLEO-WBA25CE1
2026-06-05 20:29:37,174 [INFO] BoardInfo:889 - No configuration file found for board NUCLEO-WL3RKB1
2026-06-05 20:29:37,174 [INFO] DbBoards:161 - Board is not supported: NUCLEO-WL3RKB1
2026-06-05 20:29:37,175 [INFO] BoardInfo:889 - No configuration file found for board NUCLEO-WL3RKB2
2026-06-05 20:29:37,175 [INFO] DbBoards:161 - Board is not supported: NUCLEO-WL3RKB2
2026-06-05 20:29:37,180 [INFO] BoardInfo:889 - No configuration file found for board P-NUCLEO-WB55
2026-06-05 20:29:37,180 [INFO] DbBoards:161 - Kit is not supported: P-NUCLEO-WB55
2026-06-05 20:29:37,183 [INFO] BoardInfo:889 - No configuration file found for board STEVAL-BFA001V1B
2026-06-05 20:29:37,183 [INFO] DbBoards:161 - Kit is not supported: STEVAL-BFA001V1B
2026-06-05 20:29:37,183 [INFO] BoardInfo:889 - No configuration file found for board STEVAL-BFA001V2B
2026-06-05 20:29:37,184 [INFO] DbBoards:161 - Kit is not supported: STEVAL-BFA001V2B
2026-06-05 20:29:37,225 [INFO] BoardInfo:889 - No configuration file found for board STM32H5F5J-DK
2026-06-05 20:29:37,225 [INFO] DbBoards:161 - Board is not supported: STM32H5F5J-DK
2026-06-05 20:29:37,253 [INFO] DbBoards:168 - Found 218 boards, 209 are supported
2026-06-05 20:29:37,253 [INFO] DbBoards:169 - Found 218 boards, 43 of them is supported for  Bsp
2026-06-05 20:29:37,255 [INFO] ApiDb:423 - Load user favorites file C:\Users\Josh/.stm32cubeide/favorites.boards.txt: 0 item(s)
2026-06-05 20:29:37,255 [INFO] ApiDb:427 - User favorites Boards=[]
2026-06-05 20:29:37,255 [INFO] DbBoards:198 - Set 0 / 0 favorites Boards
2026-06-05 20:29:37,270 [ERROR] TargetSelectorAdapter:267 - Unable to refresh data
2026-06-05 20:29:37,315 [INFO] McuFinderGlobals:76 - Set McuFinderConnectedMode to true
2026-06-05 20:29:37,315 [INFO] MultiScanPanel:200 - Auto-refresh data requested => check proxy status ongoing
2026-06-05 20:29:37,315 [INFO] FinderPluginLoader:96 - Searching for filters in installed packs
2026-06-05 20:29:38,369 [INFO] LoadUrlFilesThread:185 - End of LoadServerUrlFiles without Thread
2026-06-05 20:29:38,369 [INFO] DetailPanel:341 - Set advertising image to C:/Users/Josh/STM32Cube/Repository/\en.prom-stm32wl3r-0526.jpg
2026-06-05 20:30:04,517 [INFO] MainUpdater:2872 - connection check result : 10
2026-06-05 20:30:04,518 [INFO] MainUpdater:2872 - connection check result : 10
2026-06-05 20:30:06,341 [INFO] MicroXplorer:468 - Change Database Path : 
2026-06-05 20:30:06,341 [INFO] MicroXplorer:498 - Change Database Version : DB.6.0.150
2026-06-05 20:30:06,358 [ERROR] ProjectManagerView:395 - 
java.lang.NullPointerException: Cannot invoke "javax.swing.JTextField.getText()" because the return value of "java.util.List.get(int)" is null
	at com.st.microxplorer.plugins.projectmanager.gui.ProjectChoiceTab$9.caretUpdate(ProjectChoiceTab.java:2706) ~[filemanager.jar:?]
	at javax.swing.text.JTextComponent.fireCaretUpdate(JTextComponent.java:408) ~[?:?]
	at javax.swing.text.JTextComponent$MutableCaretEvent.fire(JTextComponent.java:4484) ~[?:?]
	at javax.swing.text.JTextComponent$MutableCaretEvent.stateChanged(JTextComponent.java:4506) ~[?:?]
	at javax.swing.text.DefaultCaret.fireStateChanged(DefaultCaret.java:857) ~[?:?]
	at javax.swing.text.DefaultCaret.changeCaretPosition(DefaultCaret.java:1343) ~[?:?]
	at javax.swing.text.DefaultCaret.handleSetDot(DefaultCaret.java:1242) ~[?:?]
	at javax.swing.text.DefaultCaret.setDot(DefaultCaret.java:1223) ~[?:?]
	at javax.swing.text.DefaultCaret$Handler.insertUpdate(DefaultCaret.java:1819) ~[?:?]
	at javax.swing.text.AbstractDocument.fireInsertUpdate(AbstractDocument.java:227) ~[?:?]
	at javax.swing.text.AbstractDocument.handleInsertString(AbstractDocument.java:781) ~[?:?]
	at javax.swing.text.AbstractDocument.insertString(AbstractDocument.java:740) ~[?:?]
	at javax.swing.text.PlainDocument.insertString(PlainDocument.java:131) ~[?:?]
	at javax.swing.text.AbstractDocument.replace(AbstractDocument.java:699) ~[?:?]
	at javax.swing.text.JTextComponent.setText(JTextComponent.java:1725) ~[?:?]
	at com.st.microxplorer.plugins.projectmanager.gui.ProjectChoiceTab.createHeapStackFields(ProjectChoiceTab.java:993) ~[filemanager.jar:?]
	at com.st.microxplorer.plugins.projectmanager.gui.ProjectChoiceTab.buildLinkSettingsPanel(ProjectChoiceTab.java:3813) ~[filemanager.jar:?]
	at com.st.microxplorer.plugins.projectmanager.gui.ProjectChoiceTab.defineWindowsFields(ProjectChoiceTab.java:1987) ~[filemanager.jar:?]
	at com.st.microxplorer.plugins.projectmanager.gui.ProjectChoiceTab.updateSettings(ProjectChoiceTab.java:558) ~[filemanager.jar:?]
	at com.st.microxplorer.plugins.projectmanager.gui.ProjectSettingsPanel.UpdateDialog(ProjectSettingsPanel.java:247) ~[filemanager.jar:?]
	at com.st.microxplorer.plugins.projectmanager.ProjectManagerView.propertyChange(ProjectManagerView.java:392) ~[filemanager.jar:?]
	at java.beans.PropertyChangeSupport.fire(PropertyChangeSupport.java:343) ~[?:?]
	at java.beans.PropertyChangeSupport.firePropertyChange(PropertyChangeSupport.java:335) ~[?:?]
	at java.beans.PropertyChangeSupport.firePropertyChange(PropertyChangeSupport.java:268) ~[?:?]
	at com.st.microxplorer.util.MXPropertyChangeSupport.firePropertyChange(MXPropertyChangeSupport.java:54) ~[STM32CubeMX.jar:?]
	at com.st.microxplorer.mxsystem.MxSystem.closeConfig(MxSystem.java:899) ~[STM32CubeMX.jar:?]
	at com.st.microxplorer.maingui.MainPanel.closeConfig(MainPanel.java:792) ~[STM32CubeMX.jar:?]
	at com.st.microxplorer.plugins.filemanager.engine.OpenFileManager.loadConfigurationFile(OpenFileManager.java:288) ~[filemanager.jar:?]
	at com.st.microxplorer.plugins.filemanager.engine.MainFileManager.userLoadConfig(MainFileManager.java:364) ~[filemanager.jar:?]
	at com.st.microxplorer.plugins.filemanager.engine.MainFileManager.userLoadConfig(MainFileManager.java:342) ~[filemanager.jar:?]
	at com.st.microxplorer.plugins.filemanager.FileManagerView.getSpecificTask(FileManagerView.java:264) ~[filemanager.jar:?]
	at com.st.stm32cube.common.mx.editor.CubeMxEditor.getMxTabbedPaneInstance(CubeMxEditor.java:1198) ~[com.st.stm32cube.common.mx_6.15.0.202507011659/:?]
	at com.st.stm32cube.common.mx.editor.CubeMxEditor$12$1.createSwingComponent(CubeMxEditor.java:1068) ~[com.st.stm32cube.common.mx_6.15.0.202507011659/:?]
	at com.st.stm32cube.common.mx.oss.core.awtswtbridge.EmbeddedSwingComposite.doComponentCreation(EmbeddedSwingComposite.java:492) ~[com.st.stm32cube.common.mx.oss_6.15.0.202507011659/:?]
	at com.st.stm32cube.common.mx.oss.core.awtswtbridge.EmbeddedSwingComposite$4.run(EmbeddedSwingComposite.java:291) ~[com.st.stm32cube.common.mx.oss_6.15.0.202507011659/:?]
	at com.st.stm32cube.common.mx.oss.core.awtswtbridge.AwtEnvironment$2.run(AwtEnvironment.java:166) ~[com.st.stm32cube.common.mx.oss_6.15.0.202507011659/:?]
	at java.awt.event.InvocationEvent.dispatch(InvocationEvent.java:318) ~[?:?]
	at java.awt.EventQueue.dispatchEventImpl(EventQueue.java:773) ~[?:?]
	at java.awt.EventQueue$4.run(EventQueue.java:720) ~[?:?]
	at java.awt.EventQueue$4.run(EventQueue.java:714) ~[?:?]
	at java.security.AccessController.doPrivileged(AccessController.java:400) ~[?:?]
	at java.security.ProtectionDomain$JavaSecurityAccessImpl.doIntersectionPrivilege(ProtectionDomain.java:87) ~[?:?]
	at java.awt.EventQueue.dispatchEvent(EventQueue.java:742) ~[?:?]
	at java.awt.EventDispatchThread.pumpOneEventForFilters(EventDispatchThread.java:203) ~[?:?]
	at java.awt.EventDispatchThread.pumpEventsForFilter(EventDispatchThread.java:124) ~[?:?]
	at java.awt.EventDispatchThread.pumpEventsForHierarchy(EventDispatchThread.java:113) ~[?:?]
	at java.awt.EventDispatchThread.pumpEvents(EventDispatchThread.java:109) ~[?:?]
	at java.awt.EventDispatchThread.pumpEvents(EventDispatchThread.java:101) ~[?:?]
	at java.awt.EventDispatchThread.run(EventDispatchThread.java:90) ~[?:?]
2026-06-05 20:30:06,368 [WARN] ThirdParty:871 - waiting for thirdparty lock release [close project]
2026-06-05 20:30:06,368 [INFO] ThirdParty:873 - entering critical section [close project]
2026-06-05 20:30:06,368 [INFO] ThirdParty:883 - exiting critical section [close project]
2026-06-05 20:30:06,370 [INFO] PinOutPanel:1589 - setPackage(No Configuration,No Configuration)
2026-06-05 20:30:06,378 [WARN] IpParametersView:155 - Warning: This peripheral hasn't parameters
2026-06-05 20:30:06,384 [WARN] MainPanel:289 - <html><b><center>Warning: This peripheral has no parameters to be configured<br></b></html>
2026-06-05 20:30:06,390 [INFO] UtilMem:75 - Begin LoadConfig() Used Memory: 974129432 Bytes (1073741824)
2026-06-05 20:30:06,391 [INFO] MicroXplorer:468 - Change Database Path : 
2026-06-05 20:30:06,391 [INFO] MicroXplorer:498 - Change Database Version : DB.6.0.150
2026-06-05 20:30:06,391 [INFO] OpenFileManager:355 - Change cursor
2026-06-05 20:30:06,419 [INFO] RulesReader:64 - Compatibility file has been processed (317 Rules)
2026-06-05 20:30:06,427 [INFO] Mcu:2029 - Initializing MCU STM32H743VITx STM32H743VITx STM32H743VIT6
2026-06-05 20:30:08,720 [INFO] Context:786 - Trying to add GPIOservice into a context  which must be forbidden
2026-06-05 20:30:09,611 [INFO] ImportTextPane:234 - (OptionalMessage_ERROR) Unable to find key (Mcu.ThirdPartyNb) in loaded IOC file
2026-06-05 20:30:09,611 [INFO] ImportTextPane:234 - (OptionalMessage_ERROR) Unable to find key (Mcu.PinsNb) in loaded IOC file
2026-06-05 20:30:09,611 [INFO] ImportTextPane:234 - (OptionalMessage_ERROR) Pin0 (VP_RIF_VS_RIF1) cannot be retrieved for this MCU
2026-06-05 20:30:09,611 [INFO] ImportTextPane:234 - (OptionalMessage_ERROR) Unable to find key (Mcu.IPNb) in loaded IOC file
2026-06-05 20:30:09,641 [INFO] RtosManager:558 - Registered RTOS mode: class=CMSIS, group=RTOS, mode=CMSIS_V1, owner=FREERTOS
2026-06-05 20:30:09,641 [INFO] RtosManager:558 - Registered RTOS mode: class=CMSIS, group=RTOS2, mode=CMSIS_V2, owner=FREERTOS
2026-06-05 20:30:09,641 [INFO] RtosManager:558 - Registered RTOS mode: class=RTOS, group=Core, mode=CMSIS_V1, owner=FREERTOS
2026-06-05 20:30:09,641 [INFO] RtosManager:558 - Registered RTOS mode: class=RTOS, group=Core, mode=CMSIS_V2, owner=FREERTOS
2026-06-05 20:30:09,641 [WARN] ModelIntegratedComponent:184 - Missing modes for component STMicroelectronics:FreeRTOS:0.0.1:STMicroelectronics:RTOS:FreeRTOS:Core:::10.2.0:
2026-06-05 20:30:09,650 [WARN] ModelIntegratedComponent:63 - No mode defined for component null
2026-06-05 20:30:09,650 [WARN] ModelIntegratedComponent:63 - No mode defined for component null
2026-06-05 20:30:09,650 [WARN] ModelIntegratedComponent:63 - No mode defined for component null
2026-06-05 20:30:09,650 [WARN] ModelIntegratedComponent:63 - No mode defined for component null
2026-06-05 20:30:09,650 [WARN] ModelIntegratedComponent:63 - No mode defined for component null
2026-06-05 20:30:09,651 [WARN] ModelIntegratedComponent:63 - No mode defined for component null
2026-06-05 20:30:09,651 [WARN] ModelIntegratedComponent:63 - No mode defined for component null
2026-06-05 20:30:09,651 [WARN] ModelIntegratedComponent:63 - No mode defined for component null
2026-06-05 20:30:09,651 [WARN] ModelIntegratedComponent:63 - No mode defined for component null
2026-06-05 20:30:09,651 [WARN] ModelIntegratedComponent:63 - No mode defined for component null
2026-06-05 20:30:09,651 [WARN] ModelIntegratedComponent:63 - No mode defined for component null
2026-06-05 20:30:09,651 [WARN] ModelIntegratedComponent:63 - No mode defined for component null
2026-06-05 20:30:09,651 [WARN] ModelIntegratedComponent:63 - No mode defined for component null
2026-06-05 20:30:09,651 [WARN] ModelIntegratedComponent:63 - No mode defined for component null
2026-06-05 20:30:09,651 [WARN] ModelIntegratedComponent:63 - No mode defined for component null
2026-06-05 20:30:09,651 [WARN] ModelIntegratedComponent:63 - No mode defined for component null
2026-06-05 20:30:09,651 [WARN] ModelIntegratedComponent:63 - No mode defined for component null
2026-06-05 20:30:09,651 [WARN] ModelIntegratedComponent:63 - No mode defined for component null
2026-06-05 20:30:09,651 [WARN] ModelIntegratedComponent:63 - No mode defined for component null
2026-06-05 20:30:09,651 [WARN] ModelIntegratedComponent:63 - No mode defined for component null
2026-06-05 20:30:09,651 [WARN] ModelIntegratedComponent:63 - No mode defined for component null
2026-06-05 20:30:09,651 [WARN] ModelIntegratedComponent:63 - No mode defined for component null
2026-06-05 20:30:09,651 [WARN] ModelIntegratedComponent:63 - No mode defined for component null
2026-06-05 20:30:09,651 [WARN] ModelIntegratedComponent:63 - No mode defined for component null
2026-06-05 20:30:09,651 [WARN] ModelIntegratedComponent:63 - No mode defined for component null
2026-06-05 20:30:09,651 [WARN] ModelIntegratedComponent:63 - No mode defined for component null
2026-06-05 20:30:09,651 [WARN] ModelIntegratedComponent:63 - No mode defined for component null
2026-06-05 20:30:09,651 [WARN] ModelIntegratedComponent:63 - No mode defined for component null
2026-06-05 20:30:09,651 [WARN] ModelIntegratedComponent:63 - No mode defined for component null
2026-06-05 20:30:09,651 [WARN] ModelIntegratedComponent:63 - No mode defined for component null
2026-06-05 20:30:09,651 [WARN] ModelIntegratedComponent:63 - No mode defined for component null
2026-06-05 20:30:09,651 [WARN] ModelIntegratedComponent:63 - No mode defined for component null
2026-06-05 20:30:09,651 [WARN] ModelIntegratedComponent:63 - No mode defined for component null
2026-06-05 20:30:09,651 [WARN] ModelIntegratedComponent:63 - No mode defined for component null
2026-06-05 20:30:09,651 [WARN] ModelIntegratedComponent:63 - No mode defined for component null
2026-06-05 20:30:09,651 [WARN] ModelPack:524 - Component already loaded: STMicroelectronics:HAL Drivers:0.0.0:STMicroelectronics:Device:STMicro_Driver:XSPI:HAL::0.0.1:HAL_XSPI
2026-06-05 20:30:09,783 [INFO] ThirdPartyModel:298 - Start build external matchings
2026-06-05 20:30:10,539 [INFO] ThirdPartyModel:316 - End build external matchings
2026-06-05 20:30:10,905 [INFO] UtilMem:75 - End LoadConfig() Used Memory: 872964640 Bytes (1073741824)
2026-06-05 20:30:10,940 [WARN] ThirdParty:833 - waiting for thirdparty lock release [change project]
2026-06-05 20:30:10,940 [INFO] ThirdParty:835 - entering critical section [change project]
2026-06-05 20:30:10,940 [INFO] ThirdParty:1030 - CMSIS Pack Vendor :STMicroelectronics X-CUBE-AZRTOS-H7 3.5.0
2026-06-05 20:30:10,940 [INFO] ThirdParty:1030 - CMSIS Pack Vendor :STMicroelectronics X-CUBE-PM33A1 1.0.0
2026-06-05 20:30:10,940 [INFO] ThirdParty:1030 - CMSIS Pack Vendor :STMicroelectronics USBPD 4.1
2026-06-05 20:30:10,940 [INFO] ThirdParty:1030 - CMSIS Pack Vendor :STMicroelectronics USB_HOST 2.0.0
2026-06-05 20:30:10,940 [INFO] ThirdParty:1030 - CMSIS Pack Vendor :STMicroelectronics FP-SNS-MOTENVWB1 1.4.0
2026-06-05 20:30:10,940 [INFO] ThirdParty:1030 - CMSIS Pack Vendor :STMicroelectronics X-CUBE-AZRTOS-F4 1.1.0
2026-06-05 20:30:10,940 [INFO] ThirdParty:1030 - CMSIS Pack Vendor :STMicroelectronics LIBJPEG 8.0.0
2026-06-05 20:30:10,940 [INFO] ThirdParty:1030 - CMSIS Pack Vendor :STMicroelectronics FP-ATR-ASTRA1 2.0.2
2026-06-05 20:30:10,940 [INFO] ThirdParty:1030 - CMSIS Pack Vendor :Avnet-IotConnect X-CUBE-IoTC-DA16k-PMOD 1.0.0
2026-06-05 20:30:10,940 [INFO] ThirdParty:1030 - CMSIS Pack Vendor :STMicroelectronics X-CUBE-SMBUS 2.1.0
2026-06-05 20:30:10,940 [INFO] ThirdParty:1030 - CMSIS Pack Vendor :STMicroelectronics X-CUBE-ISPU 2.1.0
2026-06-05 20:30:10,940 [INFO] ThirdParty:1030 - CMSIS Pack Vendor :STMicroelectronics eDS-WB_DPC_TT-BIDIR 2.1.1
2026-06-05 20:30:10,940 [INFO] ThirdParty:1030 - CMSIS Pack Vendor :STMicroelectronics X-CUBE-ST60 1.0.0
2026-06-05 20:30:10,940 [INFO] ThirdParty:1030 - CMSIS Pack Vendor :STMicroelectronics X-CUBE-NFC12 1.0.0
2026-06-05 20:30:10,940 [INFO] ThirdParty:1030 - CMSIS Pack Vendor :STMicroelectronics X-CUBE-AZRTOS-F7 1.1.0
2026-06-05 20:30:10,940 [INFO] ThirdParty:1030 - CMSIS Pack Vendor :STMicroelectronics X-CUBE-AZRTOS-L5 2.0.0
2026-06-05 20:30:10,940 [INFO] ThirdParty:1030 - CMSIS Pack Vendor :STMicroelectronics USB_DEVICE 2.0.0
2026-06-05 20:30:10,940 [INFO] ThirdParty:1030 - CMSIS Pack Vendor :STMicroelectronics X-CUBE-NFC6 3.1.0
2026-06-05 20:30:10,940 [INFO] ThirdParty:1030 - CMSIS Pack Vendor :STMicroelectronics X-CUBE-ALGOBUILD 1.5.0
2026-06-05 20:30:10,940 [INFO] ThirdParty:1030 - CMSIS Pack Vendor :STMicroelectronics FP-SNS-MOTENV1 5.1.0
2026-06-05 20:30:10,940 [INFO] ThirdParty:1030 - CMSIS Pack Vendor :STMicroelectronics FreeRTOS 0.0.1
2026-06-05 20:30:10,940 [INFO] ThirdParty:1030 - CMSIS Pack Vendor :STMicroelectronics eDS-WB_DPC_VIENNA 1.2.0
2026-06-05 20:30:10,940 [INFO] ThirdParty:1030 - CMSIS Pack Vendor :STMicroelectronics eDS-WB_DPC_3PH2L-BIDIR 1.1.1
2026-06-05 20:30:10,940 [INFO] ThirdParty:1030 - CMSIS Pack Vendor :Infineon AIROC-Wi-Fi-Bluetooth-STM32 1.7.1
2026-06-05 20:30:10,940 [INFO] ThirdParty:1030 - CMSIS Pack Vendor :STMicroelectronics PDM2PCM 3.3.0
2026-06-05 20:30:10,940 [INFO] ThirdParty:1030 - CMSIS Pack Vendor :STMicroelectronics X-CUBE-AZRTOS-H7 3.4.0
2026-06-05 20:30:10,940 [INFO] ThirdParty:1030 - CMSIS Pack Vendor :STMicroelectronics X-CUBE-DISPLAY 3.0.0
2026-06-05 20:30:10,940 [INFO] ThirdParty:1030 - CMSIS Pack Vendor :STMicroelectronics X-CUBE-GNSS1 7.1.1
2026-06-05 20:30:10,940 [INFO] ThirdParty:1030 - CMSIS Pack Vendor :STMicroelectronics FP-SNS-MOTENVWB1 1.5.0
2026-06-05 20:30:10,940 [INFO] ThirdParty:1030 - CMSIS Pack Vendor :STMicroelectronics X-CUBE-NFC10 1.0.0
2026-06-05 20:30:10,940 [INFO] ThirdParty:1030 - CMSIS Pack Vendor :STMicroelectronics X-CUBE-BLEMGR 4.0.0
2026-06-05 20:30:10,940 [INFO] ThirdParty:1030 - CMSIS Pack Vendor :STMicroelectronics X-CUBE-FREERTOS 1.3.1
2026-06-05 20:30:10,940 [INFO] ThirdParty:1030 - CMSIS Pack Vendor :STMicroelectronics HAL Drivers 0.0.0
2026-06-05 20:30:10,940 [INFO] ThirdParty:1030 - CMSIS Pack Vendor :emotas I-CUBE-CANOPEN 1.3.0
2026-06-05 20:30:10,940 [INFO] ThirdParty:1030 - CMSIS Pack Vendor :STMicroelectronics MBEDTLS 2.14.1
2026-06-05 20:30:10,942 [INFO] ThirdParty:1030 - CMSIS Pack Vendor :STMicroelectronics X-CUBE-GNSS1 7.1.0
2026-06-05 20:30:10,942 [INFO] ThirdParty:1030 - CMSIS Pack Vendor :STMicroelectronics X-CUBE-TOUCHGFX 4.26.0
2026-06-05 20:30:10,942 [INFO] ThirdParty:1030 - CMSIS Pack Vendor :STMicroelectronics X-CUBE-TOUCHGFX 4.26.1
2026-06-05 20:30:10,942 [INFO] ThirdParty:1030 - CMSIS Pack Vendor :quantropi X-CUBE-qispace-sdk-base 2.0.0
2026-06-05 20:30:10,942 [INFO] ThirdParty:1030 - CMSIS Pack Vendor :STMicroelectronics FP-SNS-STBOX1 2.1.0
2026-06-05 20:30:10,942 [INFO] ThirdParty:1030 - CMSIS Pack Vendor :STMicroelectronics FP-SNS-STAIOTCFT 1.0.0
2026-06-05 20:30:10,942 [INFO] ThirdParty:1030 - CMSIS Pack Vendor :STMicroelectronics FP-SNS-SMARTAG2 1.2.0
2026-06-05 20:30:10,942 [INFO] ThirdParty:1030 - CMSIS Pack Vendor :STMicroelectronics FP-SNS-FLIGHT1 5.1.0
2026-06-05 20:30:10,942 [INFO] ThirdParty:1030 - CMSIS Pack Vendor :STMicroelectronics X-CUBE-AZRTOS-WL 2.0.0
2026-06-05 20:30:10,942 [INFO] ThirdParty:1030 - CMSIS Pack Vendor :STMicroelectronics X-CUBE-DPower 1.3.0
2026-06-05 20:30:10,942 [INFO] ThirdParty:1030 - CMSIS Pack Vendor :STMicroelectronics FP-SNS-MOTENV1 5.0.0
2026-06-05 20:30:10,942 [INFO] ThirdParty:1030 - CMSIS Pack Vendor :STMicroelectronics USB_DEVICE 1.0.0
2026-06-05 20:30:10,942 [INFO] ThirdParty:1030 - CMSIS Pack Vendor :STMicroelectronics X-CUBE-AZRTOS-H7RS 1.2.0
2026-06-05 20:30:10,942 [INFO] ThirdParty:1030 - CMSIS Pack Vendor :STMicroelectronics X-CUBE-AZRTOS-L4 2.0.0
2026-06-05 20:30:10,942 [INFO] ThirdParty:1030 - CMSIS Pack Vendor :STMicroelectronics ThreadX 0.0.2
2026-06-05 20:30:10,942 [INFO] ThirdParty:1030 - CMSIS Pack Vendor :WES I-CUBE-Cesium 1.3.0
2026-06-05 20:30:10,942 [INFO] ThirdParty:1030 - CMSIS Pack Vendor :STMicroelectronics lwIP 2.1.2
2026-06-05 20:30:10,942 [INFO] ThirdParty:1030 - CMSIS Pack Vendor :STMicroelectronics X-CUBE-SFXS2LP1 4.0.0
2026-06-05 20:30:10,942 [INFO] ThirdParty:1030 - CMSIS Pack Vendor :STMicroelectronics X-CUBE-BLE2 3.3.0
2026-06-05 20:30:10,942 [INFO] ThirdParty:1030 - CMSIS Pack Vendor :Avnet-IOTCONNECT X-CUBE-iotc-st67-sdk 1.0.0
2026-06-05 20:30:10,942 [INFO] ThirdParty:1030 - CMSIS Pack Vendor :STMicroelectronics PDM2PCM 3.2.0
2026-06-05 20:30:10,942 [INFO] ThirdParty:1030 - CMSIS Pack Vendor :STMicroelectronics X-CUBE-WB05N 2.1.0
2026-06-05 20:30:10,942 [INFO] ThirdParty:1030 - CMSIS Pack Vendor :STMicroelectronics X-CUBE-ST67W61 1.2.0
2026-06-05 20:30:10,942 [INFO] ThirdParty:1030 - CMSIS Pack Vendor :STMicroelectronics X-CUBE-NFC9 1.0.0
2026-06-05 20:30:10,942 [INFO] ThirdParty:1030 - CMSIS Pack Vendor :wolfSSL I-CUBE-wolfSSL 5.8.0
2026-06-05 20:30:10,942 [INFO] ThirdParty:1030 - CMSIS Pack Vendor :STMicroelectronics X-CUBE-BLE1 7.1.0
2026-06-05 20:30:10,942 [INFO] ThirdParty:1030 - CMSIS Pack Vendor :wolfSSL I-CUBE-wolfMQTT 1.19.2
2026-06-05 20:30:10,942 [INFO] ThirdParty:1030 - CMSIS Pack Vendor :STMicroelectronics USB_DEVICE 3.0.0
2026-06-05 20:30:10,942 [INFO] ThirdParty:1030 - CMSIS Pack Vendor :STMicroelectronics X-CUBE-FREERTOS 1.4.0
2026-06-05 20:30:10,942 [INFO] ThirdParty:1030 - CMSIS Pack Vendor :STMicroelectronics X-CUBE-EEPRMA1 5.2.0
2026-06-05 20:30:10,942 [INFO] ThirdParty:1030 - CMSIS Pack Vendor :STMicroelectronics X-CUBE-BLEMGR 4.1.0
2026-06-05 20:30:10,942 [INFO] ThirdParty:1030 - CMSIS Pack Vendor :STMicroelectronics X-CUBE-AZRTOS-WB 2.0.0
2026-06-05 20:30:10,942 [INFO] ThirdParty:1030 - CMSIS Pack Vendor :STMicroelectronics X-CUBE-GNSS1 7.0.1
2026-06-05 20:30:10,942 [INFO] ThirdParty:1030 - CMSIS Pack Vendor :STMicroelectronics X-CUBE-TOUCHGFX 4.25.0
2026-06-05 20:30:10,942 [INFO] ThirdParty:1030 - CMSIS Pack Vendor :STMicroelectronics X-CUBE-AI 10.1.0
2026-06-05 20:30:10,942 [INFO] ThirdParty:1030 - CMSIS Pack Vendor :STMicroelectronics FP-SNS-STBOX1 2.0.0
2026-06-05 20:30:10,942 [INFO] ThirdParty:1030 - CMSIS Pack Vendor :STMicroelectronics FP-SNS-STAIOTCFT 1.1.0
2026-06-05 20:30:10,942 [INFO] ThirdParty:1030 - CMSIS Pack Vendor :STMicroelectronics X-CUBE-MEMS1 12.0.0
2026-06-05 20:30:10,942 [INFO] ThirdParty:1030 - CMSIS Pack Vendor :STMicroelectronics X-CUBE-STSE01 2.0.0
2026-06-05 20:30:10,942 [INFO] ThirdParty:1030 - CMSIS Pack Vendor :STMicroelectronics X-CUBE-AZRTOS-G0 1.1.0
2026-06-05 20:30:10,942 [INFO] ThirdParty:1030 - CMSIS Pack Vendor :STMicroelectronics X-CUBE-SAFEA1 1.2.2
2026-06-05 20:30:10,942 [INFO] ThirdParty:1030 - CMSIS Pack Vendor :STMicroelectronics X-CUBE-NFC4 3.0.0
2026-06-05 20:30:10,942 [INFO] ThirdParty:1030 - CMSIS Pack Vendor :STMicroelectronics X-CUBE-SUBG2 5.0.0
2026-06-05 20:30:10,942 [INFO] ThirdParty:1030 - CMSIS Pack Vendor :STMicroelectronics X-CUBE-AZRTOS-H7RS 1.1.0
2026-06-05 20:30:10,942 [INFO] ThirdParty:1030 - CMSIS Pack Vendor :STMicroelectronics STM32_WPAN 1.0.0
2026-06-05 20:30:10,942 [INFO] ThirdParty:1030 - CMSIS Pack Vendor :EmbeddedOffice I-CUBE-FS-RTOS 1.0.1
2026-06-05 20:30:10,942 [INFO] ThirdParty:1030 - CMSIS Pack Vendor :STMicroelectronics lwIP 2.0.3
2026-06-05 20:30:10,942 [INFO] ThirdParty:1030 - CMSIS Pack Vendor :Cesanta I-CUBE-Mongoose 7.13.0
2026-06-05 20:30:10,943 [INFO] ThirdParty:1030 - CMSIS Pack Vendor :STMicroelectronics USB_HOST 1.0.0
2026-06-05 20:30:10,943 [INFO] ThirdParty:1030 - CMSIS Pack Vendor :STMicroelectronics X-CUBE-AZRTOS-G4 2.0.0
2026-06-05 20:30:10,943 [INFO] ThirdParty:1030 - CMSIS Pack Vendor :STMicroelectronics X-CUBE-WB05N 2.0.0
2026-06-05 20:30:10,943 [INFO] ThirdParty:1030 - CMSIS Pack Vendor :STMicroelectronics PDM2PCM 3.1.0
2026-06-05 20:30:10,943 [INFO] ThirdParty:1030 - CMSIS Pack Vendor :wolfSSL I-CUBE-wolfTPM 3.8.0
2026-06-05 20:30:10,943 [INFO] ThirdParty:1030 - CMSIS Pack Vendor :wolfSSL I-CUBE-wolfSSH 1.4.20
2026-06-05 20:30:10,943 [INFO] ThirdParty:1030 - CMSIS Pack Vendor :STMicroelectronics X-CUBE-NFC7 2.0.0
2026-06-05 20:30:10,943 [INFO] ThirdParty:1030 - CMSIS Pack Vendor :STMicroelectronics X-CUBE-TCPP 4.2.0
2026-06-05 20:30:10,943 [INFO] ThirdParty:1030 - CMSIS Pack Vendor :RealThread X-CUBE-RT-Thread_Nano 4.1.1
2026-06-05 20:30:10,943 [INFO] ThirdParty:1030 - CMSIS Pack Vendor :STMicroelectronics FP-ATR-SIGFOX1 3.2.0
2026-06-05 20:30:10,943 [INFO] ThirdParty:1030 - CMSIS Pack Vendor :STMicroelectronics X-CUBE-EEPRMA1 5.1.0
2026-06-05 20:30:10,943 [INFO] ThirdParty:1030 - CMSIS Pack Vendor :STMicroelectronics X-CUBE-FREERTOS 1.5.0
2026-06-05 20:30:10,943 [INFO] ThirdParty:1030 - CMSIS Pack Vendor :STMicroelectronics MBEDTLS 2.16.2
2026-06-05 20:30:10,943 [INFO] ThirdParty:1030 - CMSIS Pack Vendor :STMicroelectronics X-CUBE-IPS 3.1.0
2026-06-05 20:30:10,943 [INFO] ThirdParty:1030 - CMSIS Pack Vendor :STMicroelectronics X-CUBE-ALS 1.0.2
2026-06-05 20:30:10,943 [INFO] ThirdParty:1030 - CMSIS Pack Vendor :ITTIA_DB I-CUBE-ITTIADB 8.9.0
2026-06-05 20:30:10,943 [INFO] ThirdParty:1030 - CMSIS Pack Vendor :STMicroelectronics X-CUBE-STSE01 1.0.0
2026-06-05 20:30:10,943 [INFO] ThirdParty:1030 - CMSIS Pack Vendor :portGmbH I-Cube-SoM-uGOAL 1.1.0
2026-06-05 20:30:10,943 [INFO] ThirdParty:1030 - CMSIS Pack Vendor :STMicroelectronics X-CUBE-NFC6 3.2.0
2026-06-05 20:30:10,943 [INFO] ThirdParty:1030 - CMSIS Pack Vendor :STMicroelectronics X-CUBE-ST67W61 1.0.0
2026-06-05 20:30:10,943 [INFO] ThirdParty:1030 - CMSIS Pack Vendor :STMicroelectronics X-CUBE-AI 10.2.0
2026-06-05 20:30:10,943 [INFO] ThirdParty:1030 - CMSIS Pack Vendor :STMicroelectronics ThreadX 1.0.0
2026-06-05 20:30:10,943 [INFO] ThirdParty:1030 - CMSIS Pack Vendor :STMicroelectronics X-CUBE-MEMS1 12.1.0
2026-06-05 20:30:10,943 [INFO] ThirdParty:1030 - CMSIS Pack Vendor :SEGGER I-CUBE-embOS 1.3.1
2026-06-05 20:30:10,943 [INFO] ThirdParty:1030 - CMSIS Pack Vendor :STMicroelectronics X-CUBE-ALGOBUILD 1.4.0
2026-06-05 20:30:10,943 [INFO] ThirdParty:1030 - CMSIS Pack Vendor :STMicroelectronics X-CUBE-MEMS1 11.3.0
2026-06-05 20:30:10,943 [INFO] ThirdParty:1030 - CMSIS Pack Vendor :STMicroelectronics X-CUBE-TOF1 3.4.3
2026-06-05 20:30:10,943 [INFO] ThirdParty:841 - exiting critical section [change project]
2026-06-05 20:30:11,372 [INFO] PinOutPanel:1589 - setPackage(No Configuration,No Configuration)
2026-06-05 20:30:11,373 [INFO] PinOutPanel:1589 - setPackage(STM32H743VITx,LQFP100)
2026-06-05 20:30:11,736 [INFO] UtilMem:75 - Before build in PCC Used Memory: 897328840 Bytes (1073741824)
2026-06-05 20:30:12,001 [INFO] UtilMem:75 - After build in PCC Used Memory: 963911368 Bytes (1073741824)
2026-06-05 20:30:12,027 [INFO] IPUIPlugin:80 - create IPUIPlugin
2026-06-05 20:30:12,027 [INFO] IPUIPlugin:80 - create IPUIPlugin
2026-06-05 20:30:12,027 [INFO] IPUIPlugin:80 - create IPUIPlugin
2026-06-05 20:30:12,027 [INFO] IPUIPlugin:80 - create IPUIPlugin
2026-06-05 20:30:12,027 [INFO] IPUIPlugin:80 - create IPUIPlugin
2026-06-05 20:30:12,027 [INFO] IPUIPlugin:80 - create IPUIPlugin
2026-06-05 20:30:12,027 [INFO] IPUIPlugin:80 - create IPUIPlugin
2026-06-05 20:30:12,027 [INFO] IPUIPlugin:80 - create IPUIPlugin
2026-06-05 20:30:12,027 [INFO] IPUIPlugin:80 - create IPUIPlugin
2026-06-05 20:30:12,027 [INFO] IPUIPlugin:80 - create IPUIPlugin
2026-06-05 20:30:12,027 [INFO] IPUIPlugin:80 - create IPUIPlugin
2026-06-05 20:30:12,027 [INFO] IPUIPlugin:80 - create IPUIPlugin
2026-06-05 20:30:12,027 [INFO] IPUIPlugin:80 - create IPUIPlugin
2026-06-05 20:30:12,028 [INFO] IPUIPlugin:80 - create IPUIPlugin
2026-06-05 20:30:12,028 [INFO] IPUIPlugin:80 - create IPUIPlugin
2026-06-05 20:30:12,028 [INFO] IPUIPlugin:80 - create IPUIPlugin
2026-06-05 20:30:12,028 [INFO] IPUIPlugin:80 - create IPUIPlugin
2026-06-05 20:30:12,028 [INFO] IPUIPlugin:80 - create IPUIPlugin
2026-06-05 20:30:12,028 [INFO] IPUIPlugin:80 - create IPUIPlugin
2026-06-05 20:30:12,028 [INFO] IPUIPlugin:80 - create IPUIPlugin
2026-06-05 20:30:12,028 [INFO] IPUIPlugin:80 - create IPUIPlugin
2026-06-05 20:30:12,028 [INFO] IPUIPlugin:80 - create IPUIPlugin
2026-06-05 20:30:12,028 [INFO] IPUIPlugin:80 - create IPUIPlugin
2026-06-05 20:30:12,028 [INFO] IPUIPlugin:80 - create IPUIPlugin
2026-06-05 20:30:12,028 [INFO] IPUIPlugin:80 - create IPUIPlugin
2026-06-05 20:30:12,028 [INFO] IPUIPlugin:80 - create IPUIPlugin
2026-06-05 20:30:12,028 [INFO] IPUIPlugin:80 - create IPUIPlugin
2026-06-05 20:30:12,029 [INFO] IPUIPlugin:80 - create IPUIPlugin
2026-06-05 20:30:12,029 [INFO] IPUIPlugin:80 - create IPUIPlugin
2026-06-05 20:30:12,029 [INFO] IPUIPlugin:80 - create IPUIPlugin
2026-06-05 20:30:12,029 [INFO] IPUIPlugin:80 - create IPUIPlugin
2026-06-05 20:30:12,029 [INFO] IPUIPlugin:80 - create IPUIPlugin
2026-06-05 20:30:12,029 [INFO] IPUIPlugin:80 - create IPUIPlugin
2026-06-05 20:30:12,029 [INFO] IPUIPlugin:80 - create IPUIPlugin
2026-06-05 20:30:12,029 [INFO] IPUIPlugin:80 - create IPUIPlugin
2026-06-05 20:30:12,029 [INFO] IPUIPlugin:80 - create IPUIPlugin
2026-06-05 20:30:12,030 [INFO] IPUIPlugin:80 - create IPUIPlugin
2026-06-05 20:30:12,030 [INFO] IPUIPlugin:80 - create IPUIPlugin
2026-06-05 20:30:12,030 [INFO] IPUIPlugin:80 - create IPUIPlugin
2026-06-05 20:30:12,030 [INFO] IPUIPlugin:80 - create IPUIPlugin
2026-06-05 20:30:12,030 [INFO] IPUIPlugin:80 - create IPUIPlugin
2026-06-05 20:30:12,030 [INFO] IPUIPlugin:80 - create IPUIPlugin
2026-06-05 20:30:12,030 [INFO] IPUIPlugin:80 - create IPUIPlugin
2026-06-05 20:30:12,030 [INFO] IPUIPlugin:80 - create IPUIPlugin
2026-06-05 20:30:12,031 [INFO] IPUIPlugin:80 - create IPUIPlugin
2026-06-05 20:30:12,031 [INFO] IPUIPlugin:80 - create IPUIPlugin
2026-06-05 20:30:12,031 [INFO] IPUIPlugin:80 - create IPUIPlugin
2026-06-05 20:30:12,031 [INFO] IPUIPlugin:80 - create IPUIPlugin
2026-06-05 20:30:12,031 [INFO] IPUIPlugin:80 - create IPUIPlugin
2026-06-05 20:30:12,031 [INFO] IPUIPlugin:80 - create IPUIPlugin
2026-06-05 20:30:12,031 [INFO] IPUIPlugin:80 - create IPUIPlugin
2026-06-05 20:30:12,031 [INFO] IPUIPlugin:80 - create IPUIPlugin
2026-06-05 20:30:12,032 [INFO] IPUIPlugin:80 - create IPUIPlugin
2026-06-05 20:30:12,032 [INFO] IPUIPlugin:80 - create IPUIPlugin
2026-06-05 20:30:12,032 [INFO] IPUIPlugin:80 - create IPUIPlugin
2026-06-05 20:30:12,032 [INFO] IPUIPlugin:80 - create IPUIPlugin
2026-06-05 20:30:12,032 [INFO] IPUIPlugin:80 - create IPUIPlugin
2026-06-05 20:30:12,032 [INFO] IPUIPlugin:80 - create IPUIPlugin
2026-06-05 20:30:12,032 [INFO] IPUIPlugin:80 - create IPUIPlugin
2026-06-05 20:30:12,032 [INFO] IPUIPlugin:80 - create IPUIPlugin
2026-06-05 20:30:12,033 [INFO] IPUIPlugin:80 - create IPUIPlugin
2026-06-05 20:30:12,033 [INFO] IPUIPlugin:80 - create IPUIPlugin
2026-06-05 20:30:12,033 [INFO] IPUIPlugin:80 - create IPUIPlugin
2026-06-05 20:30:12,033 [INFO] IPUIPlugin:80 - create IPUIPlugin
2026-06-05 20:30:12,033 [INFO] IPUIPlugin:80 - create IPUIPlugin
2026-06-05 20:30:12,033 [INFO] IPUIPlugin:80 - create IPUIPlugin
2026-06-05 20:30:12,034 [INFO] IPUIPlugin:80 - create IPUIPlugin
2026-06-05 20:30:12,034 [INFO] IPUIPlugin:80 - create IPUIPlugin
2026-06-05 20:30:12,034 [INFO] IPUIPlugin:80 - create IPUIPlugin
2026-06-05 20:30:12,034 [INFO] IPUIPlugin:80 - create IPUIPlugin
2026-06-05 20:30:12,034 [INFO] IPUIPlugin:80 - create IPUIPlugin
2026-06-05 20:30:12,034 [INFO] IPUIPlugin:80 - create IPUIPlugin
2026-06-05 20:30:12,035 [INFO] IPUIPlugin:80 - create IPUIPlugin
2026-06-05 20:30:12,035 [INFO] IPUIPlugin:80 - create IPUIPlugin
2026-06-05 20:30:12,035 [INFO] IPUIPlugin:80 - create IPUIPlugin
2026-06-05 20:30:12,035 [INFO] IPUIPlugin:80 - create IPUIPlugin
2026-06-05 20:30:12,036 [INFO] IPUIPlugin:80 - create IPUIPlugin
2026-06-05 20:30:12,036 [INFO] IPUIPlugin:80 - create IPUIPlugin
2026-06-05 20:30:12,036 [INFO] IPUIPlugin:80 - create IPUIPlugin
2026-06-05 20:30:12,036 [INFO] IPUIPlugin:80 - create IPUIPlugin
2026-06-05 20:30:12,036 [INFO] IPUIPlugin:80 - create IPUIPlugin
2026-06-05 20:30:12,036 [INFO] IPUIPlugin:80 - create IPUIPlugin
2026-06-05 20:30:12,037 [INFO] IPUIPlugin:80 - create IPUIPlugin
2026-06-05 20:30:12,037 [INFO] IPUIPlugin:80 - create IPUIPlugin
2026-06-05 20:30:12,037 [INFO] IPUIPlugin:80 - create IPUIPlugin
2026-06-05 20:30:12,037 [INFO] IPUIPlugin:80 - create IPUIPlugin
2026-06-05 20:30:12,037 [INFO] IPUIPlugin:80 - create IPUIPlugin
2026-06-05 20:30:12,038 [INFO] IPUIPlugin:80 - create IPUIPlugin
2026-06-05 20:30:12,038 [INFO] IPUIPlugin:80 - create IPUIPlugin
2026-06-05 20:30:12,038 [INFO] IPUIPlugin:80 - create IPUIPlugin
2026-06-05 20:30:12,038 [INFO] IPUIPlugin:80 - create IPUIPlugin
2026-06-05 20:30:12,039 [INFO] IPUIPlugin:80 - create IPUIPlugin
2026-06-05 20:30:12,039 [INFO] IPUIPlugin:80 - create IPUIPlugin
2026-06-05 20:30:12,039 [INFO] IPUIPlugin:80 - create IPUIPlugin
2026-06-05 20:30:12,039 [INFO] IPUIPlugin:80 - create IPUIPlugin
2026-06-05 20:30:12,040 [INFO] IPUIPlugin:80 - create IPUIPlugin
2026-06-05 20:30:12,040 [INFO] IPUIPlugin:80 - create IPUIPlugin
2026-06-05 20:30:12,046 [INFO] ApiDbMcu:532 - Load IP Config File for PDM2PCM
2026-06-05 20:30:12,076 [INFO] CADModel:165 - CPN selected for project levelSTM32H743VIT6
2026-06-05 20:30:12,077 [INFO] CADModel:114 - Register for checkConnection events
2026-06-05 20:30:12,128 [INFO] OpenFileManager:386 - Restore cursor
2026-06-05 20:30:12,696 [INFO] UtilMem:75 - End SaveConfig() Used Memory: 954679912 Bytes (1073741824)
2026-06-05 20:30:12,739 [WARN] Context:862 - Trying to set MEMORYMAP twice on same context Cortex-M7NS
2026-06-05 20:30:12,756 [INFO] UtilMem:75 - End SaveConfig() Used Memory: 989382344 Bytes (1073741824)
2026-06-05 20:30:13,037 [INFO] BlockDiagram:2775 - set Specific Code input for plugin: RCC
2026-06-05 20:30:13,037 [INFO] BlockDiagram:2775 - set Specific Code input for plugin: MEMORYMAP
2026-06-05 20:30:13,037 [INFO] BlockDiagram:2775 - set Specific Code input for plugin: SYS
2026-06-05 20:30:13,037 [INFO] BlockDiagram:2775 - set Specific Code input for plugin: NVIC
2026-06-05 20:30:13,037 [INFO] BlockDiagram:2775 - set Specific Code input for plugin: CORTEX_M7
2026-06-05 20:30:13,038 [INFO] CodeGenerator:892 - code generatio: config db path: E:\STM32CubeIDE_1.19.0\STM32CubeIDE\plugins\com.st.stm32cube.common.mx_6.15.0.202507011659\\db\
2026-06-05 20:30:13,149 [INFO] CodeEngine:265 - oldGeneratedFile, E:\altium_projects\stm_projects\stm32WorldH7bootloader_application\MXTmpFiles\license.tmp_save
2026-06-05 20:30:13,299 [INFO] CodeEngine:289 - Generated code: E:\altium_projects\stm_projects\stm32WorldH7bootloader_application\MXTmpFiles\license.tmp
2026-06-05 20:30:13,323 [WARN] IPConfigManager:103 - WARNING: Missing Config File for MEMORYMAP ip!!
2026-06-05 20:30:13,347 [INFO] CodeEngine:265 - oldGeneratedFile, E:\altium_projects\stm_projects\stm32WorldH7bootloader_application\MXTmpFiles\cortex.tmp_save
2026-06-05 20:30:13,422 [INFO] CodeEngine:289 - Generated code: E:\altium_projects\stm_projects\stm32WorldH7bootloader_application\MXTmpFiles\cortex.tmp
2026-06-05 20:30:13,432 [INFO] CodeEngine:265 - oldGeneratedFile, E:\altium_projects\stm_projects\stm32WorldH7bootloader_application\Core\Src\stm32h7xx_it.c_save
2026-06-05 20:30:13,573 [INFO] CodeEngine:289 - Generated code: E:\altium_projects\stm_projects\stm32WorldH7bootloader_application\Core\Src\stm32h7xx_it.c
2026-06-05 20:30:13,576 [INFO] CodeEngine:265 - oldGeneratedFile, E:\altium_projects\stm_projects\stm32WorldH7bootloader_application\Core\Inc\stm32h7xx_it.h_save
2026-06-05 20:30:13,618 [INFO] CodeEngine:289 - Generated code: E:\altium_projects\stm_projects\stm32WorldH7bootloader_application\Core\Inc\stm32h7xx_it.h
2026-06-05 20:30:13,639 [INFO] CodeEngine:265 - oldGeneratedFile, E:\altium_projects\stm_projects\stm32WorldH7bootloader_application\Core\Src\stm32h7xx_hal_msp.c_save
2026-06-05 20:30:13,696 [INFO] CodeEngine:289 - Generated code: E:\altium_projects\stm_projects\stm32WorldH7bootloader_application\Core\Src\stm32h7xx_hal_msp.c
2026-06-05 20:30:13,699 [INFO] CodeEngine:265 - oldGeneratedFile, E:\altium_projects\stm_projects\stm32WorldH7bootloader_application\MXTmpFiles\system.tmp_save
2026-06-05 20:30:13,735 [INFO] CodeEngine:289 - Generated code: E:\altium_projects\stm_projects\stm32WorldH7bootloader_application\MXTmpFiles\system.tmp
2026-06-05 20:30:13,743 [INFO] CodeEngine:321 - oldGeneratedFile, E:\altium_projects\stm_projects\stm32WorldH7bootloader_application\Core\Inc\stm32h7xx_hal_conf.h_save
2026-06-05 20:30:13,784 [INFO] CodeEngine:345 - Generated code: E:\altium_projects\stm_projects\stm32WorldH7bootloader_application\Core\Inc\stm32h7xx_hal_conf.h
2026-06-05 20:30:13,806 [INFO] ApiDbMcu:532 - Load IP Config File for RCC
2026-06-05 20:30:13,812 [INFO] CodeEngine:265 - oldGeneratedFile, E:\altium_projects\stm_projects\stm32WorldH7bootloader_application\Core\Inc\main.h_save
2026-06-05 20:30:13,880 [INFO] CodeEngine:289 - Generated code: E:\altium_projects\stm_projects\stm32WorldH7bootloader_application\Core\Inc\main.h
2026-06-05 20:30:13,883 [INFO] CodeEngine:265 - oldGeneratedFile, E:\altium_projects\stm_projects\stm32WorldH7bootloader_application\Core\Src\main.c_save
2026-06-05 20:30:13,937 [INFO] CodeEngine:289 - Generated code: E:\altium_projects\stm_projects\stm32WorldH7bootloader_application\Core\Src\main.c
2026-06-05 20:30:14,146 [INFO] ProjectBuilder:3606 - Time for Copy HAL[1] : 94mS.
2026-06-05 20:30:14,149 [INFO] ProjectBuilder:5216 - Project Generator version: 4.7.0-B52
2026-06-05 20:30:14,213 [INFO] ConfigFileManager:1595 - The Die is : DIE450
2026-06-05 20:30:14,216 [INFO] ApiDbMcu:532 - Load IP Config File for FATFS
2026-06-05 20:30:14,219 [INFO] ApiDbMcu:532 - Load IP Config File for FREERTOS
2026-06-05 20:30:14,220 [INFO] ApiDbMcu:532 - Load IP Config File for LIBJPEG
2026-06-05 20:30:14,223 [INFO] ApiDbMcu:532 - Load IP Config File for LWIP
2026-06-05 20:30:14,226 [INFO] ApiDbMcu:532 - Load IP Config File for MBEDTLS
2026-06-05 20:30:14,230 [INFO] ApiDbMcu:532 - Load IP Config File for USB_DEVICE
2026-06-05 20:30:14,231 [INFO] ApiDbMcu:532 - Load IP Config File for USB_HOST
2026-06-05 20:30:15,391 [INFO] ProjectBuilder:5496 - Time for Generating toolchain IDE Files: 1242mS.
2026-06-05 20:30:15,391 [INFO] ProjectBuilder:3463 - Time for Copy CMSIS : 0mS.
2026-06-05 20:30:15,392 [INFO] ProjectBuilder:3463 - Time for Copy CMSIS : 0mS.
2026-06-05 20:30:16,409 [INFO] McuFinderGlobals:76 - Set McuFinderConnectedMode to true
2026-06-05 20:30:16,412 [INFO] ApiDb:448 - Save user favorites file C:\Users\Josh/.stm32cubeide/favorites.mcus.txt: 0 item(s)
2026-06-05 20:30:16,412 [INFO] ApiDb:452 - User favorites MCUs=[]
2026-06-05 20:31:36,222 [WARN] MainPanel:289 - <html><b><center>Warning: This peripheral has no parameters to be configured<br></b></html>
2026-06-05 20:31:58,544 [WARN] MainPanel:289 - <html><b><center>Warning: This peripheral has no parameters to be configured<br></b></html>
2026-06-05 20:32:22,693 [INFO] NvicIntPanel:101 - NVIC parent = com.st.microxplorer.plugins.ip.nvic.MultiNvicIntPanel[,0,0,0x0,invalid,layout=javax.swing.BoxLayout,alignmentX=0.0,alignmentY=0.0,border=,flags=9,maximumSize=,minimumSize=,preferredSize=]
2026-06-05 20:32:31,727 [WARN] IP:2250 - DEVICE_SERIAL0_CDC_FS not found: check if there is a RefParameter without a condition.
2026-06-05 20:32:31,727 [WARN] IP:2250 - DEVICE_SERIAL1_CDC_FS not found: check if there is a RefParameter without a condition.
2026-06-05 20:32:31,727 [WARN] IP:2250 - DEVICE_SERIAL2_CDC_FS not found: check if there is a RefParameter without a condition.
2026-06-05 20:32:31,728 [WARN] IP:2250 - DEVICE_SERIAL0_CDC_FS not found: check if there is a RefParameter without a condition.
2026-06-05 20:32:31,728 [WARN] IP:2250 - DEVICE_SERIAL1_CDC_FS not found: check if there is a RefParameter without a condition.
2026-06-05 20:32:31,728 [WARN] IP:2250 - DEVICE_SERIAL2_CDC_FS not found: check if there is a RefParameter without a condition.
2026-06-05 20:32:31,745 [WARN] IP:2250 - DEVICE_SERIAL0_CDC_FS not found: check if there is a RefParameter without a condition.
2026-06-05 20:32:31,745 [WARN] IP:2250 - DEVICE_SERIAL1_CDC_FS not found: check if there is a RefParameter without a condition.
2026-06-05 20:32:31,745 [WARN] IP:2250 - DEVICE_SERIAL2_CDC_FS not found: check if there is a RefParameter without a condition.
2026-06-05 20:33:12,155 [WARN] IP:2250 - DEVICE_SERIAL0_CDC_FS not found: check if there is a RefParameter without a condition.
2026-06-05 20:33:12,155 [WARN] IP:2250 - DEVICE_SERIAL1_CDC_FS not found: check if there is a RefParameter without a condition.
2026-06-05 20:33:12,155 [WARN] IP:2250 - DEVICE_SERIAL2_CDC_FS not found: check if there is a RefParameter without a condition.
2026-06-05 20:33:23,466 [ERROR] LogOutputStream:75 - [STDERR_REDIRECT] Exception in thread "AWT-EventQueue-0" java.lang.ClassCastException: class sun.awt.windows.WEmbeddedFrame cannot be cast to class javax.swing.JFrame (sun.awt.windows.WEmbeddedFrame and javax.swing.JFrame are in module java.desktop of loader 'bootstrap')
2026-06-05 20:33:23,468 [ERROR] LogOutputStream:75 - [STDERR_REDIRECT] 	at com.st.microxplorer.plugins.clock.ClockConfigurationView.activatePlugin(ClockConfigurationView.java:424)
2026-06-05 20:33:23,469 [ERROR] LogOutputStream:75 - [STDERR_REDIRECT] 	at com.st.microxplorer.maingui.MainPanel$1.stateChanged(MainPanel.java:385)
2026-06-05 20:33:23,470 [ERROR] LogOutputStream:75 - [STDERR_REDIRECT] 	at java.desktop/javax.swing.JTabbedPane.fireStateChanged(JTabbedPane.java:446)
2026-06-05 20:33:23,471 [ERROR] LogOutputStream:75 - [STDERR_REDIRECT] 	at java.desktop/javax.swing.JTabbedPane$ModelListener.stateChanged(JTabbedPane.java:297)
2026-06-05 20:33:23,472 [ERROR] LogOutputStream:75 - [STDERR_REDIRECT] 	at java.desktop/javax.swing.DefaultSingleSelectionModel.fireStateChanged(DefaultSingleSelectionModel.java:148)
2026-06-05 20:33:23,474 [ERROR] LogOutputStream:75 - [STDERR_REDIRECT] 	at java.desktop/javax.swing.DefaultSingleSelectionModel.setSelectedIndex(DefaultSingleSelectionModel.java:79)
2026-06-05 20:33:23,474 [ERROR] LogOutputStream:75 - [STDERR_REDIRECT] 	at java.desktop/javax.swing.JTabbedPane.setSelectedIndexImpl(JTabbedPane.java:650)
2026-06-05 20:33:23,475 [ERROR] LogOutputStream:75 - [STDERR_REDIRECT] 	at java.desktop/javax.swing.JTabbedPane.setSelectedIndex(JTabbedPane.java:625)
2026-06-05 20:33:23,476 [ERROR] LogOutputStream:75 - [STDERR_REDIRECT] 	at java.desktop/javax.swing.plaf.basic.BasicTabbedPaneUI$Handler.mousePressed(BasicTabbedPaneUI.java:4140)
2026-06-05 20:33:23,477 [ERROR] LogOutputStream:75 - [STDERR_REDIRECT] 	at java.desktop/java.awt.Component.processMouseEvent(Component.java:6618)
2026-06-05 20:33:23,478 [ERROR] LogOutputStream:75 - [STDERR_REDIRECT] 	at java.desktop/javax.swing.JComponent.processMouseEvent(JComponent.java:3398)
2026-06-05 20:33:23,478 [ERROR] LogOutputStream:75 - [STDERR_REDIRECT] 	at java.desktop/java.awt.Component.processEvent(Component.java:6386)
2026-06-05 20:33:23,479 [ERROR] LogOutputStream:75 - [STDERR_REDIRECT] 	at java.desktop/java.awt.Container.processEvent(Container.java:2266)
2026-06-05 20:33:23,480 [ERROR] LogOutputStream:75 - [STDERR_REDIRECT] 	at java.desktop/java.awt.Component.dispatchEventImpl(Component.java:4996)
2026-06-05 20:33:23,481 [ERROR] LogOutputStream:75 - [STDERR_REDIRECT] 	at java.desktop/java.awt.Container.dispatchEventImpl(Container.java:2324)
2026-06-05 20:33:23,482 [ERROR] LogOutputStream:75 - [STDERR_REDIRECT] 	at java.desktop/java.awt.Component.dispatchEvent(Component.java:4828)
2026-06-05 20:33:23,483 [ERROR] LogOutputStream:75 - [STDERR_REDIRECT] 	at java.desktop/java.awt.LightweightDispatcher.retargetMouseEvent(Container.java:4948)
2026-06-05 20:33:23,483 [ERROR] LogOutputStream:75 - [STDERR_REDIRECT] 	at java.desktop/java.awt.LightweightDispatcher.processMouseEvent(Container.java:4572)
2026-06-05 20:33:23,484 [ERROR] LogOutputStream:75 - [STDERR_REDIRECT] 	at java.desktop/java.awt.LightweightDispatcher.dispatchEvent(Container.java:4516)
2026-06-05 20:33:23,485 [ERROR] LogOutputStream:75 - [STDERR_REDIRECT] 	at java.desktop/java.awt.Container.dispatchEventImpl(Container.java:2310)
2026-06-05 20:33:23,485 [ERROR] LogOutputStream:75 - [STDERR_REDIRECT] 	at java.desktop/java.awt.Component.dispatchEvent(Component.java:4828)
2026-06-05 20:33:23,486 [ERROR] LogOutputStream:75 - [STDERR_REDIRECT] 	at java.desktop/java.awt.EventQueue.dispatchEventImpl(EventQueue.java:775)
2026-06-05 20:33:23,486 [ERROR] LogOutputStream:75 - [STDERR_REDIRECT] 	at java.desktop/java.awt.EventQueue$4.run(EventQueue.java:720)
2026-06-05 20:33:23,487 [ERROR] LogOutputStream:75 - [STDERR_REDIRECT] 	at java.desktop/java.awt.EventQueue$4.run(EventQueue.java:714)
2026-06-05 20:33:23,487 [ERROR] LogOutputStream:75 - [STDERR_REDIRECT] 	at java.base/java.security.AccessController.doPrivileged(AccessController.java:400)
2026-06-05 20:33:23,488 [ERROR] LogOutputStream:75 - [STDERR_REDIRECT] 	at java.base/java.security.ProtectionDomain$JavaSecurityAccessImpl.doIntersectionPrivilege(ProtectionDomain.java:87)
2026-06-05 20:33:23,489 [ERROR] LogOutputStream:75 - [STDERR_REDIRECT] 	at java.base/java.security.ProtectionDomain$JavaSecurityAccessImpl.doIntersectionPrivilege(ProtectionDomain.java:98)
2026-06-05 20:33:23,490 [ERROR] LogOutputStream:75 - [STDERR_REDIRECT] 	at java.desktop/java.awt.EventQueue$5.run(EventQueue.java:747)
2026-06-05 20:33:23,491 [ERROR] LogOutputStream:75 - [STDERR_REDIRECT] 	at java.desktop/java.awt.EventQueue$5.run(EventQueue.java:745)
2026-06-05 20:33:23,491 [ERROR] LogOutputStream:75 - [STDERR_REDIRECT] 	at java.base/java.security.AccessController.doPrivileged(AccessController.java:400)
2026-06-05 20:33:23,492 [ERROR] LogOutputStream:75 - [STDERR_REDIRECT] 	at java.base/java.security.ProtectionDomain$JavaSecurityAccessImpl.doIntersectionPrivilege(ProtectionDomain.java:87)
2026-06-05 20:33:23,493 [ERROR] LogOutputStream:75 - [STDERR_REDIRECT] 	at java.desktop/java.awt.EventQueue.dispatchEvent(EventQueue.java:744)
2026-06-05 20:33:23,494 [ERROR] LogOutputStream:75 - [STDERR_REDIRECT] 	at java.desktop/java.awt.EventDispatchThread.pumpOneEventForFilters(EventDispatchThread.java:203)
2026-06-05 20:33:23,494 [ERROR] LogOutputStream:75 - [STDERR_REDIRECT] 	at java.desktop/java.awt.EventDispatchThread.pumpEventsForFilter(EventDispatchThread.java:124)
2026-06-05 20:33:23,495 [ERROR] LogOutputStream:75 - [STDERR_REDIRECT] 	at java.desktop/java.awt.EventDispatchThread.pumpEventsForHierarchy(EventDispatchThread.java:113)
2026-06-05 20:33:23,496 [ERROR] LogOutputStream:75 - [STDERR_REDIRECT] 	at java.desktop/java.awt.EventDispatchThread.pumpEvents(EventDispatchThread.java:109)
2026-06-05 20:33:23,497 [ERROR] LogOutputStream:75 - [STDERR_REDIRECT] 	at java.desktop/java.awt.EventDispatchThread.pumpEvents(EventDispatchThread.java:101)
2026-06-05 20:33:23,497 [ERROR] LogOutputStream:75 - [STDERR_REDIRECT] 	at java.desktop/java.awt.EventDispatchThread.run(EventDispatchThread.java:90)
2026-06-05 20:34:30,997 [WARN] IP:2250 - DEVICE_SERIAL0_CDC_FS not found: check if there is a RefParameter without a condition.
2026-06-05 20:34:30,997 [WARN] IP:2250 - DEVICE_SERIAL1_CDC_FS not found: check if there is a RefParameter without a condition.
2026-06-05 20:34:30,997 [WARN] IP:2250 - DEVICE_SERIAL2_CDC_FS not found: check if there is a RefParameter without a condition.
2026-06-05 20:34:30,998 [WARN] IP:2250 - DEVICE_SERIAL0_CDC_FS not found: check if there is a RefParameter without a condition.
2026-06-05 20:34:30,998 [WARN] IP:2250 - DEVICE_SERIAL1_CDC_FS not found: check if there is a RefParameter without a condition.
2026-06-05 20:34:30,998 [WARN] IP:2250 - DEVICE_SERIAL2_CDC_FS not found: check if there is a RefParameter without a condition.
2026-06-05 20:35:20,333 [INFO] UtilMem:75 - End SaveConfig() Used Memory: 1001385696 Bytes (1073741824)
2026-06-05 20:35:23,105 [INFO] UtilMem:75 - End SaveConfig() Used Memory: 816384192 Bytes (1073741824)
2026-06-05 20:35:23,463 [INFO] BlockDiagram:2775 - set Specific Code input for plugin: RCC
2026-06-05 20:35:23,463 [INFO] BlockDiagram:2775 - set Specific Code input for plugin: MEMORYMAP
2026-06-05 20:35:23,463 [INFO] BlockDiagram:2775 - set Specific Code input for plugin: USB_DEVICE
2026-06-05 20:35:23,463 [INFO] BlockDiagram:2775 - set Specific Code input for plugin: SYS
2026-06-05 20:35:23,463 [INFO] BlockDiagram:2775 - set Specific Code input for plugin: USB_OTG_FS
2026-06-05 20:35:23,463 [INFO] BlockDiagram:2775 - set Specific Code input for plugin: NVIC
2026-06-05 20:35:23,464 [INFO] BlockDiagram:2775 - set Specific Code input for plugin: CORTEX_M7
2026-06-05 20:35:23,464 [INFO] BlockDiagram:2775 - set Specific Code input for plugin: DEBUG
2026-06-05 20:35:23,464 [INFO] BlockDiagram:2775 - set Specific Code input for plugin: GPIO
2026-06-05 20:35:23,465 [INFO] CodeGenerator:892 - code generatio: config db path: E:\STM32CubeIDE_1.19.0\STM32CubeIDE\plugins\com.st.stm32cube.common.mx_6.15.0.202507011659\\db\
2026-06-05 20:35:23,495 [WARN] IP:2250 - DEVICE_SERIAL0_CDC_FS not found: check if there is a RefParameter without a condition.
2026-06-05 20:35:23,496 [WARN] IP:2250 - DEVICE_SERIAL1_CDC_FS not found: check if there is a RefParameter without a condition.
2026-06-05 20:35:23,496 [WARN] IP:2250 - DEVICE_SERIAL2_CDC_FS not found: check if there is a RefParameter without a condition.
2026-06-05 20:35:23,602 [INFO] CodeEngine:265 - oldGeneratedFile, E:\altium_projects\stm_projects\stm32WorldH7bootloader_application\MXTmpFiles\license.tmp_save
2026-06-05 20:35:23,718 [INFO] CodeEngine:289 - Generated code: E:\altium_projects\stm_projects\stm32WorldH7bootloader_application\MXTmpFiles\license.tmp
2026-06-05 20:35:23,740 [INFO] CodeEngine:265 - oldGeneratedFile, E:\altium_projects\stm_projects\stm32WorldH7bootloader_application\MXTmpFiles\gpio.tmp_save
2026-06-05 20:35:23,800 [INFO] CodeEngine:289 - Generated code: E:\altium_projects\stm_projects\stm32WorldH7bootloader_application\MXTmpFiles\gpio.tmp
2026-06-05 20:35:23,865 [INFO] CodeEngine:265 - oldGeneratedFile, E:\altium_projects\stm_projects\stm32WorldH7bootloader_application\MXTmpFiles\usb_otg_fs_vars.tmp_save
2026-06-05 20:35:23,919 [INFO] CodeEngine:289 - Generated code: E:\altium_projects\stm_projects\stm32WorldH7bootloader_application\MXTmpFiles\usb_otg_fs_vars.tmp
2026-06-05 20:35:23,922 [INFO] CodeEngine:265 - oldGeneratedFile, E:\altium_projects\stm_projects\stm32WorldH7bootloader_application\MXTmpFiles\usb_otg_fs_inc.tmp_save
2026-06-05 20:35:23,963 [INFO] CodeEngine:289 - Generated code: E:\altium_projects\stm_projects\stm32WorldH7bootloader_application\MXTmpFiles\usb_otg_fs_inc.tmp
2026-06-05 20:35:23,966 [INFO] CodeEngine:265 - oldGeneratedFile, E:\altium_projects\stm_projects\stm32WorldH7bootloader_application\MXTmpFiles\usb_otg_fs_HalInit.tmp_save
2026-06-05 20:35:24,023 [INFO] CodeEngine:289 - Generated code: E:\altium_projects\stm_projects\stm32WorldH7bootloader_application\MXTmpFiles\usb_otg_fs_HalInit.tmp
2026-06-05 20:35:24,025 [INFO] CodeEngine:265 - oldGeneratedFile, E:\altium_projects\stm_projects\stm32WorldH7bootloader_application\MXTmpFiles\usb_otg_fs_Msp.tmp_save
2026-06-05 20:35:24,081 [INFO] CodeEngine:289 - Generated code: E:\altium_projects\stm_projects\stm32WorldH7bootloader_application\MXTmpFiles\usb_otg_fs_Msp.tmp
2026-06-05 20:35:24,092 [WARN] IPConfigManager:103 - WARNING: Missing Config File for DEBUG ip!!
2026-06-05 20:35:24,115 [WARN] IPConfigManager:103 - WARNING: Missing Config File for MEMORYMAP ip!!
2026-06-05 20:35:24,198 [INFO] Middleware:1452 - No code input for Bsp Dependency
2026-06-05 20:35:24,199 [ERROR] SWIPConfigModel:147 - Object (RefParameter) name : DEVICE_SERIAL0_CDC_FS  is not a String or a Boolean
2026-06-05 20:35:24,199 [ERROR] SWIPConfigModel:147 - Object (RefParameter) name : DEVICE_SERIAL1_CDC_FS  is not a String or a Boolean
2026-06-05 20:35:24,199 [ERROR] SWIPConfigModel:147 - Object (RefParameter) name : DEVICE_SERIAL2_CDC_FS  is not a String or a Boolean
2026-06-05 20:35:24,204 [INFO] CodeEngine:265 - oldGeneratedFile, E:\altium_projects\stm_projects\stm32WorldH7bootloader_application\MXTmpFiles\cortex.tmp_save
2026-06-05 20:35:24,245 [INFO] CodeEngine:289 - Generated code: E:\altium_projects\stm_projects\stm32WorldH7bootloader_application\MXTmpFiles\cortex.tmp
2026-06-05 20:35:24,259 [INFO] Middleware:1452 - No code input for Bsp Dependency
2026-06-05 20:35:24,260 [ERROR] SWIPConfigModel:147 - Object (RefParameter) name : DEVICE_SERIAL0_CDC_FS  is not a String or a Boolean
2026-06-05 20:35:24,260 [ERROR] SWIPConfigModel:147 - Object (RefParameter) name : DEVICE_SERIAL1_CDC_FS  is not a String or a Boolean
2026-06-05 20:35:24,260 [ERROR] SWIPConfigModel:147 - Object (RefParameter) name : DEVICE_SERIAL2_CDC_FS  is not a String or a Boolean
2026-06-05 20:35:24,265 [INFO] CodeEngine:265 - oldGeneratedFile, E:\altium_projects\stm_projects\stm32WorldH7bootloader_application\USB_DEVICE\App\usb_device.c_save
2026-06-05 20:35:24,305 [INFO] CodeEngine:289 - Generated code: E:\altium_projects\stm_projects\stm32WorldH7bootloader_application\USB_DEVICE\App\usb_device.c
2026-06-05 20:35:24,308 [INFO] CodeEngine:265 - oldGeneratedFile, E:\altium_projects\stm_projects\stm32WorldH7bootloader_application\USB_DEVICE\App\usb_device.h_save
2026-06-05 20:35:24,348 [INFO] CodeEngine:289 - Generated code: E:\altium_projects\stm_projects\stm32WorldH7bootloader_application\USB_DEVICE\App\usb_device.h
2026-06-05 20:35:24,351 [INFO] CodeEngine:265 - oldGeneratedFile, E:\altium_projects\stm_projects\stm32WorldH7bootloader_application\USB_DEVICE\Target\usbd_conf.h_save
2026-06-05 20:35:24,391 [INFO] CodeEngine:289 - Generated code: E:\altium_projects\stm_projects\stm32WorldH7bootloader_application\USB_DEVICE\Target\usbd_conf.h
2026-06-05 20:35:24,394 [INFO] CodeEngine:265 - oldGeneratedFile, E:\altium_projects\stm_projects\stm32WorldH7bootloader_application\USB_DEVICE\Target\usbd_conf.c_save
2026-06-05 20:35:24,436 [INFO] CodeEngine:289 - Generated code: E:\altium_projects\stm_projects\stm32WorldH7bootloader_application\USB_DEVICE\Target\usbd_conf.c
2026-06-05 20:35:24,439 [INFO] CodeEngine:265 - oldGeneratedFile, E:\altium_projects\stm_projects\stm32WorldH7bootloader_application\USB_DEVICE\App\usbd_desc.h_save
2026-06-05 20:35:24,477 [INFO] CodeEngine:289 - Generated code: E:\altium_projects\stm_projects\stm32WorldH7bootloader_application\USB_DEVICE\App\usbd_desc.h
2026-06-05 20:35:24,480 [INFO] CodeEngine:265 - oldGeneratedFile, E:\altium_projects\stm_projects\stm32WorldH7bootloader_application\USB_DEVICE\App\usbd_desc.c_save
2026-06-05 20:35:24,520 [INFO] CodeEngine:289 - Generated code: E:\altium_projects\stm_projects\stm32WorldH7bootloader_application\USB_DEVICE\App\usbd_desc.c
2026-06-05 20:35:24,523 [INFO] CodeEngine:265 - oldGeneratedFile, E:\altium_projects\stm_projects\stm32WorldH7bootloader_application\USB_DEVICE\App\usbd_cdc_if.h_save
2026-06-05 20:35:24,560 [INFO] CodeEngine:289 - Generated code: E:\altium_projects\stm_projects\stm32WorldH7bootloader_application\USB_DEVICE\App\usbd_cdc_if.h
2026-06-05 20:35:24,563 [INFO] CodeEngine:265 - oldGeneratedFile, E:\altium_projects\stm_projects\stm32WorldH7bootloader_application\USB_DEVICE\App\usbd_cdc_if.c_save
2026-06-05 20:35:24,600 [INFO] CodeEngine:289 - Generated code: E:\altium_projects\stm_projects\stm32WorldH7bootloader_application\USB_DEVICE\App\usbd_cdc_if.c
2026-06-05 20:35:24,612 [INFO] CodeEngine:265 - oldGeneratedFile, E:\altium_projects\stm_projects\stm32WorldH7bootloader_application\Core\Src\stm32h7xx_it.c_save
2026-06-05 20:35:24,749 [INFO] CodeEngine:289 - Generated code: E:\altium_projects\stm_projects\stm32WorldH7bootloader_application\Core\Src\stm32h7xx_it.c
2026-06-05 20:35:24,754 [INFO] CodeEngine:265 - oldGeneratedFile, E:\altium_projects\stm_projects\stm32WorldH7bootloader_application\Core\Inc\stm32h7xx_it.h_save
2026-06-05 20:35:24,800 [INFO] CodeEngine:289 - Generated code: E:\altium_projects\stm_projects\stm32WorldH7bootloader_application\Core\Inc\stm32h7xx_it.h
2026-06-05 20:35:24,834 [INFO] CodeEngine:265 - oldGeneratedFile, E:\altium_projects\stm_projects\stm32WorldH7bootloader_application\Core\Src\stm32h7xx_hal_msp.c_save
2026-06-05 20:35:24,891 [INFO] CodeEngine:289 - Generated code: E:\altium_projects\stm_projects\stm32WorldH7bootloader_application\Core\Src\stm32h7xx_hal_msp.c
2026-06-05 20:35:24,894 [INFO] CodeEngine:265 - oldGeneratedFile, E:\altium_projects\stm_projects\stm32WorldH7bootloader_application\MXTmpFiles\system.tmp_save
2026-06-05 20:35:24,944 [INFO] CodeEngine:289 - Generated code: E:\altium_projects\stm_projects\stm32WorldH7bootloader_application\MXTmpFiles\system.tmp
2026-06-05 20:35:24,953 [INFO] CodeEngine:321 - oldGeneratedFile, E:\altium_projects\stm_projects\stm32WorldH7bootloader_application\Core\Inc\stm32h7xx_hal_conf.h_save
2026-06-05 20:35:25,003 [INFO] CodeEngine:345 - Generated code: E:\altium_projects\stm_projects\stm32WorldH7bootloader_application\Core\Inc\stm32h7xx_hal_conf.h
2026-06-05 20:35:25,034 [INFO] CodeEngine:265 - oldGeneratedFile, E:\altium_projects\stm_projects\stm32WorldH7bootloader_application\Core\Inc\main.h_save
2026-06-05 20:35:25,096 [INFO] CodeEngine:289 - Generated code: E:\altium_projects\stm_projects\stm32WorldH7bootloader_application\Core\Inc\main.h
2026-06-05 20:35:25,101 [INFO] CodeEngine:265 - oldGeneratedFile, E:\altium_projects\stm_projects\stm32WorldH7bootloader_application\Core\Src\main.c_save
2026-06-05 20:35:25,157 [INFO] CodeEngine:289 - Generated code: E:\altium_projects\stm_projects\stm32WorldH7bootloader_application\Core\Src\main.c
2026-06-05 20:35:25,372 [INFO] ProjectBuilder:3606 - Time for Copy HAL[1] : 128mS.
2026-06-05 20:35:25,376 [INFO] ProjectBuilder:5216 - Project Generator version: 4.7.0-B52
2026-06-05 20:35:25,446 [INFO] ConfigFileManager:1595 - The Die is : DIE450
2026-06-05 20:35:26,225 [INFO] ProjectBuilder:5496 - Time for Generating toolchain IDE Files: 849mS.
2026-06-05 20:35:26,225 [INFO] ProjectBuilder:3463 - Time for Copy CMSIS : 0mS.
2026-06-05 20:35:26,228 [INFO] ProjectBuilder:3463 - Time for Copy CMSIS : 0mS.
2026-06-05 20:36:39,489 [INFO] MainUpdater:2872 - connection check result : 10
2026-06-05 20:36:39,489 [INFO] MainUpdater:2872 - connection check result : 10
2026-06-05 20:36:39,515 [INFO] MicroXplorer:468 - Change Database Path : 
2026-06-05 20:36:39,515 [INFO] MicroXplorer:498 - Change Database Version : DB.6.0.150
2026-06-05 20:36:39,526 [ERROR] ProjectManagerView:395 - 
java.lang.NullPointerException: Cannot invoke "javax.swing.JTextField.getText()" because the return value of "java.util.List.get(int)" is null
	at com.st.microxplorer.plugins.projectmanager.gui.ProjectChoiceTab$9.caretUpdate(ProjectChoiceTab.java:2706) ~[filemanager.jar:?]
	at javax.swing.text.JTextComponent.fireCaretUpdate(JTextComponent.java:408) ~[?:?]
	at javax.swing.text.JTextComponent$MutableCaretEvent.fire(JTextComponent.java:4484) ~[?:?]
	at javax.swing.text.JTextComponent$MutableCaretEvent.stateChanged(JTextComponent.java:4506) ~[?:?]
	at javax.swing.text.DefaultCaret.fireStateChanged(DefaultCaret.java:857) ~[?:?]
	at javax.swing.text.DefaultCaret.changeCaretPosition(DefaultCaret.java:1343) ~[?:?]
	at javax.swing.text.DefaultCaret.handleSetDot(DefaultCaret.java:1242) ~[?:?]
	at javax.swing.text.DefaultCaret.setDot(DefaultCaret.java:1223) ~[?:?]
	at javax.swing.text.DefaultCaret$Handler.insertUpdate(DefaultCaret.java:1819) ~[?:?]
	at javax.swing.text.AbstractDocument.fireInsertUpdate(AbstractDocument.java:227) ~[?:?]
	at javax.swing.text.AbstractDocument.handleInsertString(AbstractDocument.java:781) ~[?:?]
	at javax.swing.text.AbstractDocument.insertString(AbstractDocument.java:740) ~[?:?]
	at javax.swing.text.PlainDocument.insertString(PlainDocument.java:131) ~[?:?]
	at javax.swing.text.AbstractDocument.replace(AbstractDocument.java:699) ~[?:?]
	at javax.swing.text.JTextComponent.setText(JTextComponent.java:1725) ~[?:?]
	at com.st.microxplorer.plugins.projectmanager.gui.ProjectChoiceTab.createHeapStackFields(ProjectChoiceTab.java:993) ~[filemanager.jar:?]
	at com.st.microxplorer.plugins.projectmanager.gui.ProjectChoiceTab.buildLinkSettingsPanel(ProjectChoiceTab.java:3813) ~[filemanager.jar:?]
	at com.st.microxplorer.plugins.projectmanager.gui.ProjectChoiceTab.defineWindowsFields(ProjectChoiceTab.java:1987) ~[filemanager.jar:?]
	at com.st.microxplorer.plugins.projectmanager.gui.ProjectChoiceTab.updateSettings(ProjectChoiceTab.java:558) ~[filemanager.jar:?]
	at com.st.microxplorer.plugins.projectmanager.gui.ProjectSettingsPanel.UpdateDialog(ProjectSettingsPanel.java:247) ~[filemanager.jar:?]
	at com.st.microxplorer.plugins.projectmanager.ProjectManagerView.propertyChange(ProjectManagerView.java:392) ~[filemanager.jar:?]
	at java.beans.PropertyChangeSupport.fire(PropertyChangeSupport.java:343) ~[?:?]
	at java.beans.PropertyChangeSupport.firePropertyChange(PropertyChangeSupport.java:335) ~[?:?]
	at java.beans.PropertyChangeSupport.firePropertyChange(PropertyChangeSupport.java:268) ~[?:?]
	at com.st.microxplorer.util.MXPropertyChangeSupport.firePropertyChange(MXPropertyChangeSupport.java:54) ~[STM32CubeMX.jar:?]
	at com.st.microxplorer.mxsystem.MxSystem.closeConfig(MxSystem.java:899) ~[STM32CubeMX.jar:?]
	at com.st.microxplorer.maingui.MainPanel.closeConfig(MainPanel.java:792) ~[STM32CubeMX.jar:?]
	at com.st.microxplorer.plugins.filemanager.engine.OpenFileManager.loadConfigurationFile(OpenFileManager.java:288) ~[filemanager.jar:?]
	at com.st.microxplorer.plugins.filemanager.engine.MainFileManager.userLoadConfig(MainFileManager.java:364) ~[filemanager.jar:?]
	at com.st.microxplorer.plugins.filemanager.engine.MainFileManager.userLoadConfig(MainFileManager.java:342) ~[filemanager.jar:?]
	at com.st.microxplorer.plugins.filemanager.FileManagerView.getSpecificTask(FileManagerView.java:264) ~[filemanager.jar:?]
	at com.st.stm32cube.common.mx.editor.CubeMxEditor.getMxTabbedPaneInstance(CubeMxEditor.java:1198) ~[com.st.stm32cube.common.mx_6.15.0.202507011659/:?]
	at com.st.stm32cube.common.mx.editor.CubeMxEditor$12$1.createSwingComponent(CubeMxEditor.java:1068) ~[com.st.stm32cube.common.mx_6.15.0.202507011659/:?]
	at com.st.stm32cube.common.mx.oss.core.awtswtbridge.EmbeddedSwingComposite.doComponentCreation(EmbeddedSwingComposite.java:492) ~[com.st.stm32cube.common.mx.oss_6.15.0.202507011659/:?]
	at com.st.stm32cube.common.mx.oss.core.awtswtbridge.EmbeddedSwingComposite$4.run(EmbeddedSwingComposite.java:291) ~[com.st.stm32cube.common.mx.oss_6.15.0.202507011659/:?]
	at com.st.stm32cube.common.mx.oss.core.awtswtbridge.AwtEnvironment$2.run(AwtEnvironment.java:166) ~[com.st.stm32cube.common.mx.oss_6.15.0.202507011659/:?]
	at java.awt.event.InvocationEvent.dispatch(InvocationEvent.java:318) ~[?:?]
	at java.awt.EventQueue.dispatchEventImpl(EventQueue.java:773) ~[?:?]
	at java.awt.EventQueue$4.run(EventQueue.java:720) ~[?:?]
	at java.awt.EventQueue$4.run(EventQueue.java:714) ~[?:?]
	at java.security.AccessController.doPrivileged(AccessController.java:400) ~[?:?]
	at java.security.ProtectionDomain$JavaSecurityAccessImpl.doIntersectionPrivilege(ProtectionDomain.java:87) ~[?:?]
	at java.awt.EventQueue.dispatchEvent(EventQueue.java:742) ~[?:?]
	at java.awt.EventDispatchThread.pumpOneEventForFilters(EventDispatchThread.java:203) ~[?:?]
	at java.awt.EventDispatchThread.pumpEventsForFilter(EventDispatchThread.java:124) ~[?:?]
	at java.awt.EventDispatchThread.pumpEventsForHierarchy(EventDispatchThread.java:113) ~[?:?]
	at java.awt.EventDispatchThread.pumpEvents(EventDispatchThread.java:109) ~[?:?]
	at java.awt.EventDispatchThread.pumpEvents(EventDispatchThread.java:101) ~[?:?]
	at java.awt.EventDispatchThread.run(EventDispatchThread.java:90) ~[?:?]
2026-06-05 20:36:39,527 [WARN] ThirdParty:871 - waiting for thirdparty lock release [close project]
2026-06-05 20:36:39,527 [INFO] ThirdParty:873 - entering critical section [close project]
2026-06-05 20:36:39,527 [INFO] ThirdParty:883 - exiting critical section [close project]
2026-06-05 20:36:39,529 [INFO] PinOutPanel:1589 - setPackage(No Configuration,No Configuration)
2026-06-05 20:36:39,539 [WARN] IpParametersView:155 - Warning: This peripheral hasn't parameters
2026-06-05 20:36:39,545 [WARN] MainPanel:289 - <html><b><center>Warning: This peripheral has no parameters to be configured<br></b></html>
2026-06-05 20:36:39,550 [INFO] UtilMem:75 - Begin LoadConfig() Used Memory: 858554944 Bytes (1073741824)
2026-06-05 20:36:39,550 [INFO] MicroXplorer:468 - Change Database Path : 
2026-06-05 20:36:39,551 [INFO] MicroXplorer:498 - Change Database Version : DB.6.0.150
2026-06-05 20:36:39,551 [INFO] OpenFileManager:355 - Change cursor
2026-06-05 20:36:39,563 [INFO] RulesReader:64 - Compatibility file has been processed (317 Rules)
2026-06-05 20:36:39,567 [INFO] Mcu:2029 - Initializing MCU STM32H743VITx STM32H743VITx STM32H743VIT6
2026-06-05 20:36:41,724 [INFO] Context:786 - Trying to add GPIOservice into a context  which must be forbidden
2026-06-05 20:36:42,639 [INFO] ImportTextPane:234 - (OptionalMessage_ERROR) Pin14 (VP_RIF_VS_RIF1) cannot be retrieved for this MCU
2026-06-05 20:36:42,681 [INFO] RtosManager:558 - Registered RTOS mode: class=CMSIS, group=RTOS, mode=CMSIS_V1, owner=FREERTOS
2026-06-05 20:36:42,681 [INFO] RtosManager:558 - Registered RTOS mode: class=CMSIS, group=RTOS2, mode=CMSIS_V2, owner=FREERTOS
2026-06-05 20:36:42,681 [INFO] RtosManager:558 - Registered RTOS mode: class=RTOS, group=Core, mode=CMSIS_V1, owner=FREERTOS
2026-06-05 20:36:42,681 [INFO] RtosManager:558 - Registered RTOS mode: class=RTOS, group=Core, mode=CMSIS_V2, owner=FREERTOS
2026-06-05 20:36:42,681 [WARN] ModelIntegratedComponent:184 - Missing modes for component STMicroelectronics:FreeRTOS:0.0.1:STMicroelectronics:RTOS:FreeRTOS:Core:::10.2.0:
2026-06-05 20:36:42,687 [WARN] ModelIntegratedComponent:63 - No mode defined for component null
2026-06-05 20:36:42,687 [WARN] ModelIntegratedComponent:63 - No mode defined for component null
2026-06-05 20:36:42,687 [WARN] ModelIntegratedComponent:63 - No mode defined for component null
2026-06-05 20:36:42,687 [WARN] ModelIntegratedComponent:63 - No mode defined for component null
2026-06-05 20:36:42,687 [WARN] ModelIntegratedComponent:63 - No mode defined for component null
2026-06-05 20:36:42,687 [WARN] ModelIntegratedComponent:63 - No mode defined for component null
2026-06-05 20:36:42,687 [WARN] ModelIntegratedComponent:63 - No mode defined for component null
2026-06-05 20:36:42,687 [WARN] ModelIntegratedComponent:63 - No mode defined for component null
2026-06-05 20:36:42,687 [WARN] ModelIntegratedComponent:63 - No mode defined for component null
2026-06-05 20:36:42,687 [WARN] ModelIntegratedComponent:63 - No mode defined for component null
2026-06-05 20:36:42,687 [WARN] ModelIntegratedComponent:63 - No mode defined for component null
2026-06-05 20:36:42,687 [WARN] ModelIntegratedComponent:63 - No mode defined for component null
2026-06-05 20:36:42,687 [WARN] ModelIntegratedComponent:63 - No mode defined for component null
2026-06-05 20:36:42,687 [WARN] ModelIntegratedComponent:63 - No mode defined for component null
2026-06-05 20:36:42,687 [WARN] ModelIntegratedComponent:63 - No mode defined for component null
2026-06-05 20:36:42,687 [WARN] ModelIntegratedComponent:63 - No mode defined for component null
2026-06-05 20:36:42,687 [WARN] ModelIntegratedComponent:63 - No mode defined for component null
2026-06-05 20:36:42,687 [WARN] ModelIntegratedComponent:63 - No mode defined for component null
2026-06-05 20:36:42,689 [WARN] ModelIntegratedComponent:63 - No mode defined for component null
2026-06-05 20:36:42,689 [WARN] ModelIntegratedComponent:63 - No mode defined for component null
2026-06-05 20:36:42,689 [WARN] ModelIntegratedComponent:63 - No mode defined for component null
2026-06-05 20:36:42,689 [WARN] ModelIntegratedComponent:63 - No mode defined for component null
2026-06-05 20:36:42,689 [WARN] ModelIntegratedComponent:63 - No mode defined for component null
2026-06-05 20:36:42,689 [WARN] ModelIntegratedComponent:63 - No mode defined for component null
2026-06-05 20:36:42,689 [WARN] ModelIntegratedComponent:63 - No mode defined for component null
2026-06-05 20:36:42,689 [WARN] ModelIntegratedComponent:63 - No mode defined for component null
2026-06-05 20:36:42,689 [WARN] ModelIntegratedComponent:63 - No mode defined for component null
2026-06-05 20:36:42,689 [WARN] ModelIntegratedComponent:63 - No mode defined for component null
2026-06-05 20:36:42,689 [WARN] ModelIntegratedComponent:63 - No mode defined for component null
2026-06-05 20:36:42,689 [WARN] ModelIntegratedComponent:63 - No mode defined for component null
2026-06-05 20:36:42,689 [WARN] ModelIntegratedComponent:63 - No mode defined for component null
2026-06-05 20:36:42,689 [WARN] ModelIntegratedComponent:63 - No mode defined for component null
2026-06-05 20:36:42,689 [WARN] ModelIntegratedComponent:63 - No mode defined for component null
2026-06-05 20:36:42,689 [WARN] ModelIntegratedComponent:63 - No mode defined for component null
2026-06-05 20:36:42,689 [WARN] ModelIntegratedComponent:63 - No mode defined for component null
2026-06-05 20:36:42,689 [WARN] ModelPack:524 - Component already loaded: STMicroelectronics:HAL Drivers:0.0.0:STMicroelectronics:Device:STMicro_Driver:XSPI:HAL::0.0.1:HAL_XSPI
2026-06-05 20:36:42,827 [INFO] ThirdPartyModel:298 - Start build external matchings
2026-06-05 20:36:43,659 [INFO] ThirdPartyModel:316 - End build external matchings
2026-06-05 20:36:43,691 [INFO] ImportTextPane:234 - (OptionalMessage_ERROR) IP (RCC) : Invalid parameter (FamilyName)
2026-06-05 20:36:43,693 [INFO] ImportTextPane:234 - (OptionalMessage_ERROR) IP (RCC) : Parameter (I2C123Freq_Value) has invalid value (64000000)
2026-06-05 20:36:43,693 [INFO] ImportTextPane:234 - (OptionalMessage_ERROR) IP (RCC) : Parameter (I2C4Freq_Value) has invalid value (64000000)
2026-06-05 20:36:43,694 [INFO] ImportTextPane:234 - (OptionalMessage_ERROR) IP (RCC) : Parameter (LPTIM1Freq_Value) has invalid value (64000000)
2026-06-05 20:36:43,694 [INFO] ImportTextPane:234 - (OptionalMessage_ERROR) IP (RCC) : Parameter (LPTIM2Freq_Value) has invalid value (64000000)
2026-06-05 20:36:43,694 [INFO] ImportTextPane:234 - (OptionalMessage_ERROR) IP (RCC) : Parameter (LPTIM345Freq_Value) has invalid value (64000000)
2026-06-05 20:36:43,694 [INFO] ImportTextPane:234 - (OptionalMessage_ERROR) IP (RCC) : Parameter (LPUART1Freq_Value) has invalid value (64000000)
2026-06-05 20:36:43,694 [INFO] ImportTextPane:234 - (OptionalMessage_ERROR) IP (RCC) : Parameter (LTDCFreq_Value) has invalid value (50390625)
2026-06-05 20:36:43,694 [INFO] ImportTextPane:234 - (OptionalMessage_ERROR) IP (RCC) : Parameter (SPI6Freq_Value) has invalid value (64000000)
2026-06-05 20:36:43,694 [INFO] ImportTextPane:234 - (OptionalMessage_ERROR) IP (RCC) : Parameter (SWPMI1Freq_Value) has invalid value (64000000)
2026-06-05 20:36:43,694 [INFO] ImportTextPane:234 - (OptionalMessage_ERROR) IP (RCC) : Parameter (USART234578Freq_Value) has invalid value (64000000)
2026-06-05 20:36:43,699 [WARN] IP:2250 - DEVICE_SERIAL0_DFU_FS not found: check if there is a RefParameter without a condition.
2026-06-05 20:36:43,699 [WARN] IP:2250 - DEVICE_SERIAL1_DFU_FS not found: check if there is a RefParameter without a condition.
2026-06-05 20:36:43,700 [WARN] IP:2250 - DEVICE_SERIAL2_DFU_FS not found: check if there is a RefParameter without a condition.
2026-06-05 20:36:44,162 [INFO] UtilMem:75 - End LoadConfig() Used Memory: 858192416 Bytes (1073741824)
2026-06-05 20:36:44,227 [WARN] ThirdParty:833 - waiting for thirdparty lock release [change project]
2026-06-05 20:36:44,227 [INFO] ThirdParty:835 - entering critical section [change project]
2026-06-05 20:36:44,227 [INFO] ThirdParty:1030 - CMSIS Pack Vendor :STMicroelectronics X-CUBE-AZRTOS-H7 3.5.0
2026-06-05 20:36:44,227 [INFO] ThirdParty:1030 - CMSIS Pack Vendor :STMicroelectronics X-CUBE-PM33A1 1.0.0
2026-06-05 20:36:44,227 [INFO] ThirdParty:1030 - CMSIS Pack Vendor :STMicroelectronics USBPD 4.1
2026-06-05 20:36:44,227 [INFO] ThirdParty:1030 - CMSIS Pack Vendor :STMicroelectronics USB_HOST 2.0.0
2026-06-05 20:36:44,227 [INFO] ThirdParty:1030 - CMSIS Pack Vendor :STMicroelectronics FP-SNS-MOTENVWB1 1.4.0
2026-06-05 20:36:44,227 [INFO] ThirdParty:1030 - CMSIS Pack Vendor :STMicroelectronics X-CUBE-AZRTOS-F4 1.1.0
2026-06-05 20:36:44,227 [INFO] ThirdParty:1030 - CMSIS Pack Vendor :STMicroelectronics LIBJPEG 8.0.0
2026-06-05 20:36:44,227 [INFO] ThirdParty:1030 - CMSIS Pack Vendor :STMicroelectronics FP-ATR-ASTRA1 2.0.2
2026-06-05 20:36:44,227 [INFO] ThirdParty:1030 - CMSIS Pack Vendor :Avnet-IotConnect X-CUBE-IoTC-DA16k-PMOD 1.0.0
2026-06-05 20:36:44,227 [INFO] ThirdParty:1030 - CMSIS Pack Vendor :STMicroelectronics X-CUBE-SMBUS 2.1.0
2026-06-05 20:36:44,227 [INFO] ThirdParty:1030 - CMSIS Pack Vendor :STMicroelectronics X-CUBE-ISPU 2.1.0
2026-06-05 20:36:44,227 [INFO] ThirdParty:1030 - CMSIS Pack Vendor :STMicroelectronics eDS-WB_DPC_TT-BIDIR 2.1.1
2026-06-05 20:36:44,227 [INFO] ThirdParty:1030 - CMSIS Pack Vendor :STMicroelectronics X-CUBE-ST60 1.0.0
2026-06-05 20:36:44,227 [INFO] ThirdParty:1030 - CMSIS Pack Vendor :STMicroelectronics X-CUBE-NFC12 1.0.0
2026-06-05 20:36:44,227 [INFO] ThirdParty:1030 - CMSIS Pack Vendor :STMicroelectronics X-CUBE-AZRTOS-F7 1.1.0
2026-06-05 20:36:44,227 [INFO] ThirdParty:1030 - CMSIS Pack Vendor :STMicroelectronics X-CUBE-AZRTOS-L5 2.0.0
2026-06-05 20:36:44,227 [INFO] ThirdParty:1030 - CMSIS Pack Vendor :STMicroelectronics USB_DEVICE 2.0.0
2026-06-05 20:36:44,227 [INFO] ThirdParty:1030 - CMSIS Pack Vendor :STMicroelectronics X-CUBE-NFC6 3.1.0
2026-06-05 20:36:44,227 [INFO] ThirdParty:1030 - CMSIS Pack Vendor :STMicroelectronics X-CUBE-ALGOBUILD 1.5.0
2026-06-05 20:36:44,227 [INFO] ThirdParty:1030 - CMSIS Pack Vendor :STMicroelectronics FP-SNS-MOTENV1 5.1.0
2026-06-05 20:36:44,227 [INFO] ThirdParty:1030 - CMSIS Pack Vendor :STMicroelectronics FreeRTOS 0.0.1
2026-06-05 20:36:44,227 [INFO] ThirdParty:1030 - CMSIS Pack Vendor :STMicroelectronics eDS-WB_DPC_VIENNA 1.2.0
2026-06-05 20:36:44,227 [INFO] ThirdParty:1030 - CMSIS Pack Vendor :STMicroelectronics eDS-WB_DPC_3PH2L-BIDIR 1.1.1
2026-06-05 20:36:44,227 [INFO] ThirdParty:1030 - CMSIS Pack Vendor :Infineon AIROC-Wi-Fi-Bluetooth-STM32 1.7.1
2026-06-05 20:36:44,228 [INFO] ThirdParty:1030 - CMSIS Pack Vendor :STMicroelectronics PDM2PCM 3.3.0
2026-06-05 20:36:44,228 [INFO] ThirdParty:1030 - CMSIS Pack Vendor :STMicroelectronics X-CUBE-AZRTOS-H7 3.4.0
2026-06-05 20:36:44,228 [INFO] ThirdParty:1030 - CMSIS Pack Vendor :STMicroelectronics X-CUBE-DISPLAY 3.0.0
2026-06-05 20:36:44,228 [INFO] ThirdParty:1030 - CMSIS Pack Vendor :STMicroelectronics X-CUBE-GNSS1 7.1.1
2026-06-05 20:36:44,228 [INFO] ThirdParty:1030 - CMSIS Pack Vendor :STMicroelectronics FP-SNS-MOTENVWB1 1.5.0
2026-06-05 20:36:44,228 [INFO] ThirdParty:1030 - CMSIS Pack Vendor :STMicroelectronics X-CUBE-NFC10 1.0.0
2026-06-05 20:36:44,228 [INFO] ThirdParty:1030 - CMSIS Pack Vendor :STMicroelectronics X-CUBE-BLEMGR 4.0.0
2026-06-05 20:36:44,228 [INFO] ThirdParty:1030 - CMSIS Pack Vendor :STMicroelectronics X-CUBE-FREERTOS 1.3.1
2026-06-05 20:36:44,228 [INFO] ThirdParty:1030 - CMSIS Pack Vendor :STMicroelectronics HAL Drivers 0.0.0
2026-06-05 20:36:44,228 [INFO] ThirdParty:1030 - CMSIS Pack Vendor :emotas I-CUBE-CANOPEN 1.3.0
2026-06-05 20:36:44,228 [INFO] ThirdParty:1030 - CMSIS Pack Vendor :STMicroelectronics MBEDTLS 2.14.1
2026-06-05 20:36:44,228 [INFO] ThirdParty:1030 - CMSIS Pack Vendor :STMicroelectronics X-CUBE-GNSS1 7.1.0
2026-06-05 20:36:44,228 [INFO] ThirdParty:1030 - CMSIS Pack Vendor :STMicroelectronics X-CUBE-TOUCHGFX 4.26.0
2026-06-05 20:36:44,228 [INFO] ThirdParty:1030 - CMSIS Pack Vendor :STMicroelectronics X-CUBE-TOUCHGFX 4.26.1
2026-06-05 20:36:44,228 [INFO] ThirdParty:1030 - CMSIS Pack Vendor :quantropi X-CUBE-qispace-sdk-base 2.0.0
2026-06-05 20:36:44,228 [INFO] ThirdParty:1030 - CMSIS Pack Vendor :STMicroelectronics FP-SNS-STBOX1 2.1.0
2026-06-05 20:36:44,228 [INFO] ThirdParty:1030 - CMSIS Pack Vendor :STMicroelectronics FP-SNS-STAIOTCFT 1.0.0
2026-06-05 20:36:44,228 [INFO] ThirdParty:1030 - CMSIS Pack Vendor :STMicroelectronics FP-SNS-SMARTAG2 1.2.0
2026-06-05 20:36:44,228 [INFO] ThirdParty:1030 - CMSIS Pack Vendor :STMicroelectronics FP-SNS-FLIGHT1 5.1.0
2026-06-05 20:36:44,228 [INFO] ThirdParty:1030 - CMSIS Pack Vendor :STMicroelectronics X-CUBE-AZRTOS-WL 2.0.0
2026-06-05 20:36:44,228 [INFO] ThirdParty:1030 - CMSIS Pack Vendor :STMicroelectronics X-CUBE-DPower 1.3.0
2026-06-05 20:36:44,228 [INFO] ThirdParty:1030 - CMSIS Pack Vendor :STMicroelectronics FP-SNS-MOTENV1 5.0.0
2026-06-05 20:36:44,228 [INFO] ThirdParty:1030 - CMSIS Pack Vendor :STMicroelectronics USB_DEVICE 1.0.0
2026-06-05 20:36:44,228 [INFO] ThirdParty:1030 - CMSIS Pack Vendor :STMicroelectronics X-CUBE-AZRTOS-H7RS 1.2.0
2026-06-05 20:36:44,228 [INFO] ThirdParty:1030 - CMSIS Pack Vendor :STMicroelectronics X-CUBE-AZRTOS-L4 2.0.0
2026-06-05 20:36:44,228 [INFO] ThirdParty:1030 - CMSIS Pack Vendor :STMicroelectronics ThreadX 0.0.2
2026-06-05 20:36:44,228 [INFO] ThirdParty:1030 - CMSIS Pack Vendor :WES I-CUBE-Cesium 1.3.0
2026-06-05 20:36:44,228 [INFO] ThirdParty:1030 - CMSIS Pack Vendor :STMicroelectronics lwIP 2.1.2
2026-06-05 20:36:44,228 [INFO] ThirdParty:1030 - CMSIS Pack Vendor :STMicroelectronics X-CUBE-SFXS2LP1 4.0.0
2026-06-05 20:36:44,228 [INFO] ThirdParty:1030 - CMSIS Pack Vendor :STMicroelectronics X-CUBE-BLE2 3.3.0
2026-06-05 20:36:44,228 [INFO] ThirdParty:1030 - CMSIS Pack Vendor :Avnet-IOTCONNECT X-CUBE-iotc-st67-sdk 1.0.0
2026-06-05 20:36:44,228 [INFO] ThirdParty:1030 - CMSIS Pack Vendor :STMicroelectronics PDM2PCM 3.2.0
2026-06-05 20:36:44,228 [INFO] ThirdParty:1030 - CMSIS Pack Vendor :STMicroelectronics X-CUBE-WB05N 2.1.0
2026-06-05 20:36:44,228 [INFO] ThirdParty:1030 - CMSIS Pack Vendor :STMicroelectronics X-CUBE-ST67W61 1.2.0
2026-06-05 20:36:44,228 [INFO] ThirdParty:1030 - CMSIS Pack Vendor :STMicroelectronics X-CUBE-NFC9 1.0.0
2026-06-05 20:36:44,229 [INFO] ThirdParty:1030 - CMSIS Pack Vendor :wolfSSL I-CUBE-wolfSSL 5.8.0
2026-06-05 20:36:44,229 [INFO] ThirdParty:1030 - CMSIS Pack Vendor :STMicroelectronics X-CUBE-BLE1 7.1.0
2026-06-05 20:36:44,229 [INFO] ThirdParty:1030 - CMSIS Pack Vendor :wolfSSL I-CUBE-wolfMQTT 1.19.2
2026-06-05 20:36:44,229 [INFO] ThirdParty:1030 - CMSIS Pack Vendor :STMicroelectronics USB_DEVICE 3.0.0
2026-06-05 20:36:44,229 [INFO] ThirdParty:1030 - CMSIS Pack Vendor :STMicroelectronics X-CUBE-FREERTOS 1.4.0
2026-06-05 20:36:44,229 [INFO] ThirdParty:1030 - CMSIS Pack Vendor :STMicroelectronics X-CUBE-EEPRMA1 5.2.0
2026-06-05 20:36:44,229 [INFO] ThirdParty:1030 - CMSIS Pack Vendor :STMicroelectronics X-CUBE-BLEMGR 4.1.0
2026-06-05 20:36:44,229 [INFO] ThirdParty:1030 - CMSIS Pack Vendor :STMicroelectronics X-CUBE-AZRTOS-WB 2.0.0
2026-06-05 20:36:44,229 [INFO] ThirdParty:1030 - CMSIS Pack Vendor :STMicroelectronics X-CUBE-GNSS1 7.0.1
2026-06-05 20:36:44,229 [INFO] ThirdParty:1030 - CMSIS Pack Vendor :STMicroelectronics X-CUBE-TOUCHGFX 4.25.0
2026-06-05 20:36:44,229 [INFO] ThirdParty:1030 - CMSIS Pack Vendor :STMicroelectronics X-CUBE-AI 10.1.0
2026-06-05 20:36:44,229 [INFO] ThirdParty:1030 - CMSIS Pack Vendor :STMicroelectronics FP-SNS-STBOX1 2.0.0
2026-06-05 20:36:44,229 [INFO] ThirdParty:1030 - CMSIS Pack Vendor :STMicroelectronics FP-SNS-STAIOTCFT 1.1.0
2026-06-05 20:36:44,229 [INFO] ThirdParty:1030 - CMSIS Pack Vendor :STMicroelectronics X-CUBE-MEMS1 12.0.0
2026-06-05 20:36:44,229 [INFO] ThirdParty:1030 - CMSIS Pack Vendor :STMicroelectronics X-CUBE-STSE01 2.0.0
2026-06-05 20:36:44,229 [INFO] ThirdParty:1030 - CMSIS Pack Vendor :STMicroelectronics X-CUBE-AZRTOS-G0 1.1.0
2026-06-05 20:36:44,229 [INFO] ThirdParty:1030 - CMSIS Pack Vendor :STMicroelectronics X-CUBE-SAFEA1 1.2.2
2026-06-05 20:36:44,229 [INFO] ThirdParty:1030 - CMSIS Pack Vendor :STMicroelectronics X-CUBE-NFC4 3.0.0
2026-06-05 20:36:44,229 [INFO] ThirdParty:1030 - CMSIS Pack Vendor :STMicroelectronics X-CUBE-SUBG2 5.0.0
2026-06-05 20:36:44,229 [INFO] ThirdParty:1030 - CMSIS Pack Vendor :STMicroelectronics X-CUBE-AZRTOS-H7RS 1.1.0
2026-06-05 20:36:44,229 [INFO] ThirdParty:1030 - CMSIS Pack Vendor :STMicroelectronics STM32_WPAN 1.0.0
2026-06-05 20:36:44,229 [INFO] ThirdParty:1030 - CMSIS Pack Vendor :EmbeddedOffice I-CUBE-FS-RTOS 1.0.1
2026-06-05 20:36:44,229 [INFO] ThirdParty:1030 - CMSIS Pack Vendor :STMicroelectronics lwIP 2.0.3
2026-06-05 20:36:44,229 [INFO] ThirdParty:1030 - CMSIS Pack Vendor :Cesanta I-CUBE-Mongoose 7.13.0
2026-06-05 20:36:44,229 [INFO] ThirdParty:1030 - CMSIS Pack Vendor :STMicroelectronics USB_HOST 1.0.0
2026-06-05 20:36:44,229 [INFO] ThirdParty:1030 - CMSIS Pack Vendor :STMicroelectronics X-CUBE-AZRTOS-G4 2.0.0
2026-06-05 20:36:44,229 [INFO] ThirdParty:1030 - CMSIS Pack Vendor :STMicroelectronics X-CUBE-WB05N 2.0.0
2026-06-05 20:36:44,229 [INFO] ThirdParty:1030 - CMSIS Pack Vendor :STMicroelectronics PDM2PCM 3.1.0
2026-06-05 20:36:44,229 [INFO] ThirdParty:1030 - CMSIS Pack Vendor :wolfSSL I-CUBE-wolfTPM 3.8.0
2026-06-05 20:36:44,229 [INFO] ThirdParty:1030 - CMSIS Pack Vendor :wolfSSL I-CUBE-wolfSSH 1.4.20
2026-06-05 20:36:44,229 [INFO] ThirdParty:1030 - CMSIS Pack Vendor :STMicroelectronics X-CUBE-NFC7 2.0.0
2026-06-05 20:36:44,229 [INFO] ThirdParty:1030 - CMSIS Pack Vendor :STMicroelectronics X-CUBE-TCPP 4.2.0
2026-06-05 20:36:44,229 [INFO] ThirdParty:1030 - CMSIS Pack Vendor :RealThread X-CUBE-RT-Thread_Nano 4.1.1
2026-06-05 20:36:44,229 [INFO] ThirdParty:1030 - CMSIS Pack Vendor :STMicroelectronics FP-ATR-SIGFOX1 3.2.0
2026-06-05 20:36:44,229 [INFO] ThirdParty:1030 - CMSIS Pack Vendor :STMicroelectronics X-CUBE-EEPRMA1 5.1.0
2026-06-05 20:36:44,230 [INFO] ThirdParty:1030 - CMSIS Pack Vendor :STMicroelectronics X-CUBE-FREERTOS 1.5.0
2026-06-05 20:36:44,230 [INFO] ThirdParty:1030 - CMSIS Pack Vendor :STMicroelectronics MBEDTLS 2.16.2
2026-06-05 20:36:44,230 [INFO] ThirdParty:1030 - CMSIS Pack Vendor :STMicroelectronics X-CUBE-IPS 3.1.0
2026-06-05 20:36:44,230 [INFO] ThirdParty:1030 - CMSIS Pack Vendor :STMicroelectronics X-CUBE-ALS 1.0.2
2026-06-05 20:36:44,230 [INFO] ThirdParty:1030 - CMSIS Pack Vendor :ITTIA_DB I-CUBE-ITTIADB 8.9.0
2026-06-05 20:36:44,230 [INFO] ThirdParty:1030 - CMSIS Pack Vendor :STMicroelectronics X-CUBE-STSE01 1.0.0
2026-06-05 20:36:44,230 [INFO] ThirdParty:1030 - CMSIS Pack Vendor :portGmbH I-Cube-SoM-uGOAL 1.1.0
2026-06-05 20:36:44,230 [INFO] ThirdParty:1030 - CMSIS Pack Vendor :STMicroelectronics X-CUBE-NFC6 3.2.0
2026-06-05 20:36:44,230 [INFO] ThirdParty:1030 - CMSIS Pack Vendor :STMicroelectronics X-CUBE-ST67W61 1.0.0
2026-06-05 20:36:44,230 [INFO] ThirdParty:1030 - CMSIS Pack Vendor :STMicroelectronics X-CUBE-AI 10.2.0
2026-06-05 20:36:44,230 [INFO] ThirdParty:1030 - CMSIS Pack Vendor :STMicroelectronics ThreadX 1.0.0
2026-06-05 20:36:44,230 [INFO] ThirdParty:1030 - CMSIS Pack Vendor :STMicroelectronics X-CUBE-MEMS1 12.1.0
2026-06-05 20:36:44,230 [INFO] ThirdParty:1030 - CMSIS Pack Vendor :SEGGER I-CUBE-embOS 1.3.1
2026-06-05 20:36:44,230 [INFO] ThirdParty:1030 - CMSIS Pack Vendor :STMicroelectronics X-CUBE-ALGOBUILD 1.4.0
2026-06-05 20:36:44,230 [INFO] ThirdParty:1030 - CMSIS Pack Vendor :STMicroelectronics X-CUBE-MEMS1 11.3.0
2026-06-05 20:36:44,230 [INFO] ThirdParty:1030 - CMSIS Pack Vendor :STMicroelectronics X-CUBE-TOF1 3.4.3
2026-06-05 20:36:44,230 [INFO] ThirdParty:841 - exiting critical section [change project]
2026-06-05 20:36:44,656 [INFO] PinOutPanel:1589 - setPackage(No Configuration,No Configuration)
2026-06-05 20:36:44,657 [INFO] PinOutPanel:1589 - setPackage(STM32H743VITx,LQFP100)
2026-06-05 20:36:45,011 [INFO] UtilMem:75 - Before build in PCC Used Memory: 952184736 Bytes (1073741824)
2026-06-05 20:36:45,271 [INFO] UtilMem:75 - After build in PCC Used Memory: 1014050720 Bytes (1073741824)
2026-06-05 20:36:45,280 [INFO] ApiDbMcu:532 - Load IP Config File for USB_DEVICE
2026-06-05 20:36:45,306 [INFO] IPUIPlugin:80 - create IPUIPlugin
2026-06-05 20:36:45,306 [INFO] IPUIPlugin:80 - create IPUIPlugin
2026-06-05 20:36:45,306 [INFO] IPUIPlugin:80 - create IPUIPlugin
2026-06-05 20:36:45,306 [INFO] IPUIPlugin:80 - create IPUIPlugin
2026-06-05 20:36:45,306 [INFO] IPUIPlugin:80 - create IPUIPlugin
2026-06-05 20:36:45,306 [INFO] IPUIPlugin:80 - create IPUIPlugin
2026-06-05 20:36:45,306 [INFO] IPUIPlugin:80 - create IPUIPlugin
2026-06-05 20:36:45,306 [INFO] IPUIPlugin:80 - create IPUIPlugin
2026-06-05 20:36:45,306 [INFO] IPUIPlugin:80 - create IPUIPlugin
2026-06-05 20:36:45,307 [INFO] IPUIPlugin:80 - create IPUIPlugin
2026-06-05 20:36:45,307 [INFO] IPUIPlugin:80 - create IPUIPlugin
2026-06-05 20:36:45,307 [INFO] IPUIPlugin:80 - create IPUIPlugin
2026-06-05 20:36:45,307 [INFO] IPUIPlugin:80 - create IPUIPlugin
2026-06-05 20:36:45,307 [INFO] IPUIPlugin:80 - create IPUIPlugin
2026-06-05 20:36:45,307 [INFO] IPUIPlugin:80 - create IPUIPlugin
2026-06-05 20:36:45,307 [INFO] IPUIPlugin:80 - create IPUIPlugin
2026-06-05 20:36:45,307 [INFO] IPUIPlugin:80 - create IPUIPlugin
2026-06-05 20:36:45,307 [INFO] IPUIPlugin:80 - create IPUIPlugin
2026-06-05 20:36:45,307 [INFO] IPUIPlugin:80 - create IPUIPlugin
2026-06-05 20:36:45,307 [INFO] IPUIPlugin:80 - create IPUIPlugin
2026-06-05 20:36:45,307 [INFO] IPUIPlugin:80 - create IPUIPlugin
2026-06-05 20:36:45,307 [INFO] IPUIPlugin:80 - create IPUIPlugin
2026-06-05 20:36:45,307 [INFO] IPUIPlugin:80 - create IPUIPlugin
2026-06-05 20:36:45,307 [INFO] IPUIPlugin:80 - create IPUIPlugin
2026-06-05 20:36:45,308 [INFO] IPUIPlugin:80 - create IPUIPlugin
2026-06-05 20:36:45,308 [INFO] IPUIPlugin:80 - create IPUIPlugin
2026-06-05 20:36:45,308 [INFO] IPUIPlugin:80 - create IPUIPlugin
2026-06-05 20:36:45,308 [INFO] IPUIPlugin:80 - create IPUIPlugin
2026-06-05 20:36:45,308 [INFO] IPUIPlugin:80 - create IPUIPlugin
2026-06-05 20:36:45,308 [INFO] IPUIPlugin:80 - create IPUIPlugin
2026-06-05 20:36:45,308 [INFO] IPUIPlugin:80 - create IPUIPlugin
2026-06-05 20:36:45,308 [INFO] IPUIPlugin:80 - create IPUIPlugin
2026-06-05 20:36:45,308 [INFO] IPUIPlugin:80 - create IPUIPlugin
2026-06-05 20:36:45,308 [INFO] IPUIPlugin:80 - create IPUIPlugin
2026-06-05 20:36:45,308 [INFO] IPUIPlugin:80 - create IPUIPlugin
2026-06-05 20:36:45,309 [INFO] IPUIPlugin:80 - create IPUIPlugin
2026-06-05 20:36:45,309 [INFO] IPUIPlugin:80 - create IPUIPlugin
2026-06-05 20:36:45,309 [INFO] IPUIPlugin:80 - create IPUIPlugin
2026-06-05 20:36:45,309 [INFO] IPUIPlugin:80 - create IPUIPlugin
2026-06-05 20:36:45,309 [INFO] IPUIPlugin:80 - create IPUIPlugin
2026-06-05 20:36:45,310 [INFO] IPUIPlugin:80 - create IPUIPlugin
2026-06-05 20:36:45,310 [INFO] IPUIPlugin:80 - create IPUIPlugin
2026-06-05 20:36:45,310 [INFO] IPUIPlugin:80 - create IPUIPlugin
2026-06-05 20:36:45,310 [INFO] IPUIPlugin:80 - create IPUIPlugin
2026-06-05 20:36:45,310 [INFO] IPUIPlugin:80 - create IPUIPlugin
2026-06-05 20:36:45,310 [INFO] IPUIPlugin:80 - create IPUIPlugin
2026-06-05 20:36:45,310 [INFO] IPUIPlugin:80 - create IPUIPlugin
2026-06-05 20:36:45,310 [INFO] IPUIPlugin:80 - create IPUIPlugin
2026-06-05 20:36:45,311 [INFO] IPUIPlugin:80 - create IPUIPlugin
2026-06-05 20:36:45,311 [INFO] IPUIPlugin:80 - create IPUIPlugin
2026-06-05 20:36:45,311 [INFO] IPUIPlugin:80 - create IPUIPlugin
2026-06-05 20:36:45,311 [INFO] IPUIPlugin:80 - create IPUIPlugin
2026-06-05 20:36:45,311 [INFO] IPUIPlugin:80 - create IPUIPlugin
2026-06-05 20:36:45,312 [INFO] IPUIPlugin:80 - create IPUIPlugin
2026-06-05 20:36:45,312 [INFO] IPUIPlugin:80 - create IPUIPlugin
2026-06-05 20:36:45,312 [INFO] IPUIPlugin:80 - create IPUIPlugin
2026-06-05 20:36:45,312 [INFO] IPUIPlugin:80 - create IPUIPlugin
2026-06-05 20:36:45,312 [INFO] IPUIPlugin:80 - create IPUIPlugin
2026-06-05 20:36:45,312 [INFO] IPUIPlugin:80 - create IPUIPlugin
2026-06-05 20:36:45,312 [INFO] IPUIPlugin:80 - create IPUIPlugin
2026-06-05 20:36:45,313 [INFO] IPUIPlugin:80 - create IPUIPlugin
2026-06-05 20:36:45,313 [INFO] IPUIPlugin:80 - create IPUIPlugin
2026-06-05 20:36:45,313 [INFO] IPUIPlugin:80 - create IPUIPlugin
2026-06-05 20:36:45,313 [INFO] IPUIPlugin:80 - create IPUIPlugin
2026-06-05 20:36:45,313 [INFO] IPUIPlugin:80 - create IPUIPlugin
2026-06-05 20:36:45,313 [INFO] IPUIPlugin:80 - create IPUIPlugin
2026-06-05 20:36:45,313 [INFO] IPUIPlugin:80 - create IPUIPlugin
2026-06-05 20:36:45,314 [INFO] IPUIPlugin:80 - create IPUIPlugin
2026-06-05 20:36:45,314 [INFO] IPUIPlugin:80 - create IPUIPlugin
2026-06-05 20:36:45,314 [INFO] IPUIPlugin:80 - create IPUIPlugin
2026-06-05 20:36:45,314 [INFO] IPUIPlugin:80 - create IPUIPlugin
2026-06-05 20:36:45,314 [INFO] IPUIPlugin:80 - create IPUIPlugin
2026-06-05 20:36:45,314 [INFO] IPUIPlugin:80 - create IPUIPlugin
2026-06-05 20:36:45,315 [INFO] IPUIPlugin:80 - create IPUIPlugin
2026-06-05 20:36:45,315 [INFO] IPUIPlugin:80 - create IPUIPlugin
2026-06-05 20:36:45,315 [INFO] IPUIPlugin:80 - create IPUIPlugin
2026-06-05 20:36:45,315 [INFO] IPUIPlugin:80 - create IPUIPlugin
2026-06-05 20:36:45,315 [INFO] IPUIPlugin:80 - create IPUIPlugin
2026-06-05 20:36:45,315 [INFO] IPUIPlugin:80 - create IPUIPlugin
2026-06-05 20:36:45,316 [INFO] IPUIPlugin:80 - create IPUIPlugin
2026-06-05 20:36:45,316 [INFO] IPUIPlugin:80 - create IPUIPlugin
2026-06-05 20:36:45,316 [INFO] IPUIPlugin:80 - create IPUIPlugin
2026-06-05 20:36:45,316 [INFO] IPUIPlugin:80 - create IPUIPlugin
2026-06-05 20:36:45,316 [INFO] IPUIPlugin:80 - create IPUIPlugin
2026-06-05 20:36:45,317 [INFO] IPUIPlugin:80 - create IPUIPlugin
2026-06-05 20:36:45,317 [INFO] IPUIPlugin:80 - create IPUIPlugin
2026-06-05 20:36:45,317 [INFO] IPUIPlugin:80 - create IPUIPlugin
2026-06-05 20:36:45,317 [INFO] IPUIPlugin:80 - create IPUIPlugin
2026-06-05 20:36:45,317 [INFO] IPUIPlugin:80 - create IPUIPlugin
2026-06-05 20:36:45,318 [INFO] IPUIPlugin:80 - create IPUIPlugin
2026-06-05 20:36:45,318 [INFO] IPUIPlugin:80 - create IPUIPlugin
2026-06-05 20:36:45,318 [INFO] IPUIPlugin:80 - create IPUIPlugin
2026-06-05 20:36:45,318 [INFO] IPUIPlugin:80 - create IPUIPlugin
2026-06-05 20:36:45,319 [INFO] IPUIPlugin:80 - create IPUIPlugin
2026-06-05 20:36:45,319 [INFO] IPUIPlugin:80 - create IPUIPlugin
2026-06-05 20:36:45,320 [INFO] IPUIPlugin:80 - create IPUIPlugin
2026-06-05 20:36:45,320 [INFO] IPUIPlugin:80 - create IPUIPlugin
2026-06-05 20:36:45,326 [INFO] ApiDbMcu:532 - Load IP Config File for PDM2PCM
2026-06-05 20:36:45,383 [INFO] CADModel:165 - CPN selected for project levelSTM32H743VIT6
2026-06-05 20:36:45,383 [INFO] CADModel:114 - Register for checkConnection events
2026-06-05 20:36:45,463 [INFO] OpenFileManager:386 - Restore cursor
2026-06-05 20:36:45,642 [WARN] IP:2250 - DEVICE_SERIAL0_DFU_FS not found: check if there is a RefParameter without a condition.
2026-06-05 20:36:45,642 [WARN] IP:2250 - DEVICE_SERIAL1_DFU_FS not found: check if there is a RefParameter without a condition.
2026-06-05 20:36:45,642 [WARN] IP:2250 - DEVICE_SERIAL2_DFU_FS not found: check if there is a RefParameter without a condition.
2026-06-05 20:36:45,643 [WARN] IP:2250 - DEVICE_SERIAL0_DFU_FS not found: check if there is a RefParameter without a condition.
2026-06-05 20:36:45,643 [WARN] IP:2250 - DEVICE_SERIAL1_DFU_FS not found: check if there is a RefParameter without a condition.
2026-06-05 20:36:45,643 [WARN] IP:2250 - DEVICE_SERIAL2_DFU_FS not found: check if there is a RefParameter without a condition.
2026-06-05 20:39:52,621 [INFO] MainUpdater:2872 - connection check result : 10
2026-06-05 20:39:52,621 [INFO] MainUpdater:2872 - connection check result : 10
2026-06-05 20:39:52,786 [INFO] MicroXplorer:468 - Change Database Path : 
2026-06-05 20:39:52,786 [INFO] MicroXplorer:498 - Change Database Version : DB.6.0.150
2026-06-05 20:39:52,801 [ERROR] ProjectManagerView:395 - 
java.lang.NullPointerException: Cannot invoke "javax.swing.JTextField.getText()" because the return value of "java.util.List.get(int)" is null
	at com.st.microxplorer.plugins.projectmanager.gui.ProjectChoiceTab$9.caretUpdate(ProjectChoiceTab.java:2706) ~[filemanager.jar:?]
	at javax.swing.text.JTextComponent.fireCaretUpdate(JTextComponent.java:408) ~[?:?]
	at javax.swing.text.JTextComponent$MutableCaretEvent.fire(JTextComponent.java:4484) ~[?:?]
	at javax.swing.text.JTextComponent$MutableCaretEvent.stateChanged(JTextComponent.java:4506) ~[?:?]
	at javax.swing.text.DefaultCaret.fireStateChanged(DefaultCaret.java:857) ~[?:?]
	at javax.swing.text.DefaultCaret.changeCaretPosition(DefaultCaret.java:1343) ~[?:?]
	at javax.swing.text.DefaultCaret.handleSetDot(DefaultCaret.java:1242) ~[?:?]
	at javax.swing.text.DefaultCaret.setDot(DefaultCaret.java:1223) ~[?:?]
	at javax.swing.text.DefaultCaret$Handler.insertUpdate(DefaultCaret.java:1819) ~[?:?]
	at javax.swing.text.AbstractDocument.fireInsertUpdate(AbstractDocument.java:227) ~[?:?]
	at javax.swing.text.AbstractDocument.handleInsertString(AbstractDocument.java:781) ~[?:?]
	at javax.swing.text.AbstractDocument.insertString(AbstractDocument.java:740) ~[?:?]
	at javax.swing.text.PlainDocument.insertString(PlainDocument.java:131) ~[?:?]
	at javax.swing.text.AbstractDocument.replace(AbstractDocument.java:699) ~[?:?]
	at javax.swing.text.JTextComponent.setText(JTextComponent.java:1725) ~[?:?]
	at com.st.microxplorer.plugins.projectmanager.gui.ProjectChoiceTab.createHeapStackFields(ProjectChoiceTab.java:993) ~[filemanager.jar:?]
	at com.st.microxplorer.plugins.projectmanager.gui.ProjectChoiceTab.buildLinkSettingsPanel(ProjectChoiceTab.java:3813) ~[filemanager.jar:?]
	at com.st.microxplorer.plugins.projectmanager.gui.ProjectChoiceTab.defineWindowsFields(ProjectChoiceTab.java:1987) ~[filemanager.jar:?]
	at com.st.microxplorer.plugins.projectmanager.gui.ProjectChoiceTab.updateSettings(ProjectChoiceTab.java:558) ~[filemanager.jar:?]
	at com.st.microxplorer.plugins.projectmanager.gui.ProjectSettingsPanel.UpdateDialog(ProjectSettingsPanel.java:247) ~[filemanager.jar:?]
	at com.st.microxplorer.plugins.projectmanager.ProjectManagerView.propertyChange(ProjectManagerView.java:392) ~[filemanager.jar:?]
	at java.beans.PropertyChangeSupport.fire(PropertyChangeSupport.java:343) ~[?:?]
	at java.beans.PropertyChangeSupport.firePropertyChange(PropertyChangeSupport.java:335) ~[?:?]
	at java.beans.PropertyChangeSupport.firePropertyChange(PropertyChangeSupport.java:268) ~[?:?]
	at com.st.microxplorer.util.MXPropertyChangeSupport.firePropertyChange(MXPropertyChangeSupport.java:54) ~[STM32CubeMX.jar:?]
	at com.st.microxplorer.mxsystem.MxSystem.closeConfig(MxSystem.java:899) ~[STM32CubeMX.jar:?]
	at com.st.microxplorer.maingui.MainPanel.closeConfig(MainPanel.java:792) ~[STM32CubeMX.jar:?]
	at com.st.microxplorer.plugins.filemanager.engine.OpenFileManager.loadConfigurationFile(OpenFileManager.java:288) ~[filemanager.jar:?]
	at com.st.microxplorer.plugins.filemanager.engine.MainFileManager.userLoadConfig(MainFileManager.java:364) ~[filemanager.jar:?]
	at com.st.microxplorer.plugins.filemanager.engine.MainFileManager.userLoadConfig(MainFileManager.java:342) ~[filemanager.jar:?]
	at com.st.microxplorer.plugins.filemanager.FileManagerView.getSpecificTask(FileManagerView.java:264) ~[filemanager.jar:?]
	at com.st.stm32cube.common.mx.editor.CubeMxEditor.getMxTabbedPaneInstance(CubeMxEditor.java:1198) ~[com.st.stm32cube.common.mx_6.15.0.202507011659/:?]
	at com.st.stm32cube.common.mx.editor.CubeMxEditor$12$1.createSwingComponent(CubeMxEditor.java:1068) ~[com.st.stm32cube.common.mx_6.15.0.202507011659/:?]
	at com.st.stm32cube.common.mx.oss.core.awtswtbridge.EmbeddedSwingComposite.doComponentCreation(EmbeddedSwingComposite.java:492) ~[com.st.stm32cube.common.mx.oss_6.15.0.202507011659/:?]
	at com.st.stm32cube.common.mx.oss.core.awtswtbridge.EmbeddedSwingComposite$4.run(EmbeddedSwingComposite.java:291) ~[com.st.stm32cube.common.mx.oss_6.15.0.202507011659/:?]
	at com.st.stm32cube.common.mx.oss.core.awtswtbridge.AwtEnvironment$2.run(AwtEnvironment.java:166) ~[com.st.stm32cube.common.mx.oss_6.15.0.202507011659/:?]
	at java.awt.event.InvocationEvent.dispatch(InvocationEvent.java:318) ~[?:?]
	at java.awt.EventQueue.dispatchEventImpl(EventQueue.java:773) ~[?:?]
	at java.awt.EventQueue$4.run(EventQueue.java:720) ~[?:?]
	at java.awt.EventQueue$4.run(EventQueue.java:714) ~[?:?]
	at java.security.AccessController.doPrivileged(AccessController.java:400) ~[?:?]
	at java.security.ProtectionDomain$JavaSecurityAccessImpl.doIntersectionPrivilege(ProtectionDomain.java:87) ~[?:?]
	at java.awt.EventQueue.dispatchEvent(EventQueue.java:742) ~[?:?]
	at java.awt.EventDispatchThread.pumpOneEventForFilters(EventDispatchThread.java:203) ~[?:?]
	at java.awt.EventDispatchThread.pumpEventsForFilter(EventDispatchThread.java:124) ~[?:?]
	at java.awt.EventDispatchThread.pumpEventsForHierarchy(EventDispatchThread.java:113) ~[?:?]
	at java.awt.EventDispatchThread.pumpEvents(EventDispatchThread.java:109) ~[?:?]
	at java.awt.EventDispatchThread.pumpEvents(EventDispatchThread.java:101) ~[?:?]
	at java.awt.EventDispatchThread.run(EventDispatchThread.java:90) ~[?:?]
2026-06-05 20:39:52,802 [WARN] ThirdParty:871 - waiting for thirdparty lock release [close project]
2026-06-05 20:39:52,802 [INFO] ThirdParty:873 - entering critical section [close project]
2026-06-05 20:39:52,802 [INFO] ThirdParty:883 - exiting critical section [close project]
2026-06-05 20:39:52,804 [INFO] PinOutPanel:1589 - setPackage(No Configuration,No Configuration)
2026-06-05 20:39:52,809 [WARN] IpParametersView:155 - Warning: This peripheral hasn't parameters
2026-06-05 20:39:52,816 [WARN] MainPanel:289 - <html><b><center>Warning: This peripheral has no parameters to be configured<br></b></html>
2026-06-05 20:39:52,819 [INFO] UtilMem:75 - Begin LoadConfig() Used Memory: 994220240 Bytes (1073741824)
2026-06-05 20:39:52,820 [INFO] MicroXplorer:468 - Change Database Path : 
2026-06-05 20:39:52,820 [INFO] MicroXplorer:498 - Change Database Version : DB.6.0.150
2026-06-05 20:39:52,820 [INFO] OpenFileManager:355 - Change cursor
2026-06-05 20:39:52,836 [INFO] Mcu:2029 - Initializing MCU STM32H743VITx STM32H743VITx STM32H743VIT6
2026-06-05 20:39:55,160 [INFO] Context:786 - Trying to add GPIOservice into a context  which must be forbidden
2026-06-05 20:39:56,141 [INFO] ImportTextPane:234 - (OptionalMessage_ERROR) Pin14 (VP_RIF_VS_RIF1) cannot be retrieved for this MCU
2026-06-05 20:39:56,182 [INFO] RtosManager:558 - Registered RTOS mode: class=CMSIS, group=RTOS, mode=CMSIS_V1, owner=FREERTOS
2026-06-05 20:39:56,182 [INFO] RtosManager:558 - Registered RTOS mode: class=CMSIS, group=RTOS2, mode=CMSIS_V2, owner=FREERTOS
2026-06-05 20:39:56,182 [INFO] RtosManager:558 - Registered RTOS mode: class=RTOS, group=Core, mode=CMSIS_V1, owner=FREERTOS
2026-06-05 20:39:56,182 [INFO] RtosManager:558 - Registered RTOS mode: class=RTOS, group=Core, mode=CMSIS_V2, owner=FREERTOS
2026-06-05 20:39:56,182 [WARN] ModelIntegratedComponent:184 - Missing modes for component STMicroelectronics:FreeRTOS:0.0.1:STMicroelectronics:RTOS:FreeRTOS:Core:::10.2.0:
2026-06-05 20:39:56,192 [WARN] ModelIntegratedComponent:63 - No mode defined for component null
2026-06-05 20:39:56,192 [WARN] ModelIntegratedComponent:63 - No mode defined for component null
2026-06-05 20:39:56,192 [WARN] ModelIntegratedComponent:63 - No mode defined for component null
2026-06-05 20:39:56,192 [WARN] ModelIntegratedComponent:63 - No mode defined for component null
2026-06-05 20:39:56,192 [WARN] ModelIntegratedComponent:63 - No mode defined for component null
2026-06-05 20:39:56,192 [WARN] ModelIntegratedComponent:63 - No mode defined for component null
2026-06-05 20:39:56,192 [WARN] ModelIntegratedComponent:63 - No mode defined for component null
2026-06-05 20:39:56,192 [WARN] ModelIntegratedComponent:63 - No mode defined for component null
2026-06-05 20:39:56,192 [WARN] ModelIntegratedComponent:63 - No mode defined for component null
2026-06-05 20:39:56,192 [WARN] ModelIntegratedComponent:63 - No mode defined for component null
2026-06-05 20:39:56,192 [WARN] ModelIntegratedComponent:63 - No mode defined for component null
2026-06-05 20:39:56,192 [WARN] ModelIntegratedComponent:63 - No mode defined for component null
2026-06-05 20:39:56,192 [WARN] ModelIntegratedComponent:63 - No mode defined for component null
2026-06-05 20:39:56,192 [WARN] ModelIntegratedComponent:63 - No mode defined for component null
2026-06-05 20:39:56,192 [WARN] ModelIntegratedComponent:63 - No mode defined for component null
2026-06-05 20:39:56,192 [WARN] ModelIntegratedComponent:63 - No mode defined for component null
2026-06-05 20:39:56,193 [WARN] ModelIntegratedComponent:63 - No mode defined for component null
2026-06-05 20:39:56,193 [WARN] ModelIntegratedComponent:63 - No mode defined for component null
2026-06-05 20:39:56,193 [WARN] ModelIntegratedComponent:63 - No mode defined for component null
2026-06-05 20:39:56,193 [WARN] ModelIntegratedComponent:63 - No mode defined for component null
2026-06-05 20:39:56,193 [WARN] ModelIntegratedComponent:63 - No mode defined for component null
2026-06-05 20:39:56,193 [WARN] ModelIntegratedComponent:63 - No mode defined for component null
2026-06-05 20:39:56,193 [WARN] ModelIntegratedComponent:63 - No mode defined for component null
2026-06-05 20:39:56,193 [WARN] ModelIntegratedComponent:63 - No mode defined for component null
2026-06-05 20:39:56,193 [WARN] ModelIntegratedComponent:63 - No mode defined for component null
2026-06-05 20:39:56,193 [WARN] ModelIntegratedComponent:63 - No mode defined for component null
2026-06-05 20:39:56,193 [WARN] ModelIntegratedComponent:63 - No mode defined for component null
2026-06-05 20:39:56,193 [WARN] ModelIntegratedComponent:63 - No mode defined for component null
2026-06-05 20:39:56,193 [WARN] ModelIntegratedComponent:63 - No mode defined for component null
2026-06-05 20:39:56,193 [WARN] ModelIntegratedComponent:63 - No mode defined for component null
2026-06-05 20:39:56,193 [WARN] ModelIntegratedComponent:63 - No mode defined for component null
2026-06-05 20:39:56,194 [WARN] ModelIntegratedComponent:63 - No mode defined for component null
2026-06-05 20:39:56,194 [WARN] ModelIntegratedComponent:63 - No mode defined for component null
2026-06-05 20:39:56,194 [WARN] ModelIntegratedComponent:63 - No mode defined for component null
2026-06-05 20:39:56,194 [WARN] ModelIntegratedComponent:63 - No mode defined for component null
2026-06-05 20:39:56,194 [WARN] ModelPack:524 - Component already loaded: STMicroelectronics:HAL Drivers:0.0.0:STMicroelectronics:Device:STMicro_Driver:XSPI:HAL::0.0.1:HAL_XSPI
2026-06-05 20:39:56,368 [INFO] ThirdPartyModel:298 - Start build external matchings
2026-06-05 20:39:57,258 [INFO] ThirdPartyModel:316 - End build external matchings
2026-06-05 20:39:57,286 [INFO] ImportTextPane:234 - (OptionalMessage_ERROR) IP (RCC) : Invalid parameter (FamilyName)
2026-06-05 20:39:57,286 [INFO] ImportTextPane:234 - (OptionalMessage_ERROR) IP (RCC) : Parameter (I2C123Freq_Value) has invalid value (64000000)
2026-06-05 20:39:57,286 [INFO] ImportTextPane:234 - (OptionalMessage_ERROR) IP (RCC) : Parameter (I2C4Freq_Value) has invalid value (64000000)
2026-06-05 20:39:57,286 [INFO] ImportTextPane:234 - (OptionalMessage_ERROR) IP (RCC) : Parameter (LPTIM1Freq_Value) has invalid value (64000000)
2026-06-05 20:39:57,286 [INFO] ImportTextPane:234 - (OptionalMessage_ERROR) IP (RCC) : Parameter (LPTIM2Freq_Value) has invalid value (64000000)
2026-06-05 20:39:57,286 [INFO] ImportTextPane:234 - (OptionalMessage_ERROR) IP (RCC) : Parameter (LPTIM345Freq_Value) has invalid value (64000000)
2026-06-05 20:39:57,286 [INFO] ImportTextPane:234 - (OptionalMessage_ERROR) IP (RCC) : Parameter (LPUART1Freq_Value) has invalid value (64000000)
2026-06-05 20:39:57,286 [INFO] ImportTextPane:234 - (OptionalMessage_ERROR) IP (RCC) : Parameter (LTDCFreq_Value) has invalid value (50390625)
2026-06-05 20:39:57,287 [INFO] ImportTextPane:234 - (OptionalMessage_ERROR) IP (RCC) : Parameter (SPI6Freq_Value) has invalid value (64000000)
2026-06-05 20:39:57,287 [INFO] ImportTextPane:234 - (OptionalMessage_ERROR) IP (RCC) : Parameter (SWPMI1Freq_Value) has invalid value (64000000)
2026-06-05 20:39:57,287 [INFO] ImportTextPane:234 - (OptionalMessage_ERROR) IP (RCC) : Parameter (USART234578Freq_Value) has invalid value (64000000)
2026-06-05 20:39:57,292 [WARN] IP:2250 - DEVICE_SERIAL0_DFU_FS not found: check if there is a RefParameter without a condition.
2026-06-05 20:39:57,292 [WARN] IP:2250 - DEVICE_SERIAL1_DFU_FS not found: check if there is a RefParameter without a condition.
2026-06-05 20:39:57,292 [WARN] IP:2250 - DEVICE_SERIAL2_DFU_FS not found: check if there is a RefParameter without a condition.
2026-06-05 20:39:57,680 [INFO] UtilMem:75 - End LoadConfig() Used Memory: 873040992 Bytes (1073741824)
2026-06-05 20:39:57,728 [WARN] ThirdParty:833 - waiting for thirdparty lock release [change project]
2026-06-05 20:39:57,728 [INFO] ThirdParty:835 - entering critical section [change project]
2026-06-05 20:39:57,728 [INFO] ThirdParty:1030 - CMSIS Pack Vendor :STMicroelectronics X-CUBE-AZRTOS-H7 3.5.0
2026-06-05 20:39:57,728 [INFO] ThirdParty:1030 - CMSIS Pack Vendor :STMicroelectronics X-CUBE-PM33A1 1.0.0
2026-06-05 20:39:57,728 [INFO] ThirdParty:1030 - CMSIS Pack Vendor :STMicroelectronics USBPD 4.1
2026-06-05 20:39:57,728 [INFO] ThirdParty:1030 - CMSIS Pack Vendor :STMicroelectronics USB_HOST 2.0.0
2026-06-05 20:39:57,728 [INFO] ThirdParty:1030 - CMSIS Pack Vendor :STMicroelectronics FP-SNS-MOTENVWB1 1.4.0
2026-06-05 20:39:57,728 [INFO] ThirdParty:1030 - CMSIS Pack Vendor :STMicroelectronics X-CUBE-AZRTOS-F4 1.1.0
2026-06-05 20:39:57,728 [INFO] ThirdParty:1030 - CMSIS Pack Vendor :STMicroelectronics LIBJPEG 8.0.0
2026-06-05 20:39:57,728 [INFO] ThirdParty:1030 - CMSIS Pack Vendor :STMicroelectronics FP-ATR-ASTRA1 2.0.2
2026-06-05 20:39:57,729 [INFO] ThirdParty:1030 - CMSIS Pack Vendor :Avnet-IotConnect X-CUBE-IoTC-DA16k-PMOD 1.0.0
2026-06-05 20:39:57,729 [INFO] ThirdParty:1030 - CMSIS Pack Vendor :STMicroelectronics X-CUBE-SMBUS 2.1.0
2026-06-05 20:39:57,729 [INFO] ThirdParty:1030 - CMSIS Pack Vendor :STMicroelectronics X-CUBE-ISPU 2.1.0
2026-06-05 20:39:57,729 [INFO] ThirdParty:1030 - CMSIS Pack Vendor :STMicroelectronics eDS-WB_DPC_TT-BIDIR 2.1.1
2026-06-05 20:39:57,729 [INFO] ThirdParty:1030 - CMSIS Pack Vendor :STMicroelectronics X-CUBE-ST60 1.0.0
2026-06-05 20:39:57,729 [INFO] ThirdParty:1030 - CMSIS Pack Vendor :STMicroelectronics X-CUBE-NFC12 1.0.0
2026-06-05 20:39:57,729 [INFO] ThirdParty:1030 - CMSIS Pack Vendor :STMicroelectronics X-CUBE-AZRTOS-F7 1.1.0
2026-06-05 20:39:57,729 [INFO] ThirdParty:1030 - CMSIS Pack Vendor :STMicroelectronics X-CUBE-AZRTOS-L5 2.0.0
2026-06-05 20:39:57,729 [INFO] ThirdParty:1030 - CMSIS Pack Vendor :STMicroelectronics USB_DEVICE 2.0.0
2026-06-05 20:39:57,729 [INFO] ThirdParty:1030 - CMSIS Pack Vendor :STMicroelectronics X-CUBE-NFC6 3.1.0
2026-06-05 20:39:57,729 [INFO] ThirdParty:1030 - CMSIS Pack Vendor :STMicroelectronics X-CUBE-ALGOBUILD 1.5.0
2026-06-05 20:39:57,729 [INFO] ThirdParty:1030 - CMSIS Pack Vendor :STMicroelectronics FP-SNS-MOTENV1 5.1.0
2026-06-05 20:39:57,729 [INFO] ThirdParty:1030 - CMSIS Pack Vendor :STMicroelectronics FreeRTOS 0.0.1
2026-06-05 20:39:57,729 [INFO] ThirdParty:1030 - CMSIS Pack Vendor :STMicroelectronics eDS-WB_DPC_VIENNA 1.2.0
2026-06-05 20:39:57,729 [INFO] ThirdParty:1030 - CMSIS Pack Vendor :STMicroelectronics eDS-WB_DPC_3PH2L-BIDIR 1.1.1
2026-06-05 20:39:57,729 [INFO] ThirdParty:1030 - CMSIS Pack Vendor :Infineon AIROC-Wi-Fi-Bluetooth-STM32 1.7.1
2026-06-05 20:39:57,729 [INFO] ThirdParty:1030 - CMSIS Pack Vendor :STMicroelectronics PDM2PCM 3.3.0
2026-06-05 20:39:57,729 [INFO] ThirdParty:1030 - CMSIS Pack Vendor :STMicroelectronics X-CUBE-AZRTOS-H7 3.4.0
2026-06-05 20:39:57,729 [INFO] ThirdParty:1030 - CMSIS Pack Vendor :STMicroelectronics X-CUBE-DISPLAY 3.0.0
2026-06-05 20:39:57,729 [INFO] ThirdParty:1030 - CMSIS Pack Vendor :STMicroelectronics X-CUBE-GNSS1 7.1.1
2026-06-05 20:39:57,729 [INFO] ThirdParty:1030 - CMSIS Pack Vendor :STMicroelectronics FP-SNS-MOTENVWB1 1.5.0
2026-06-05 20:39:57,729 [INFO] ThirdParty:1030 - CMSIS Pack Vendor :STMicroelectronics X-CUBE-NFC10 1.0.0
2026-06-05 20:39:57,729 [INFO] ThirdParty:1030 - CMSIS Pack Vendor :STMicroelectronics X-CUBE-BLEMGR 4.0.0
2026-06-05 20:39:57,729 [INFO] ThirdParty:1030 - CMSIS Pack Vendor :STMicroelectronics X-CUBE-FREERTOS 1.3.1
2026-06-05 20:39:57,729 [INFO] ThirdParty:1030 - CMSIS Pack Vendor :STMicroelectronics HAL Drivers 0.0.0
2026-06-05 20:39:57,729 [INFO] ThirdParty:1030 - CMSIS Pack Vendor :emotas I-CUBE-CANOPEN 1.3.0
2026-06-05 20:39:57,729 [INFO] ThirdParty:1030 - CMSIS Pack Vendor :STMicroelectronics MBEDTLS 2.14.1
2026-06-05 20:39:57,730 [INFO] ThirdParty:1030 - CMSIS Pack Vendor :STMicroelectronics X-CUBE-GNSS1 7.1.0
2026-06-05 20:39:57,730 [INFO] ThirdParty:1030 - CMSIS Pack Vendor :STMicroelectronics X-CUBE-TOUCHGFX 4.26.0
2026-06-05 20:39:57,730 [INFO] ThirdParty:1030 - CMSIS Pack Vendor :STMicroelectronics X-CUBE-TOUCHGFX 4.26.1
2026-06-05 20:39:57,730 [INFO] ThirdParty:1030 - CMSIS Pack Vendor :quantropi X-CUBE-qispace-sdk-base 2.0.0
2026-06-05 20:39:57,730 [INFO] ThirdParty:1030 - CMSIS Pack Vendor :STMicroelectronics FP-SNS-STBOX1 2.1.0
2026-06-05 20:39:57,730 [INFO] ThirdParty:1030 - CMSIS Pack Vendor :STMicroelectronics FP-SNS-STAIOTCFT 1.0.0
2026-06-05 20:39:57,730 [INFO] ThirdParty:1030 - CMSIS Pack Vendor :STMicroelectronics FP-SNS-SMARTAG2 1.2.0
2026-06-05 20:39:57,730 [INFO] ThirdParty:1030 - CMSIS Pack Vendor :STMicroelectronics FP-SNS-FLIGHT1 5.1.0
2026-06-05 20:39:57,730 [INFO] ThirdParty:1030 - CMSIS Pack Vendor :STMicroelectronics X-CUBE-AZRTOS-WL 2.0.0
2026-06-05 20:39:57,730 [INFO] ThirdParty:1030 - CMSIS Pack Vendor :STMicroelectronics X-CUBE-DPower 1.3.0
2026-06-05 20:39:57,730 [INFO] ThirdParty:1030 - CMSIS Pack Vendor :STMicroelectronics FP-SNS-MOTENV1 5.0.0
2026-06-05 20:39:57,730 [INFO] ThirdParty:1030 - CMSIS Pack Vendor :STMicroelectronics USB_DEVICE 1.0.0
2026-06-05 20:39:57,730 [INFO] ThirdParty:1030 - CMSIS Pack Vendor :STMicroelectronics X-CUBE-AZRTOS-H7RS 1.2.0
2026-06-05 20:39:57,730 [INFO] ThirdParty:1030 - CMSIS Pack Vendor :STMicroelectronics X-CUBE-AZRTOS-L4 2.0.0
2026-06-05 20:39:57,730 [INFO] ThirdParty:1030 - CMSIS Pack Vendor :STMicroelectronics ThreadX 0.0.2
2026-06-05 20:39:57,730 [INFO] ThirdParty:1030 - CMSIS Pack Vendor :WES I-CUBE-Cesium 1.3.0
2026-06-05 20:39:57,730 [INFO] ThirdParty:1030 - CMSIS Pack Vendor :STMicroelectronics lwIP 2.1.2
2026-06-05 20:39:57,730 [INFO] ThirdParty:1030 - CMSIS Pack Vendor :STMicroelectronics X-CUBE-SFXS2LP1 4.0.0
2026-06-05 20:39:57,730 [INFO] ThirdParty:1030 - CMSIS Pack Vendor :STMicroelectronics X-CUBE-BLE2 3.3.0
2026-06-05 20:39:57,730 [INFO] ThirdParty:1030 - CMSIS Pack Vendor :Avnet-IOTCONNECT X-CUBE-iotc-st67-sdk 1.0.0
2026-06-05 20:39:57,730 [INFO] ThirdParty:1030 - CMSIS Pack Vendor :STMicroelectronics PDM2PCM 3.2.0
2026-06-05 20:39:57,730 [INFO] ThirdParty:1030 - CMSIS Pack Vendor :STMicroelectronics X-CUBE-WB05N 2.1.0
2026-06-05 20:39:57,730 [INFO] ThirdParty:1030 - CMSIS Pack Vendor :STMicroelectronics X-CUBE-ST67W61 1.2.0
2026-06-05 20:39:57,730 [INFO] ThirdParty:1030 - CMSIS Pack Vendor :STMicroelectronics X-CUBE-NFC9 1.0.0
2026-06-05 20:39:57,730 [INFO] ThirdParty:1030 - CMSIS Pack Vendor :wolfSSL I-CUBE-wolfSSL 5.8.0
2026-06-05 20:39:57,730 [INFO] ThirdParty:1030 - CMSIS Pack Vendor :STMicroelectronics X-CUBE-BLE1 7.1.0
2026-06-05 20:39:57,730 [INFO] ThirdParty:1030 - CMSIS Pack Vendor :wolfSSL I-CUBE-wolfMQTT 1.19.2
2026-06-05 20:39:57,730 [INFO] ThirdParty:1030 - CMSIS Pack Vendor :STMicroelectronics USB_DEVICE 3.0.0
2026-06-05 20:39:57,731 [INFO] ThirdParty:1030 - CMSIS Pack Vendor :STMicroelectronics X-CUBE-FREERTOS 1.4.0
2026-06-05 20:39:57,731 [INFO] ThirdParty:1030 - CMSIS Pack Vendor :STMicroelectronics X-CUBE-EEPRMA1 5.2.0
2026-06-05 20:39:57,731 [INFO] ThirdParty:1030 - CMSIS Pack Vendor :STMicroelectronics X-CUBE-BLEMGR 4.1.0
2026-06-05 20:39:57,731 [INFO] ThirdParty:1030 - CMSIS Pack Vendor :STMicroelectronics X-CUBE-AZRTOS-WB 2.0.0
2026-06-05 20:39:57,731 [INFO] ThirdParty:1030 - CMSIS Pack Vendor :STMicroelectronics X-CUBE-GNSS1 7.0.1
2026-06-05 20:39:57,731 [INFO] ThirdParty:1030 - CMSIS Pack Vendor :STMicroelectronics X-CUBE-TOUCHGFX 4.25.0
2026-06-05 20:39:57,731 [INFO] ThirdParty:1030 - CMSIS Pack Vendor :STMicroelectronics X-CUBE-AI 10.1.0
2026-06-05 20:39:57,731 [INFO] ThirdParty:1030 - CMSIS Pack Vendor :STMicroelectronics FP-SNS-STBOX1 2.0.0
2026-06-05 20:39:57,731 [INFO] ThirdParty:1030 - CMSIS Pack Vendor :STMicroelectronics FP-SNS-STAIOTCFT 1.1.0
2026-06-05 20:39:57,731 [INFO] ThirdParty:1030 - CMSIS Pack Vendor :STMicroelectronics X-CUBE-MEMS1 12.0.0
2026-06-05 20:39:57,731 [INFO] ThirdParty:1030 - CMSIS Pack Vendor :STMicroelectronics X-CUBE-STSE01 2.0.0
2026-06-05 20:39:57,731 [INFO] ThirdParty:1030 - CMSIS Pack Vendor :STMicroelectronics X-CUBE-AZRTOS-G0 1.1.0
2026-06-05 20:39:57,731 [INFO] ThirdParty:1030 - CMSIS Pack Vendor :STMicroelectronics X-CUBE-SAFEA1 1.2.2
2026-06-05 20:39:57,731 [INFO] ThirdParty:1030 - CMSIS Pack Vendor :STMicroelectronics X-CUBE-NFC4 3.0.0
2026-06-05 20:39:57,731 [INFO] ThirdParty:1030 - CMSIS Pack Vendor :STMicroelectronics X-CUBE-SUBG2 5.0.0
2026-06-05 20:39:57,731 [INFO] ThirdParty:1030 - CMSIS Pack Vendor :STMicroelectronics X-CUBE-AZRTOS-H7RS 1.1.0
2026-06-05 20:39:57,731 [INFO] ThirdParty:1030 - CMSIS Pack Vendor :STMicroelectronics STM32_WPAN 1.0.0
2026-06-05 20:39:57,731 [INFO] ThirdParty:1030 - CMSIS Pack Vendor :EmbeddedOffice I-CUBE-FS-RTOS 1.0.1
2026-06-05 20:39:57,731 [INFO] ThirdParty:1030 - CMSIS Pack Vendor :STMicroelectronics lwIP 2.0.3
2026-06-05 20:39:57,731 [INFO] ThirdParty:1030 - CMSIS Pack Vendor :Cesanta I-CUBE-Mongoose 7.13.0
2026-06-05 20:39:57,731 [INFO] ThirdParty:1030 - CMSIS Pack Vendor :STMicroelectronics USB_HOST 1.0.0
2026-06-05 20:39:57,731 [INFO] ThirdParty:1030 - CMSIS Pack Vendor :STMicroelectronics X-CUBE-AZRTOS-G4 2.0.0
2026-06-05 20:39:57,732 [INFO] ThirdParty:1030 - CMSIS Pack Vendor :STMicroelectronics X-CUBE-WB05N 2.0.0
2026-06-05 20:39:57,732 [INFO] ThirdParty:1030 - CMSIS Pack Vendor :STMicroelectronics PDM2PCM 3.1.0
2026-06-05 20:39:57,732 [INFO] ThirdParty:1030 - CMSIS Pack Vendor :wolfSSL I-CUBE-wolfTPM 3.8.0
2026-06-05 20:39:57,732 [INFO] ThirdParty:1030 - CMSIS Pack Vendor :wolfSSL I-CUBE-wolfSSH 1.4.20
2026-06-05 20:39:57,732 [INFO] ThirdParty:1030 - CMSIS Pack Vendor :STMicroelectronics X-CUBE-NFC7 2.0.0
2026-06-05 20:39:57,732 [INFO] ThirdParty:1030 - CMSIS Pack Vendor :STMicroelectronics X-CUBE-TCPP 4.2.0
2026-06-05 20:39:57,732 [INFO] ThirdParty:1030 - CMSIS Pack Vendor :RealThread X-CUBE-RT-Thread_Nano 4.1.1
2026-06-05 20:39:57,732 [INFO] ThirdParty:1030 - CMSIS Pack Vendor :STMicroelectronics FP-ATR-SIGFOX1 3.2.0
2026-06-05 20:39:57,732 [INFO] ThirdParty:1030 - CMSIS Pack Vendor :STMicroelectronics X-CUBE-EEPRMA1 5.1.0
2026-06-05 20:39:57,732 [INFO] ThirdParty:1030 - CMSIS Pack Vendor :STMicroelectronics X-CUBE-FREERTOS 1.5.0
2026-06-05 20:39:57,732 [INFO] ThirdParty:1030 - CMSIS Pack Vendor :STMicroelectronics MBEDTLS 2.16.2
2026-06-05 20:39:57,732 [INFO] ThirdParty:1030 - CMSIS Pack Vendor :STMicroelectronics X-CUBE-IPS 3.1.0
2026-06-05 20:39:57,732 [INFO] ThirdParty:1030 - CMSIS Pack Vendor :STMicroelectronics X-CUBE-ALS 1.0.2
2026-06-05 20:39:57,732 [INFO] ThirdParty:1030 - CMSIS Pack Vendor :ITTIA_DB I-CUBE-ITTIADB 8.9.0
2026-06-05 20:39:57,732 [INFO] ThirdParty:1030 - CMSIS Pack Vendor :STMicroelectronics X-CUBE-STSE01 1.0.0
2026-06-05 20:39:57,732 [INFO] ThirdParty:1030 - CMSIS Pack Vendor :portGmbH I-Cube-SoM-uGOAL 1.1.0
2026-06-05 20:39:57,732 [INFO] ThirdParty:1030 - CMSIS Pack Vendor :STMicroelectronics X-CUBE-NFC6 3.2.0
2026-06-05 20:39:57,732 [INFO] ThirdParty:1030 - CMSIS Pack Vendor :STMicroelectronics X-CUBE-ST67W61 1.0.0
2026-06-05 20:39:57,732 [INFO] ThirdParty:1030 - CMSIS Pack Vendor :STMicroelectronics X-CUBE-AI 10.2.0
2026-06-05 20:39:57,732 [INFO] ThirdParty:1030 - CMSIS Pack Vendor :STMicroelectronics ThreadX 1.0.0
2026-06-05 20:39:57,732 [INFO] ThirdParty:1030 - CMSIS Pack Vendor :STMicroelectronics X-CUBE-MEMS1 12.1.0
2026-06-05 20:39:57,732 [INFO] ThirdParty:1030 - CMSIS Pack Vendor :SEGGER I-CUBE-embOS 1.3.1
2026-06-05 20:39:57,732 [INFO] ThirdParty:1030 - CMSIS Pack Vendor :STMicroelectronics X-CUBE-ALGOBUILD 1.4.0
2026-06-05 20:39:57,732 [INFO] ThirdParty:1030 - CMSIS Pack Vendor :STMicroelectronics X-CUBE-MEMS1 11.3.0
2026-06-05 20:39:57,732 [INFO] ThirdParty:1030 - CMSIS Pack Vendor :STMicroelectronics X-CUBE-TOF1 3.4.3
2026-06-05 20:39:57,733 [INFO] ThirdParty:841 - exiting critical section [change project]
2026-06-05 20:39:58,131 [INFO] PinOutPanel:1589 - setPackage(No Configuration,No Configuration)
2026-06-05 20:39:58,131 [INFO] PinOutPanel:1589 - setPackage(STM32H743VITx,LQFP100)
2026-06-05 20:39:58,615 [INFO] UtilMem:75 - Before build in PCC Used Memory: 878612712 Bytes (1073741824)
2026-06-05 20:39:58,810 [INFO] UtilMem:75 - After build in PCC Used Memory: 939936160 Bytes (1073741824)
2026-06-05 20:39:58,818 [INFO] ApiDbMcu:532 - Load IP Config File for USB_DEVICE
2026-06-05 20:39:58,841 [INFO] IPUIPlugin:80 - create IPUIPlugin
2026-06-05 20:39:58,841 [INFO] IPUIPlugin:80 - create IPUIPlugin
2026-06-05 20:39:58,841 [INFO] IPUIPlugin:80 - create IPUIPlugin
2026-06-05 20:39:58,841 [INFO] IPUIPlugin:80 - create IPUIPlugin
2026-06-05 20:39:58,841 [INFO] IPUIPlugin:80 - create IPUIPlugin
2026-06-05 20:39:58,841 [INFO] IPUIPlugin:80 - create IPUIPlugin
2026-06-05 20:39:58,841 [INFO] IPUIPlugin:80 - create IPUIPlugin
2026-06-05 20:39:58,841 [INFO] IPUIPlugin:80 - create IPUIPlugin
2026-06-05 20:39:58,842 [INFO] IPUIPlugin:80 - create IPUIPlugin
2026-06-05 20:39:58,842 [INFO] IPUIPlugin:80 - create IPUIPlugin
2026-06-05 20:39:58,842 [INFO] IPUIPlugin:80 - create IPUIPlugin
2026-06-05 20:39:58,842 [INFO] IPUIPlugin:80 - create IPUIPlugin
2026-06-05 20:39:58,842 [INFO] IPUIPlugin:80 - create IPUIPlugin
2026-06-05 20:39:58,842 [INFO] IPUIPlugin:80 - create IPUIPlugin
2026-06-05 20:39:58,842 [INFO] IPUIPlugin:80 - create IPUIPlugin
2026-06-05 20:39:58,842 [INFO] IPUIPlugin:80 - create IPUIPlugin
2026-06-05 20:39:58,842 [INFO] IPUIPlugin:80 - create IPUIPlugin
2026-06-05 20:39:58,842 [INFO] IPUIPlugin:80 - create IPUIPlugin
2026-06-05 20:39:58,842 [INFO] IPUIPlugin:80 - create IPUIPlugin
2026-06-05 20:39:58,843 [INFO] IPUIPlugin:80 - create IPUIPlugin
2026-06-05 20:39:58,843 [INFO] IPUIPlugin:80 - create IPUIPlugin
2026-06-05 20:39:58,843 [INFO] IPUIPlugin:80 - create IPUIPlugin
2026-06-05 20:39:58,843 [INFO] IPUIPlugin:80 - create IPUIPlugin
2026-06-05 20:39:58,843 [INFO] IPUIPlugin:80 - create IPUIPlugin
2026-06-05 20:39:58,843 [INFO] IPUIPlugin:80 - create IPUIPlugin
2026-06-05 20:39:58,843 [INFO] IPUIPlugin:80 - create IPUIPlugin
2026-06-05 20:39:58,843 [INFO] IPUIPlugin:80 - create IPUIPlugin
2026-06-05 20:39:58,843 [INFO] IPUIPlugin:80 - create IPUIPlugin
2026-06-05 20:39:58,843 [INFO] IPUIPlugin:80 - create IPUIPlugin
2026-06-05 20:39:58,844 [INFO] IPUIPlugin:80 - create IPUIPlugin
2026-06-05 20:39:58,844 [INFO] IPUIPlugin:80 - create IPUIPlugin
2026-06-05 20:39:58,844 [INFO] IPUIPlugin:80 - create IPUIPlugin
2026-06-05 20:39:58,844 [INFO] IPUIPlugin:80 - create IPUIPlugin
2026-06-05 20:39:58,844 [INFO] IPUIPlugin:80 - create IPUIPlugin
2026-06-05 20:39:58,844 [INFO] IPUIPlugin:80 - create IPUIPlugin
2026-06-05 20:39:58,844 [INFO] IPUIPlugin:80 - create IPUIPlugin
2026-06-05 20:39:58,845 [INFO] IPUIPlugin:80 - create IPUIPlugin
2026-06-05 20:39:58,845 [INFO] IPUIPlugin:80 - create IPUIPlugin
2026-06-05 20:39:58,845 [INFO] IPUIPlugin:80 - create IPUIPlugin
2026-06-05 20:39:58,846 [INFO] IPUIPlugin:80 - create IPUIPlugin
2026-06-05 20:39:58,846 [INFO] IPUIPlugin:80 - create IPUIPlugin
2026-06-05 20:39:58,846 [INFO] IPUIPlugin:80 - create IPUIPlugin
2026-06-05 20:39:58,846 [INFO] IPUIPlugin:80 - create IPUIPlugin
2026-06-05 20:39:58,846 [INFO] IPUIPlugin:80 - create IPUIPlugin
2026-06-05 20:39:58,846 [INFO] IPUIPlugin:80 - create IPUIPlugin
2026-06-05 20:39:58,847 [INFO] IPUIPlugin:80 - create IPUIPlugin
2026-06-05 20:39:58,847 [INFO] IPUIPlugin:80 - create IPUIPlugin
2026-06-05 20:39:58,847 [INFO] IPUIPlugin:80 - create IPUIPlugin
2026-06-05 20:39:58,847 [INFO] IPUIPlugin:80 - create IPUIPlugin
2026-06-05 20:39:58,847 [INFO] IPUIPlugin:80 - create IPUIPlugin
2026-06-05 20:39:58,847 [INFO] IPUIPlugin:80 - create IPUIPlugin
2026-06-05 20:39:58,847 [INFO] IPUIPlugin:80 - create IPUIPlugin
2026-06-05 20:39:58,847 [INFO] IPUIPlugin:80 - create IPUIPlugin
2026-06-05 20:39:58,849 [INFO] IPUIPlugin:80 - create IPUIPlugin
2026-06-05 20:39:58,849 [INFO] IPUIPlugin:80 - create IPUIPlugin
2026-06-05 20:39:58,849 [INFO] IPUIPlugin:80 - create IPUIPlugin
2026-06-05 20:39:58,849 [INFO] IPUIPlugin:80 - create IPUIPlugin
2026-06-05 20:39:58,849 [INFO] IPUIPlugin:80 - create IPUIPlugin
2026-06-05 20:39:58,849 [INFO] IPUIPlugin:80 - create IPUIPlugin
2026-06-05 20:39:58,849 [INFO] IPUIPlugin:80 - create IPUIPlugin
2026-06-05 20:39:58,850 [INFO] IPUIPlugin:80 - create IPUIPlugin
2026-06-05 20:39:58,850 [INFO] IPUIPlugin:80 - create IPUIPlugin
2026-06-05 20:39:58,850 [INFO] IPUIPlugin:80 - create IPUIPlugin
2026-06-05 20:39:58,850 [INFO] IPUIPlugin:80 - create IPUIPlugin
2026-06-05 20:39:58,850 [INFO] IPUIPlugin:80 - create IPUIPlugin
2026-06-05 20:39:58,851 [INFO] IPUIPlugin:80 - create IPUIPlugin
2026-06-05 20:39:58,851 [INFO] IPUIPlugin:80 - create IPUIPlugin
2026-06-05 20:39:58,851 [INFO] IPUIPlugin:80 - create IPUIPlugin
2026-06-05 20:39:58,851 [INFO] IPUIPlugin:80 - create IPUIPlugin
2026-06-05 20:39:58,851 [INFO] IPUIPlugin:80 - create IPUIPlugin
2026-06-05 20:39:58,852 [INFO] IPUIPlugin:80 - create IPUIPlugin
2026-06-05 20:39:58,852 [INFO] IPUIPlugin:80 - create IPUIPlugin
2026-06-05 20:39:58,852 [INFO] IPUIPlugin:80 - create IPUIPlugin
2026-06-05 20:39:58,852 [INFO] IPUIPlugin:80 - create IPUIPlugin
2026-06-05 20:39:58,852 [INFO] IPUIPlugin:80 - create IPUIPlugin
2026-06-05 20:39:58,853 [INFO] IPUIPlugin:80 - create IPUIPlugin
2026-06-05 20:39:58,853 [INFO] IPUIPlugin:80 - create IPUIPlugin
2026-06-05 20:39:58,853 [INFO] IPUIPlugin:80 - create IPUIPlugin
2026-06-05 20:39:58,853 [INFO] IPUIPlugin:80 - create IPUIPlugin
2026-06-05 20:39:58,853 [INFO] IPUIPlugin:80 - create IPUIPlugin
2026-06-05 20:39:58,853 [INFO] IPUIPlugin:80 - create IPUIPlugin
2026-06-05 20:39:58,854 [INFO] IPUIPlugin:80 - create IPUIPlugin
2026-06-05 20:39:58,854 [INFO] IPUIPlugin:80 - create IPUIPlugin
2026-06-05 20:39:58,854 [INFO] IPUIPlugin:80 - create IPUIPlugin
2026-06-05 20:39:58,854 [INFO] IPUIPlugin:80 - create IPUIPlugin
2026-06-05 20:39:58,855 [INFO] IPUIPlugin:80 - create IPUIPlugin
2026-06-05 20:39:58,855 [INFO] IPUIPlugin:80 - create IPUIPlugin
2026-06-05 20:39:58,855 [INFO] IPUIPlugin:80 - create IPUIPlugin
2026-06-05 20:39:58,855 [INFO] IPUIPlugin:80 - create IPUIPlugin
2026-06-05 20:39:58,855 [INFO] IPUIPlugin:80 - create IPUIPlugin
2026-06-05 20:39:58,856 [INFO] IPUIPlugin:80 - create IPUIPlugin
2026-06-05 20:39:58,856 [INFO] IPUIPlugin:80 - create IPUIPlugin
2026-06-05 20:39:58,856 [INFO] IPUIPlugin:80 - create IPUIPlugin
2026-06-05 20:39:58,856 [INFO] IPUIPlugin:80 - create IPUIPlugin
2026-06-05 20:39:58,857 [INFO] IPUIPlugin:80 - create IPUIPlugin
2026-06-05 20:39:58,857 [INFO] IPUIPlugin:80 - create IPUIPlugin
2026-06-05 20:39:58,857 [INFO] IPUIPlugin:80 - create IPUIPlugin
2026-06-05 20:39:58,860 [INFO] ApiDbMcu:532 - Load IP Config File for PDM2PCM
2026-06-05 20:39:58,924 [INFO] CADModel:165 - CPN selected for project levelSTM32H743VIT6
2026-06-05 20:39:58,924 [INFO] CADModel:114 - Register for checkConnection events
2026-06-05 20:39:58,987 [INFO] OpenFileManager:386 - Restore cursor
2026-06-05 20:39:59,152 [WARN] IP:2250 - DEVICE_SERIAL0_DFU_FS not found: check if there is a RefParameter without a condition.
2026-06-05 20:39:59,152 [WARN] IP:2250 - DEVICE_SERIAL1_DFU_FS not found: check if there is a RefParameter without a condition.
2026-06-05 20:39:59,152 [WARN] IP:2250 - DEVICE_SERIAL2_DFU_FS not found: check if there is a RefParameter without a condition.
2026-06-05 20:39:59,152 [WARN] IP:2250 - DEVICE_SERIAL0_DFU_FS not found: check if there is a RefParameter without a condition.
2026-06-05 20:39:59,152 [WARN] IP:2250 - DEVICE_SERIAL1_DFU_FS not found: check if there is a RefParameter without a condition.
2026-06-05 20:39:59,152 [WARN] IP:2250 - DEVICE_SERIAL2_DFU_FS not found: check if there is a RefParameter without a condition.
2026-06-05 20:44:14,017 [INFO] MainUpdater:2872 - connection check result : 10
2026-06-05 20:44:14,017 [INFO] MainUpdater:2872 - connection check result : 10
2026-06-05 20:44:14,080 [INFO] MicroXplorer:468 - Change Database Path : 
2026-06-05 20:44:14,081 [INFO] MicroXplorer:498 - Change Database Version : DB.6.0.150
2026-06-05 20:44:14,091 [ERROR] ProjectManagerView:395 - 
java.lang.NullPointerException: Cannot invoke "javax.swing.JTextField.getText()" because the return value of "java.util.List.get(int)" is null
	at com.st.microxplorer.plugins.projectmanager.gui.ProjectChoiceTab$9.caretUpdate(ProjectChoiceTab.java:2706) ~[filemanager.jar:?]
	at javax.swing.text.JTextComponent.fireCaretUpdate(JTextComponent.java:408) ~[?:?]
	at javax.swing.text.JTextComponent$MutableCaretEvent.fire(JTextComponent.java:4484) ~[?:?]
	at javax.swing.text.JTextComponent$MutableCaretEvent.stateChanged(JTextComponent.java:4506) ~[?:?]
	at javax.swing.text.DefaultCaret.fireStateChanged(DefaultCaret.java:857) ~[?:?]
	at javax.swing.text.DefaultCaret.changeCaretPosition(DefaultCaret.java:1343) ~[?:?]
	at javax.swing.text.DefaultCaret.handleSetDot(DefaultCaret.java:1242) ~[?:?]
	at javax.swing.text.DefaultCaret.setDot(DefaultCaret.java:1223) ~[?:?]
	at javax.swing.text.DefaultCaret$Handler.insertUpdate(DefaultCaret.java:1819) ~[?:?]
	at javax.swing.text.AbstractDocument.fireInsertUpdate(AbstractDocument.java:227) ~[?:?]
	at javax.swing.text.AbstractDocument.handleInsertString(AbstractDocument.java:781) ~[?:?]
	at javax.swing.text.AbstractDocument.insertString(AbstractDocument.java:740) ~[?:?]
	at javax.swing.text.PlainDocument.insertString(PlainDocument.java:131) ~[?:?]
	at javax.swing.text.AbstractDocument.replace(AbstractDocument.java:699) ~[?:?]
	at javax.swing.text.JTextComponent.setText(JTextComponent.java:1725) ~[?:?]
	at com.st.microxplorer.plugins.projectmanager.gui.ProjectChoiceTab.createHeapStackFields(ProjectChoiceTab.java:993) ~[filemanager.jar:?]
	at com.st.microxplorer.plugins.projectmanager.gui.ProjectChoiceTab.buildLinkSettingsPanel(ProjectChoiceTab.java:3813) ~[filemanager.jar:?]
	at com.st.microxplorer.plugins.projectmanager.gui.ProjectChoiceTab.defineWindowsFields(ProjectChoiceTab.java:1987) ~[filemanager.jar:?]
	at com.st.microxplorer.plugins.projectmanager.gui.ProjectChoiceTab.updateSettings(ProjectChoiceTab.java:558) ~[filemanager.jar:?]
	at com.st.microxplorer.plugins.projectmanager.gui.ProjectSettingsPanel.UpdateDialog(ProjectSettingsPanel.java:247) ~[filemanager.jar:?]
	at com.st.microxplorer.plugins.projectmanager.ProjectManagerView.propertyChange(ProjectManagerView.java:392) ~[filemanager.jar:?]
	at java.beans.PropertyChangeSupport.fire(PropertyChangeSupport.java:343) ~[?:?]
	at java.beans.PropertyChangeSupport.firePropertyChange(PropertyChangeSupport.java:335) ~[?:?]
	at java.beans.PropertyChangeSupport.firePropertyChange(PropertyChangeSupport.java:268) ~[?:?]
	at com.st.microxplorer.util.MXPropertyChangeSupport.firePropertyChange(MXPropertyChangeSupport.java:54) ~[STM32CubeMX.jar:?]
	at com.st.microxplorer.mxsystem.MxSystem.closeConfig(MxSystem.java:899) ~[STM32CubeMX.jar:?]
	at com.st.microxplorer.maingui.MainPanel.closeConfig(MainPanel.java:792) ~[STM32CubeMX.jar:?]
	at com.st.microxplorer.plugins.filemanager.engine.OpenFileManager.loadConfigurationFile(OpenFileManager.java:288) ~[filemanager.jar:?]
	at com.st.microxplorer.plugins.filemanager.engine.MainFileManager.userLoadConfig(MainFileManager.java:364) ~[filemanager.jar:?]
	at com.st.microxplorer.plugins.filemanager.engine.MainFileManager.userLoadConfig(MainFileManager.java:342) ~[filemanager.jar:?]
	at com.st.microxplorer.plugins.filemanager.FileManagerView.getSpecificTask(FileManagerView.java:264) ~[filemanager.jar:?]
	at com.st.stm32cube.common.mx.editor.CubeMxEditor.getMxTabbedPaneInstance(CubeMxEditor.java:1198) ~[com.st.stm32cube.common.mx_6.15.0.202507011659/:?]
	at com.st.stm32cube.common.mx.editor.CubeMxEditor$12$1.createSwingComponent(CubeMxEditor.java:1068) ~[com.st.stm32cube.common.mx_6.15.0.202507011659/:?]
	at com.st.stm32cube.common.mx.oss.core.awtswtbridge.EmbeddedSwingComposite.doComponentCreation(EmbeddedSwingComposite.java:492) ~[com.st.stm32cube.common.mx.oss_6.15.0.202507011659/:?]
	at com.st.stm32cube.common.mx.oss.core.awtswtbridge.EmbeddedSwingComposite$4.run(EmbeddedSwingComposite.java:291) ~[com.st.stm32cube.common.mx.oss_6.15.0.202507011659/:?]
	at com.st.stm32cube.common.mx.oss.core.awtswtbridge.AwtEnvironment$2.run(AwtEnvironment.java:166) ~[com.st.stm32cube.common.mx.oss_6.15.0.202507011659/:?]
	at java.awt.event.InvocationEvent.dispatch(InvocationEvent.java:318) ~[?:?]
	at java.awt.EventQueue.dispatchEventImpl(EventQueue.java:773) ~[?:?]
	at java.awt.EventQueue$4.run(EventQueue.java:720) ~[?:?]
	at java.awt.EventQueue$4.run(EventQueue.java:714) ~[?:?]
	at java.security.AccessController.doPrivileged(AccessController.java:400) ~[?:?]
	at java.security.ProtectionDomain$JavaSecurityAccessImpl.doIntersectionPrivilege(ProtectionDomain.java:87) ~[?:?]
	at java.awt.EventQueue.dispatchEvent(EventQueue.java:742) ~[?:?]
	at java.awt.EventDispatchThread.pumpOneEventForFilters(EventDispatchThread.java:203) ~[?:?]
	at java.awt.EventDispatchThread.pumpEventsForFilter(EventDispatchThread.java:124) ~[?:?]
	at java.awt.EventDispatchThread.pumpEventsForHierarchy(EventDispatchThread.java:113) ~[?:?]
	at java.awt.EventDispatchThread.pumpEvents(EventDispatchThread.java:109) ~[?:?]
	at java.awt.EventDispatchThread.pumpEvents(EventDispatchThread.java:101) ~[?:?]
	at java.awt.EventDispatchThread.run(EventDispatchThread.java:90) ~[?:?]
2026-06-05 20:44:14,092 [WARN] ThirdParty:871 - waiting for thirdparty lock release [close project]
2026-06-05 20:44:14,092 [INFO] ThirdParty:873 - entering critical section [close project]
2026-06-05 20:44:14,092 [INFO] ThirdParty:883 - exiting critical section [close project]
2026-06-05 20:44:14,095 [INFO] PinOutPanel:1589 - setPackage(No Configuration,No Configuration)
2026-06-05 20:44:14,103 [WARN] IpParametersView:155 - Warning: This peripheral hasn't parameters
2026-06-05 20:44:14,107 [WARN] MainPanel:289 - <html><b><center>Warning: This peripheral has no parameters to be configured<br></b></html>
2026-06-05 20:44:14,110 [INFO] UtilMem:75 - Begin LoadConfig() Used Memory: 873294008 Bytes (1073741824)
2026-06-05 20:44:14,110 [INFO] MicroXplorer:468 - Change Database Path : 
2026-06-05 20:44:14,110 [INFO] MicroXplorer:498 - Change Database Version : DB.6.0.150
2026-06-05 20:44:14,111 [INFO] OpenFileManager:355 - Change cursor
2026-06-05 20:44:14,117 [INFO] Mcu:2029 - Initializing MCU STM32H743VITx STM32H743VITx STM32H743VIT6
2026-06-05 20:44:16,137 [INFO] Context:786 - Trying to add GPIOservice into a context  which must be forbidden
2026-06-05 20:44:16,944 [INFO] ImportTextPane:234 - (OptionalMessage_ERROR) Pin14 (VP_RIF_VS_RIF1) cannot be retrieved for this MCU
2026-06-05 20:44:16,978 [INFO] RtosManager:558 - Registered RTOS mode: class=CMSIS, group=RTOS, mode=CMSIS_V1, owner=FREERTOS
2026-06-05 20:44:16,979 [INFO] RtosManager:558 - Registered RTOS mode: class=CMSIS, group=RTOS2, mode=CMSIS_V2, owner=FREERTOS
2026-06-05 20:44:16,979 [INFO] RtosManager:558 - Registered RTOS mode: class=RTOS, group=Core, mode=CMSIS_V1, owner=FREERTOS
2026-06-05 20:44:16,979 [INFO] RtosManager:558 - Registered RTOS mode: class=RTOS, group=Core, mode=CMSIS_V2, owner=FREERTOS
2026-06-05 20:44:16,979 [WARN] ModelIntegratedComponent:184 - Missing modes for component STMicroelectronics:FreeRTOS:0.0.1:STMicroelectronics:RTOS:FreeRTOS:Core:::10.2.0:
2026-06-05 20:44:16,986 [WARN] ModelIntegratedComponent:63 - No mode defined for component null
2026-06-05 20:44:16,986 [WARN] ModelIntegratedComponent:63 - No mode defined for component null
2026-06-05 20:44:16,986 [WARN] ModelIntegratedComponent:63 - No mode defined for component null
2026-06-05 20:44:16,986 [WARN] ModelIntegratedComponent:63 - No mode defined for component null
2026-06-05 20:44:16,986 [WARN] ModelIntegratedComponent:63 - No mode defined for component null
2026-06-05 20:44:16,986 [WARN] ModelIntegratedComponent:63 - No mode defined for component null
2026-06-05 20:44:16,986 [WARN] ModelIntegratedComponent:63 - No mode defined for component null
2026-06-05 20:44:16,986 [WARN] ModelIntegratedComponent:63 - No mode defined for component null
2026-06-05 20:44:16,986 [WARN] ModelIntegratedComponent:63 - No mode defined for component null
2026-06-05 20:44:16,986 [WARN] ModelIntegratedComponent:63 - No mode defined for component null
2026-06-05 20:44:16,986 [WARN] ModelIntegratedComponent:63 - No mode defined for component null
2026-06-05 20:44:16,986 [WARN] ModelIntegratedComponent:63 - No mode defined for component null
2026-06-05 20:44:16,986 [WARN] ModelIntegratedComponent:63 - No mode defined for component null
2026-06-05 20:44:16,986 [WARN] ModelIntegratedComponent:63 - No mode defined for component null
2026-06-05 20:44:16,986 [WARN] ModelIntegratedComponent:63 - No mode defined for component null
2026-06-05 20:44:16,986 [WARN] ModelIntegratedComponent:63 - No mode defined for component null
2026-06-05 20:44:16,986 [WARN] ModelIntegratedComponent:63 - No mode defined for component null
2026-06-05 20:44:16,986 [WARN] ModelIntegratedComponent:63 - No mode defined for component null
2026-06-05 20:44:16,986 [WARN] ModelIntegratedComponent:63 - No mode defined for component null
2026-06-05 20:44:16,986 [WARN] ModelIntegratedComponent:63 - No mode defined for component null
2026-06-05 20:44:16,986 [WARN] ModelIntegratedComponent:63 - No mode defined for component null
2026-06-05 20:44:16,986 [WARN] ModelIntegratedComponent:63 - No mode defined for component null
2026-06-05 20:44:16,986 [WARN] ModelIntegratedComponent:63 - No mode defined for component null
2026-06-05 20:44:16,986 [WARN] ModelIntegratedComponent:63 - No mode defined for component null
2026-06-05 20:44:16,986 [WARN] ModelIntegratedComponent:63 - No mode defined for component null
2026-06-05 20:44:16,986 [WARN] ModelIntegratedComponent:63 - No mode defined for component null
2026-06-05 20:44:16,986 [WARN] ModelIntegratedComponent:63 - No mode defined for component null
2026-06-05 20:44:16,986 [WARN] ModelIntegratedComponent:63 - No mode defined for component null
2026-06-05 20:44:16,986 [WARN] ModelIntegratedComponent:63 - No mode defined for component null
2026-06-05 20:44:16,986 [WARN] ModelIntegratedComponent:63 - No mode defined for component null
2026-06-05 20:44:16,986 [WARN] ModelIntegratedComponent:63 - No mode defined for component null
2026-06-05 20:44:16,986 [WARN] ModelIntegratedComponent:63 - No mode defined for component null
2026-06-05 20:44:16,986 [WARN] ModelIntegratedComponent:63 - No mode defined for component null
2026-06-05 20:44:16,986 [WARN] ModelIntegratedComponent:63 - No mode defined for component null
2026-06-05 20:44:16,986 [WARN] ModelIntegratedComponent:63 - No mode defined for component null
2026-06-05 20:44:16,986 [WARN] ModelPack:524 - Component already loaded: STMicroelectronics:HAL Drivers:0.0.0:STMicroelectronics:Device:STMicro_Driver:XSPI:HAL::0.0.1:HAL_XSPI
2026-06-05 20:44:17,116 [INFO] ThirdPartyModel:298 - Start build external matchings
2026-06-05 20:44:17,926 [INFO] ThirdPartyModel:316 - End build external matchings
2026-06-05 20:44:17,958 [INFO] ImportTextPane:234 - (OptionalMessage_ERROR) IP (RCC) : Invalid parameter (FamilyName)
2026-06-05 20:44:17,958 [INFO] ImportTextPane:234 - (OptionalMessage_ERROR) IP (RCC) : Parameter (I2C123Freq_Value) has invalid value (64000000)
2026-06-05 20:44:17,958 [INFO] ImportTextPane:234 - (OptionalMessage_ERROR) IP (RCC) : Parameter (I2C4Freq_Value) has invalid value (64000000)
2026-06-05 20:44:17,958 [INFO] ImportTextPane:234 - (OptionalMessage_ERROR) IP (RCC) : Parameter (LPTIM1Freq_Value) has invalid value (64000000)
2026-06-05 20:44:17,958 [INFO] ImportTextPane:234 - (OptionalMessage_ERROR) IP (RCC) : Parameter (LPTIM2Freq_Value) has invalid value (64000000)
2026-06-05 20:44:17,958 [INFO] ImportTextPane:234 - (OptionalMessage_ERROR) IP (RCC) : Parameter (LPTIM345Freq_Value) has invalid value (64000000)
2026-06-05 20:44:17,958 [INFO] ImportTextPane:234 - (OptionalMessage_ERROR) IP (RCC) : Parameter (LPUART1Freq_Value) has invalid value (64000000)
2026-06-05 20:44:17,958 [INFO] ImportTextPane:234 - (OptionalMessage_ERROR) IP (RCC) : Parameter (LTDCFreq_Value) has invalid value (50390625)
2026-06-05 20:44:17,959 [INFO] ImportTextPane:234 - (OptionalMessage_ERROR) IP (RCC) : Parameter (SPI6Freq_Value) has invalid value (64000000)
2026-06-05 20:44:17,959 [INFO] ImportTextPane:234 - (OptionalMessage_ERROR) IP (RCC) : Parameter (SWPMI1Freq_Value) has invalid value (64000000)
2026-06-05 20:44:17,959 [INFO] ImportTextPane:234 - (OptionalMessage_ERROR) IP (RCC) : Parameter (USART234578Freq_Value) has invalid value (64000000)
2026-06-05 20:44:17,962 [WARN] IP:2250 - DEVICE_SERIAL0_DFU_FS not found: check if there is a RefParameter without a condition.
2026-06-05 20:44:17,962 [WARN] IP:2250 - DEVICE_SERIAL1_DFU_FS not found: check if there is a RefParameter without a condition.
2026-06-05 20:44:17,962 [WARN] IP:2250 - DEVICE_SERIAL2_DFU_FS not found: check if there is a RefParameter without a condition.
2026-06-05 20:44:18,336 [INFO] UtilMem:75 - End LoadConfig() Used Memory: 952953144 Bytes (1073741824)
2026-06-05 20:44:18,382 [WARN] ThirdParty:833 - waiting for thirdparty lock release [change project]
2026-06-05 20:44:18,382 [INFO] ThirdParty:835 - entering critical section [change project]
2026-06-05 20:44:18,382 [INFO] ThirdParty:1030 - CMSIS Pack Vendor :STMicroelectronics X-CUBE-AZRTOS-H7 3.5.0
2026-06-05 20:44:18,382 [INFO] ThirdParty:1030 - CMSIS Pack Vendor :STMicroelectronics X-CUBE-PM33A1 1.0.0
2026-06-05 20:44:18,382 [INFO] ThirdParty:1030 - CMSIS Pack Vendor :STMicroelectronics USBPD 4.1
2026-06-05 20:44:18,382 [INFO] ThirdParty:1030 - CMSIS Pack Vendor :STMicroelectronics USB_HOST 2.0.0
2026-06-05 20:44:18,382 [INFO] ThirdParty:1030 - CMSIS Pack Vendor :STMicroelectronics FP-SNS-MOTENVWB1 1.4.0
2026-06-05 20:44:18,382 [INFO] ThirdParty:1030 - CMSIS Pack Vendor :STMicroelectronics X-CUBE-AZRTOS-F4 1.1.0
2026-06-05 20:44:18,382 [INFO] ThirdParty:1030 - CMSIS Pack Vendor :STMicroelectronics LIBJPEG 8.0.0
2026-06-05 20:44:18,382 [INFO] ThirdParty:1030 - CMSIS Pack Vendor :STMicroelectronics FP-ATR-ASTRA1 2.0.2
2026-06-05 20:44:18,382 [INFO] ThirdParty:1030 - CMSIS Pack Vendor :Avnet-IotConnect X-CUBE-IoTC-DA16k-PMOD 1.0.0
2026-06-05 20:44:18,382 [INFO] ThirdParty:1030 - CMSIS Pack Vendor :STMicroelectronics X-CUBE-SMBUS 2.1.0
2026-06-05 20:44:18,382 [INFO] ThirdParty:1030 - CMSIS Pack Vendor :STMicroelectronics X-CUBE-ISPU 2.1.0
2026-06-05 20:44:18,383 [INFO] ThirdParty:1030 - CMSIS Pack Vendor :STMicroelectronics eDS-WB_DPC_TT-BIDIR 2.1.1
2026-06-05 20:44:18,383 [INFO] ThirdParty:1030 - CMSIS Pack Vendor :STMicroelectronics X-CUBE-ST60 1.0.0
2026-06-05 20:44:18,383 [INFO] ThirdParty:1030 - CMSIS Pack Vendor :STMicroelectronics X-CUBE-NFC12 1.0.0
2026-06-05 20:44:18,383 [INFO] ThirdParty:1030 - CMSIS Pack Vendor :STMicroelectronics X-CUBE-AZRTOS-F7 1.1.0
2026-06-05 20:44:18,383 [INFO] ThirdParty:1030 - CMSIS Pack Vendor :STMicroelectronics X-CUBE-AZRTOS-L5 2.0.0
2026-06-05 20:44:18,383 [INFO] ThirdParty:1030 - CMSIS Pack Vendor :STMicroelectronics USB_DEVICE 2.0.0
2026-06-05 20:44:18,383 [INFO] ThirdParty:1030 - CMSIS Pack Vendor :STMicroelectronics X-CUBE-NFC6 3.1.0
2026-06-05 20:44:18,383 [INFO] ThirdParty:1030 - CMSIS Pack Vendor :STMicroelectronics X-CUBE-ALGOBUILD 1.5.0
2026-06-05 20:44:18,383 [INFO] ThirdParty:1030 - CMSIS Pack Vendor :STMicroelectronics FP-SNS-MOTENV1 5.1.0
2026-06-05 20:44:18,383 [INFO] ThirdParty:1030 - CMSIS Pack Vendor :STMicroelectronics FreeRTOS 0.0.1
2026-06-05 20:44:18,383 [INFO] ThirdParty:1030 - CMSIS Pack Vendor :STMicroelectronics eDS-WB_DPC_VIENNA 1.2.0
2026-06-05 20:44:18,383 [INFO] ThirdParty:1030 - CMSIS Pack Vendor :STMicroelectronics eDS-WB_DPC_3PH2L-BIDIR 1.1.1
2026-06-05 20:44:18,383 [INFO] ThirdParty:1030 - CMSIS Pack Vendor :Infineon AIROC-Wi-Fi-Bluetooth-STM32 1.7.1
2026-06-05 20:44:18,383 [INFO] ThirdParty:1030 - CMSIS Pack Vendor :STMicroelectronics PDM2PCM 3.3.0
2026-06-05 20:44:18,383 [INFO] ThirdParty:1030 - CMSIS Pack Vendor :STMicroelectronics X-CUBE-AZRTOS-H7 3.4.0
2026-06-05 20:44:18,383 [INFO] ThirdParty:1030 - CMSIS Pack Vendor :STMicroelectronics X-CUBE-DISPLAY 3.0.0
2026-06-05 20:44:18,383 [INFO] ThirdParty:1030 - CMSIS Pack Vendor :STMicroelectronics X-CUBE-GNSS1 7.1.1
2026-06-05 20:44:18,383 [INFO] ThirdParty:1030 - CMSIS Pack Vendor :STMicroelectronics FP-SNS-MOTENVWB1 1.5.0
2026-06-05 20:44:18,383 [INFO] ThirdParty:1030 - CMSIS Pack Vendor :STMicroelectronics X-CUBE-NFC10 1.0.0
2026-06-05 20:44:18,383 [INFO] ThirdParty:1030 - CMSIS Pack Vendor :STMicroelectronics X-CUBE-BLEMGR 4.0.0
2026-06-05 20:44:18,383 [INFO] ThirdParty:1030 - CMSIS Pack Vendor :STMicroelectronics X-CUBE-FREERTOS 1.3.1
2026-06-05 20:44:18,383 [INFO] ThirdParty:1030 - CMSIS Pack Vendor :STMicroelectronics HAL Drivers 0.0.0
2026-06-05 20:44:18,383 [INFO] ThirdParty:1030 - CMSIS Pack Vendor :emotas I-CUBE-CANOPEN 1.3.0
2026-06-05 20:44:18,383 [INFO] ThirdParty:1030 - CMSIS Pack Vendor :STMicroelectronics MBEDTLS 2.14.1
2026-06-05 20:44:18,383 [INFO] ThirdParty:1030 - CMSIS Pack Vendor :STMicroelectronics X-CUBE-GNSS1 7.1.0
2026-06-05 20:44:18,383 [INFO] ThirdParty:1030 - CMSIS Pack Vendor :STMicroelectronics X-CUBE-TOUCHGFX 4.26.0
2026-06-05 20:44:18,383 [INFO] ThirdParty:1030 - CMSIS Pack Vendor :STMicroelectronics X-CUBE-TOUCHGFX 4.26.1
2026-06-05 20:44:18,383 [INFO] ThirdParty:1030 - CMSIS Pack Vendor :quantropi X-CUBE-qispace-sdk-base 2.0.0
2026-06-05 20:44:18,383 [INFO] ThirdParty:1030 - CMSIS Pack Vendor :STMicroelectronics FP-SNS-STBOX1 2.1.0
2026-06-05 20:44:18,383 [INFO] ThirdParty:1030 - CMSIS Pack Vendor :STMicroelectronics FP-SNS-STAIOTCFT 1.0.0
2026-06-05 20:44:18,383 [INFO] ThirdParty:1030 - CMSIS Pack Vendor :STMicroelectronics FP-SNS-SMARTAG2 1.2.0
2026-06-05 20:44:18,383 [INFO] ThirdParty:1030 - CMSIS Pack Vendor :STMicroelectronics FP-SNS-FLIGHT1 5.1.0
2026-06-05 20:44:18,383 [INFO] ThirdParty:1030 - CMSIS Pack Vendor :STMicroelectronics X-CUBE-AZRTOS-WL 2.0.0
2026-06-05 20:44:18,383 [INFO] ThirdParty:1030 - CMSIS Pack Vendor :STMicroelectronics X-CUBE-DPower 1.3.0
2026-06-05 20:44:18,383 [INFO] ThirdParty:1030 - CMSIS Pack Vendor :STMicroelectronics FP-SNS-MOTENV1 5.0.0
2026-06-05 20:44:18,383 [INFO] ThirdParty:1030 - CMSIS Pack Vendor :STMicroelectronics USB_DEVICE 1.0.0
2026-06-05 20:44:18,383 [INFO] ThirdParty:1030 - CMSIS Pack Vendor :STMicroelectronics X-CUBE-AZRTOS-H7RS 1.2.0
2026-06-05 20:44:18,383 [INFO] ThirdParty:1030 - CMSIS Pack Vendor :STMicroelectronics X-CUBE-AZRTOS-L4 2.0.0
2026-06-05 20:44:18,383 [INFO] ThirdParty:1030 - CMSIS Pack Vendor :STMicroelectronics ThreadX 0.0.2
2026-06-05 20:44:18,383 [INFO] ThirdParty:1030 - CMSIS Pack Vendor :WES I-CUBE-Cesium 1.3.0
2026-06-05 20:44:18,383 [INFO] ThirdParty:1030 - CMSIS Pack Vendor :STMicroelectronics lwIP 2.1.2
2026-06-05 20:44:18,383 [INFO] ThirdParty:1030 - CMSIS Pack Vendor :STMicroelectronics X-CUBE-SFXS2LP1 4.0.0
2026-06-05 20:44:18,383 [INFO] ThirdParty:1030 - CMSIS Pack Vendor :STMicroelectronics X-CUBE-BLE2 3.3.0
2026-06-05 20:44:18,383 [INFO] ThirdParty:1030 - CMSIS Pack Vendor :Avnet-IOTCONNECT X-CUBE-iotc-st67-sdk 1.0.0
2026-06-05 20:44:18,383 [INFO] ThirdParty:1030 - CMSIS Pack Vendor :STMicroelectronics PDM2PCM 3.2.0
2026-06-05 20:44:18,383 [INFO] ThirdParty:1030 - CMSIS Pack Vendor :STMicroelectronics X-CUBE-WB05N 2.1.0
2026-06-05 20:44:18,383 [INFO] ThirdParty:1030 - CMSIS Pack Vendor :STMicroelectronics X-CUBE-ST67W61 1.2.0
2026-06-05 20:44:18,383 [INFO] ThirdParty:1030 - CMSIS Pack Vendor :STMicroelectronics X-CUBE-NFC9 1.0.0
2026-06-05 20:44:18,383 [INFO] ThirdParty:1030 - CMSIS Pack Vendor :wolfSSL I-CUBE-wolfSSL 5.8.0
2026-06-05 20:44:18,383 [INFO] ThirdParty:1030 - CMSIS Pack Vendor :STMicroelectronics X-CUBE-BLE1 7.1.0
2026-06-05 20:44:18,384 [INFO] ThirdParty:1030 - CMSIS Pack Vendor :wolfSSL I-CUBE-wolfMQTT 1.19.2
2026-06-05 20:44:18,384 [INFO] ThirdParty:1030 - CMSIS Pack Vendor :STMicroelectronics USB_DEVICE 3.0.0
2026-06-05 20:44:18,384 [INFO] ThirdParty:1030 - CMSIS Pack Vendor :STMicroelectronics X-CUBE-FREERTOS 1.4.0
2026-06-05 20:44:18,384 [INFO] ThirdParty:1030 - CMSIS Pack Vendor :STMicroelectronics X-CUBE-EEPRMA1 5.2.0
2026-06-05 20:44:18,384 [INFO] ThirdParty:1030 - CMSIS Pack Vendor :STMicroelectronics X-CUBE-BLEMGR 4.1.0
2026-06-05 20:44:18,384 [INFO] ThirdParty:1030 - CMSIS Pack Vendor :STMicroelectronics X-CUBE-AZRTOS-WB 2.0.0
2026-06-05 20:44:18,384 [INFO] ThirdParty:1030 - CMSIS Pack Vendor :STMicroelectronics X-CUBE-GNSS1 7.0.1
2026-06-05 20:44:18,384 [INFO] ThirdParty:1030 - CMSIS Pack Vendor :STMicroelectronics X-CUBE-TOUCHGFX 4.25.0
2026-06-05 20:44:18,384 [INFO] ThirdParty:1030 - CMSIS Pack Vendor :STMicroelectronics X-CUBE-AI 10.1.0
2026-06-05 20:44:18,384 [INFO] ThirdParty:1030 - CMSIS Pack Vendor :STMicroelectronics FP-SNS-STBOX1 2.0.0
2026-06-05 20:44:18,384 [INFO] ThirdParty:1030 - CMSIS Pack Vendor :STMicroelectronics FP-SNS-STAIOTCFT 1.1.0
2026-06-05 20:44:18,384 [INFO] ThirdParty:1030 - CMSIS Pack Vendor :STMicroelectronics X-CUBE-MEMS1 12.0.0
2026-06-05 20:44:18,384 [INFO] ThirdParty:1030 - CMSIS Pack Vendor :STMicroelectronics X-CUBE-STSE01 2.0.0
2026-06-05 20:44:18,384 [INFO] ThirdParty:1030 - CMSIS Pack Vendor :STMicroelectronics X-CUBE-AZRTOS-G0 1.1.0
2026-06-05 20:44:18,384 [INFO] ThirdParty:1030 - CMSIS Pack Vendor :STMicroelectronics X-CUBE-SAFEA1 1.2.2
2026-06-05 20:44:18,384 [INFO] ThirdParty:1030 - CMSIS Pack Vendor :STMicroelectronics X-CUBE-NFC4 3.0.0
2026-06-05 20:44:18,384 [INFO] ThirdParty:1030 - CMSIS Pack Vendor :STMicroelectronics X-CUBE-SUBG2 5.0.0
2026-06-05 20:44:18,384 [INFO] ThirdParty:1030 - CMSIS Pack Vendor :STMicroelectronics X-CUBE-AZRTOS-H7RS 1.1.0
2026-06-05 20:44:18,384 [INFO] ThirdParty:1030 - CMSIS Pack Vendor :STMicroelectronics STM32_WPAN 1.0.0
2026-06-05 20:44:18,384 [INFO] ThirdParty:1030 - CMSIS Pack Vendor :EmbeddedOffice I-CUBE-FS-RTOS 1.0.1
2026-06-05 20:44:18,384 [INFO] ThirdParty:1030 - CMSIS Pack Vendor :STMicroelectronics lwIP 2.0.3
2026-06-05 20:44:18,384 [INFO] ThirdParty:1030 - CMSIS Pack Vendor :Cesanta I-CUBE-Mongoose 7.13.0
2026-06-05 20:44:18,384 [INFO] ThirdParty:1030 - CMSIS Pack Vendor :STMicroelectronics USB_HOST 1.0.0
2026-06-05 20:44:18,384 [INFO] ThirdParty:1030 - CMSIS Pack Vendor :STMicroelectronics X-CUBE-AZRTOS-G4 2.0.0
2026-06-05 20:44:18,384 [INFO] ThirdParty:1030 - CMSIS Pack Vendor :STMicroelectronics X-CUBE-WB05N 2.0.0
2026-06-05 20:44:18,384 [INFO] ThirdParty:1030 - CMSIS Pack Vendor :STMicroelectronics PDM2PCM 3.1.0
2026-06-05 20:44:18,384 [INFO] ThirdParty:1030 - CMSIS Pack Vendor :wolfSSL I-CUBE-wolfTPM 3.8.0
2026-06-05 20:44:18,384 [INFO] ThirdParty:1030 - CMSIS Pack Vendor :wolfSSL I-CUBE-wolfSSH 1.4.20
2026-06-05 20:44:18,384 [INFO] ThirdParty:1030 - CMSIS Pack Vendor :STMicroelectronics X-CUBE-NFC7 2.0.0
2026-06-05 20:44:18,384 [INFO] ThirdParty:1030 - CMSIS Pack Vendor :STMicroelectronics X-CUBE-TCPP 4.2.0
2026-06-05 20:44:18,384 [INFO] ThirdParty:1030 - CMSIS Pack Vendor :RealThread X-CUBE-RT-Thread_Nano 4.1.1
2026-06-05 20:44:18,384 [INFO] ThirdParty:1030 - CMSIS Pack Vendor :STMicroelectronics FP-ATR-SIGFOX1 3.2.0
2026-06-05 20:44:18,384 [INFO] ThirdParty:1030 - CMSIS Pack Vendor :STMicroelectronics X-CUBE-EEPRMA1 5.1.0
2026-06-05 20:44:18,384 [INFO] ThirdParty:1030 - CMSIS Pack Vendor :STMicroelectronics X-CUBE-FREERTOS 1.5.0
2026-06-05 20:44:18,384 [INFO] ThirdParty:1030 - CMSIS Pack Vendor :STMicroelectronics MBEDTLS 2.16.2
2026-06-05 20:44:18,384 [INFO] ThirdParty:1030 - CMSIS Pack Vendor :STMicroelectronics X-CUBE-IPS 3.1.0
2026-06-05 20:44:18,384 [INFO] ThirdParty:1030 - CMSIS Pack Vendor :STMicroelectronics X-CUBE-ALS 1.0.2
2026-06-05 20:44:18,384 [INFO] ThirdParty:1030 - CMSIS Pack Vendor :ITTIA_DB I-CUBE-ITTIADB 8.9.0
2026-06-05 20:44:18,384 [INFO] ThirdParty:1030 - CMSIS Pack Vendor :STMicroelectronics X-CUBE-STSE01 1.0.0
2026-06-05 20:44:18,384 [INFO] ThirdParty:1030 - CMSIS Pack Vendor :portGmbH I-Cube-SoM-uGOAL 1.1.0
2026-06-05 20:44:18,384 [INFO] ThirdParty:1030 - CMSIS Pack Vendor :STMicroelectronics X-CUBE-NFC6 3.2.0
2026-06-05 20:44:18,384 [INFO] ThirdParty:1030 - CMSIS Pack Vendor :STMicroelectronics X-CUBE-ST67W61 1.0.0
2026-06-05 20:44:18,384 [INFO] ThirdParty:1030 - CMSIS Pack Vendor :STMicroelectronics X-CUBE-AI 10.2.0
2026-06-05 20:44:18,384 [INFO] ThirdParty:1030 - CMSIS Pack Vendor :STMicroelectronics ThreadX 1.0.0
2026-06-05 20:44:18,384 [INFO] ThirdParty:1030 - CMSIS Pack Vendor :STMicroelectronics X-CUBE-MEMS1 12.1.0
2026-06-05 20:44:18,384 [INFO] ThirdParty:1030 - CMSIS Pack Vendor :SEGGER I-CUBE-embOS 1.3.1
2026-06-05 20:44:18,384 [INFO] ThirdParty:1030 - CMSIS Pack Vendor :STMicroelectronics X-CUBE-ALGOBUILD 1.4.0
2026-06-05 20:44:18,384 [INFO] ThirdParty:1030 - CMSIS Pack Vendor :STMicroelectronics X-CUBE-MEMS1 11.3.0
2026-06-05 20:44:18,384 [INFO] ThirdParty:1030 - CMSIS Pack Vendor :STMicroelectronics X-CUBE-TOF1 3.4.3
2026-06-05 20:44:18,384 [INFO] ThirdParty:841 - exiting critical section [change project]
2026-06-05 20:44:18,780 [INFO] PinOutPanel:1589 - setPackage(No Configuration,No Configuration)
2026-06-05 20:44:18,781 [INFO] PinOutPanel:1589 - setPackage(STM32H743VITx,LQFP100)
2026-06-05 20:44:19,168 [INFO] UtilMem:75 - Before build in PCC Used Memory: 967188952 Bytes (1073741824)
2026-06-05 20:44:19,380 [INFO] UtilMem:75 - After build in PCC Used Memory: 889388088 Bytes (1073741824)
2026-06-05 20:44:19,388 [INFO] ApiDbMcu:532 - Load IP Config File for USB_DEVICE
2026-06-05 20:44:19,407 [INFO] IPUIPlugin:80 - create IPUIPlugin
2026-06-05 20:44:19,407 [INFO] IPUIPlugin:80 - create IPUIPlugin
2026-06-05 20:44:19,407 [INFO] IPUIPlugin:80 - create IPUIPlugin
2026-06-05 20:44:19,407 [INFO] IPUIPlugin:80 - create IPUIPlugin
2026-06-05 20:44:19,407 [INFO] IPUIPlugin:80 - create IPUIPlugin
2026-06-05 20:44:19,407 [INFO] IPUIPlugin:80 - create IPUIPlugin
2026-06-05 20:44:19,408 [INFO] IPUIPlugin:80 - create IPUIPlugin
2026-06-05 20:44:19,408 [INFO] IPUIPlugin:80 - create IPUIPlugin
2026-06-05 20:44:19,408 [INFO] IPUIPlugin:80 - create IPUIPlugin
2026-06-05 20:44:19,408 [INFO] IPUIPlugin:80 - create IPUIPlugin
2026-06-05 20:44:19,408 [INFO] IPUIPlugin:80 - create IPUIPlugin
2026-06-05 20:44:19,408 [INFO] IPUIPlugin:80 - create IPUIPlugin
2026-06-05 20:44:19,408 [INFO] IPUIPlugin:80 - create IPUIPlugin
2026-06-05 20:44:19,408 [INFO] IPUIPlugin:80 - create IPUIPlugin
2026-06-05 20:44:19,408 [INFO] IPUIPlugin:80 - create IPUIPlugin
2026-06-05 20:44:19,408 [INFO] IPUIPlugin:80 - create IPUIPlugin
2026-06-05 20:44:19,408 [INFO] IPUIPlugin:80 - create IPUIPlugin
2026-06-05 20:44:19,409 [INFO] IPUIPlugin:80 - create IPUIPlugin
2026-06-05 20:44:19,409 [INFO] IPUIPlugin:80 - create IPUIPlugin
2026-06-05 20:44:19,409 [INFO] IPUIPlugin:80 - create IPUIPlugin
2026-06-05 20:44:19,409 [INFO] IPUIPlugin:80 - create IPUIPlugin
2026-06-05 20:44:19,409 [INFO] IPUIPlugin:80 - create IPUIPlugin
2026-06-05 20:44:19,409 [INFO] IPUIPlugin:80 - create IPUIPlugin
2026-06-05 20:44:19,409 [INFO] IPUIPlugin:80 - create IPUIPlugin
2026-06-05 20:44:19,409 [INFO] IPUIPlugin:80 - create IPUIPlugin
2026-06-05 20:44:19,409 [INFO] IPUIPlugin:80 - create IPUIPlugin
2026-06-05 20:44:19,409 [INFO] IPUIPlugin:80 - create IPUIPlugin
2026-06-05 20:44:19,409 [INFO] IPUIPlugin:80 - create IPUIPlugin
2026-06-05 20:44:19,409 [INFO] IPUIPlugin:80 - create IPUIPlugin
2026-06-05 20:44:19,410 [INFO] IPUIPlugin:80 - create IPUIPlugin
2026-06-05 20:44:19,410 [INFO] IPUIPlugin:80 - create IPUIPlugin
2026-06-05 20:44:19,410 [INFO] IPUIPlugin:80 - create IPUIPlugin
2026-06-05 20:44:19,410 [INFO] IPUIPlugin:80 - create IPUIPlugin
2026-06-05 20:44:19,410 [INFO] IPUIPlugin:80 - create IPUIPlugin
2026-06-05 20:44:19,410 [INFO] IPUIPlugin:80 - create IPUIPlugin
2026-06-05 20:44:19,410 [INFO] IPUIPlugin:80 - create IPUIPlugin
2026-06-05 20:44:19,410 [INFO] IPUIPlugin:80 - create IPUIPlugin
2026-06-05 20:44:19,410 [INFO] IPUIPlugin:80 - create IPUIPlugin
2026-06-05 20:44:19,410 [INFO] IPUIPlugin:80 - create IPUIPlugin
2026-06-05 20:44:19,410 [INFO] IPUIPlugin:80 - create IPUIPlugin
2026-06-05 20:44:19,411 [INFO] IPUIPlugin:80 - create IPUIPlugin
2026-06-05 20:44:19,411 [INFO] IPUIPlugin:80 - create IPUIPlugin
2026-06-05 20:44:19,411 [INFO] IPUIPlugin:80 - create IPUIPlugin
2026-06-05 20:44:19,411 [INFO] IPUIPlugin:80 - create IPUIPlugin
2026-06-05 20:44:19,411 [INFO] IPUIPlugin:80 - create IPUIPlugin
2026-06-05 20:44:19,411 [INFO] IPUIPlugin:80 - create IPUIPlugin
2026-06-05 20:44:19,411 [INFO] IPUIPlugin:80 - create IPUIPlugin
2026-06-05 20:44:19,412 [INFO] IPUIPlugin:80 - create IPUIPlugin
2026-06-05 20:44:19,412 [INFO] IPUIPlugin:80 - create IPUIPlugin
2026-06-05 20:44:19,412 [INFO] IPUIPlugin:80 - create IPUIPlugin
2026-06-05 20:44:19,412 [INFO] IPUIPlugin:80 - create IPUIPlugin
2026-06-05 20:44:19,412 [INFO] IPUIPlugin:80 - create IPUIPlugin
2026-06-05 20:44:19,412 [INFO] IPUIPlugin:80 - create IPUIPlugin
2026-06-05 20:44:19,412 [INFO] IPUIPlugin:80 - create IPUIPlugin
2026-06-05 20:44:19,412 [INFO] IPUIPlugin:80 - create IPUIPlugin
2026-06-05 20:44:19,412 [INFO] IPUIPlugin:80 - create IPUIPlugin
2026-06-05 20:44:19,412 [INFO] IPUIPlugin:80 - create IPUIPlugin
2026-06-05 20:44:19,412 [INFO] IPUIPlugin:80 - create IPUIPlugin
2026-06-05 20:44:19,412 [INFO] IPUIPlugin:80 - create IPUIPlugin
2026-06-05 20:44:19,414 [INFO] IPUIPlugin:80 - create IPUIPlugin
2026-06-05 20:44:19,414 [INFO] IPUIPlugin:80 - create IPUIPlugin
2026-06-05 20:44:19,414 [INFO] IPUIPlugin:80 - create IPUIPlugin
2026-06-05 20:44:19,415 [INFO] IPUIPlugin:80 - create IPUIPlugin
2026-06-05 20:44:19,415 [INFO] IPUIPlugin:80 - create IPUIPlugin
2026-06-05 20:44:19,415 [INFO] IPUIPlugin:80 - create IPUIPlugin
2026-06-05 20:44:19,415 [INFO] IPUIPlugin:80 - create IPUIPlugin
2026-06-05 20:44:19,415 [INFO] IPUIPlugin:80 - create IPUIPlugin
2026-06-05 20:44:19,415 [INFO] IPUIPlugin:80 - create IPUIPlugin
2026-06-05 20:44:19,416 [INFO] IPUIPlugin:80 - create IPUIPlugin
2026-06-05 20:44:19,416 [INFO] IPUIPlugin:80 - create IPUIPlugin
2026-06-05 20:44:19,416 [INFO] IPUIPlugin:80 - create IPUIPlugin
2026-06-05 20:44:19,416 [INFO] IPUIPlugin:80 - create IPUIPlugin
2026-06-05 20:44:19,416 [INFO] IPUIPlugin:80 - create IPUIPlugin
2026-06-05 20:44:19,416 [INFO] IPUIPlugin:80 - create IPUIPlugin
2026-06-05 20:44:19,417 [INFO] IPUIPlugin:80 - create IPUIPlugin
2026-06-05 20:44:19,417 [INFO] IPUIPlugin:80 - create IPUIPlugin
2026-06-05 20:44:19,417 [INFO] IPUIPlugin:80 - create IPUIPlugin
2026-06-05 20:44:19,417 [INFO] IPUIPlugin:80 - create IPUIPlugin
2026-06-05 20:44:19,417 [INFO] IPUIPlugin:80 - create IPUIPlugin
2026-06-05 20:44:19,417 [INFO] IPUIPlugin:80 - create IPUIPlugin
2026-06-05 20:44:19,418 [INFO] IPUIPlugin:80 - create IPUIPlugin
2026-06-05 20:44:19,418 [INFO] IPUIPlugin:80 - create IPUIPlugin
2026-06-05 20:44:19,418 [INFO] IPUIPlugin:80 - create IPUIPlugin
2026-06-05 20:44:19,418 [INFO] IPUIPlugin:80 - create IPUIPlugin
2026-06-05 20:44:19,418 [INFO] IPUIPlugin:80 - create IPUIPlugin
2026-06-05 20:44:19,418 [INFO] IPUIPlugin:80 - create IPUIPlugin
2026-06-05 20:44:19,419 [INFO] IPUIPlugin:80 - create IPUIPlugin
2026-06-05 20:44:19,419 [INFO] IPUIPlugin:80 - create IPUIPlugin
2026-06-05 20:44:19,419 [INFO] IPUIPlugin:80 - create IPUIPlugin
2026-06-05 20:44:19,419 [INFO] IPUIPlugin:80 - create IPUIPlugin
2026-06-05 20:44:19,420 [INFO] IPUIPlugin:80 - create IPUIPlugin
2026-06-05 20:44:19,420 [INFO] IPUIPlugin:80 - create IPUIPlugin
2026-06-05 20:44:19,420 [INFO] IPUIPlugin:80 - create IPUIPlugin
2026-06-05 20:44:19,420 [INFO] IPUIPlugin:80 - create IPUIPlugin
2026-06-05 20:44:19,420 [INFO] IPUIPlugin:80 - create IPUIPlugin
2026-06-05 20:44:19,421 [INFO] IPUIPlugin:80 - create IPUIPlugin
2026-06-05 20:44:19,421 [INFO] IPUIPlugin:80 - create IPUIPlugin
2026-06-05 20:44:19,426 [INFO] ApiDbMcu:532 - Load IP Config File for PDM2PCM
2026-06-05 20:44:19,480 [INFO] CADModel:165 - CPN selected for project levelSTM32H743VIT6
2026-06-05 20:44:19,480 [INFO] CADModel:114 - Register for checkConnection events
2026-06-05 20:44:19,544 [INFO] OpenFileManager:386 - Restore cursor
2026-06-05 20:44:19,722 [WARN] IP:2250 - DEVICE_SERIAL0_DFU_FS not found: check if there is a RefParameter without a condition.
2026-06-05 20:44:19,722 [WARN] IP:2250 - DEVICE_SERIAL1_DFU_FS not found: check if there is a RefParameter without a condition.
2026-06-05 20:44:19,722 [WARN] IP:2250 - DEVICE_SERIAL2_DFU_FS not found: check if there is a RefParameter without a condition.
2026-06-05 20:44:19,723 [WARN] IP:2250 - DEVICE_SERIAL0_DFU_FS not found: check if there is a RefParameter without a condition.
2026-06-05 20:44:19,723 [WARN] IP:2250 - DEVICE_SERIAL1_DFU_FS not found: check if there is a RefParameter without a condition.
2026-06-05 20:44:19,723 [WARN] IP:2250 - DEVICE_SERIAL2_DFU_FS not found: check if there is a RefParameter without a condition.
2026-06-05 20:56:46,070 [WARN] MainPanel:289 - <html><b><center>Warning: This peripheral has no parameters to be configured<br></b></html>
2026-06-05 21:07:27,547 [WARN] IP:2250 - DEVICE_SERIAL0_DFU_FS not found: check if there is a RefParameter without a condition.
2026-06-05 21:07:27,547 [WARN] IP:2250 - DEVICE_SERIAL1_DFU_FS not found: check if there is a RefParameter without a condition.
2026-06-05 21:07:27,547 [WARN] IP:2250 - DEVICE_SERIAL2_DFU_FS not found: check if there is a RefParameter without a condition.
2026-06-05 21:07:27,548 [WARN] IP:2250 - DEVICE_SERIAL0_DFU_FS not found: check if there is a RefParameter without a condition.
2026-06-05 21:07:27,548 [WARN] IP:2250 - DEVICE_SERIAL1_DFU_FS not found: check if there is a RefParameter without a condition.
2026-06-05 21:07:27,548 [WARN] IP:2250 - DEVICE_SERIAL2_DFU_FS not found: check if there is a RefParameter without a condition.
2026-06-05 21:07:27,631 [WARN] IP:2250 - DEVICE_SERIAL0_DFU_FS not found: check if there is a RefParameter without a condition.
2026-06-05 21:07:27,631 [WARN] IP:2250 - DEVICE_SERIAL1_DFU_FS not found: check if there is a RefParameter without a condition.
2026-06-05 21:07:27,631 [WARN] IP:2250 - DEVICE_SERIAL2_DFU_FS not found: check if there is a RefParameter without a condition.
2026-06-05 21:07:27,713 [WARN] IP:2250 - DEVICE_SERIAL0_DFU_FS not found: check if there is a RefParameter without a condition.
2026-06-05 21:07:27,713 [WARN] IP:2250 - DEVICE_SERIAL1_DFU_FS not found: check if there is a RefParameter without a condition.
2026-06-05 21:07:27,713 [WARN] IP:2250 - DEVICE_SERIAL2_DFU_FS not found: check if there is a RefParameter without a condition.
2026-06-05 21:07:27,789 [WARN] MainPanel:289 - <html><b><center>Warning: This peripheral has no parameters to be configured<br></b></html>
2026-06-05 21:07:37,376 [INFO] UtilMem:75 - End SaveConfig() Used Memory: 970383784 Bytes (1073741824)
2026-06-05 21:07:38,448 [INFO] UtilMem:75 - End SaveConfig() Used Memory: 1012326824 Bytes (1073741824)
2026-06-05 21:07:40,287 [INFO] UtilMem:75 - End SaveConfig() Used Memory: 948264912 Bytes (1073741824)
2026-06-05 21:07:40,545 [INFO] BlockDiagram:2775 - set Specific Code input for plugin: RCC
2026-06-05 21:07:40,545 [INFO] BlockDiagram:2775 - set Specific Code input for plugin: USART
2026-06-05 21:07:40,545 [INFO] BlockDiagram:2775 - set Specific Code input for plugin: MEMORYMAP
2026-06-05 21:07:40,545 [INFO] BlockDiagram:2775 - set Specific Code input for plugin: USB_DEVICE
2026-06-05 21:07:40,545 [INFO] BlockDiagram:2775 - set Specific Code input for plugin: SYS
2026-06-05 21:07:40,545 [INFO] BlockDiagram:2775 - set Specific Code input for plugin: USB_OTG_FS
2026-06-05 21:07:40,545 [INFO] BlockDiagram:2775 - set Specific Code input for plugin: NVIC
2026-06-05 21:07:40,545 [INFO] BlockDiagram:2775 - set Specific Code input for plugin: CORTEX_M7
2026-06-05 21:07:40,545 [INFO] BlockDiagram:2775 - set Specific Code input for plugin: DEBUG
2026-06-05 21:07:40,546 [INFO] BlockDiagram:2775 - set Specific Code input for plugin: GPIO
2026-06-05 21:07:40,546 [INFO] CodeGenerator:892 - code generatio: config db path: E:\STM32CubeIDE_1.19.0\STM32CubeIDE\plugins\com.st.stm32cube.common.mx_6.15.0.202507011659\\db\
2026-06-05 21:07:40,582 [WARN] IP:2250 - DEVICE_SERIAL0_DFU_FS not found: check if there is a RefParameter without a condition.
2026-06-05 21:07:40,582 [WARN] IP:2250 - DEVICE_SERIAL1_DFU_FS not found: check if there is a RefParameter without a condition.
2026-06-05 21:07:40,583 [WARN] IP:2250 - DEVICE_SERIAL2_DFU_FS not found: check if there is a RefParameter without a condition.
2026-06-05 21:07:40,666 [INFO] CodeEngine:265 - oldGeneratedFile, E:\altium_projects\stm_projects\stm32WorldH7bootloader\MXTmpFiles\license.tmp_save
2026-06-05 21:07:40,856 [INFO] CodeEngine:289 - Generated code: E:\altium_projects\stm_projects\stm32WorldH7bootloader\MXTmpFiles\license.tmp
2026-06-05 21:07:40,896 [INFO] CodeEngine:265 - oldGeneratedFile, E:\altium_projects\stm_projects\stm32WorldH7bootloader\MXTmpFiles\gpio.tmp_save
2026-06-05 21:07:40,986 [INFO] CodeEngine:289 - Generated code: E:\altium_projects\stm_projects\stm32WorldH7bootloader\MXTmpFiles\gpio.tmp
2026-06-05 21:07:41,066 [INFO] CodeEngine:265 - oldGeneratedFile, E:\altium_projects\stm_projects\stm32WorldH7bootloader\MXTmpFiles\usb_otg_fs_vars.tmp_save
2026-06-05 21:07:41,145 [INFO] CodeEngine:289 - Generated code: E:\altium_projects\stm_projects\stm32WorldH7bootloader\MXTmpFiles\usb_otg_fs_vars.tmp
2026-06-05 21:07:41,148 [INFO] CodeEngine:265 - oldGeneratedFile, E:\altium_projects\stm_projects\stm32WorldH7bootloader\MXTmpFiles\usb_otg_fs_inc.tmp_save
2026-06-05 21:07:41,206 [INFO] CodeEngine:289 - Generated code: E:\altium_projects\stm_projects\stm32WorldH7bootloader\MXTmpFiles\usb_otg_fs_inc.tmp
2026-06-05 21:07:41,209 [INFO] CodeEngine:265 - oldGeneratedFile, E:\altium_projects\stm_projects\stm32WorldH7bootloader\MXTmpFiles\usb_otg_fs_HalInit.tmp_save
2026-06-05 21:07:41,282 [INFO] CodeEngine:289 - Generated code: E:\altium_projects\stm_projects\stm32WorldH7bootloader\MXTmpFiles\usb_otg_fs_HalInit.tmp
2026-06-05 21:07:41,284 [INFO] CodeEngine:265 - oldGeneratedFile, E:\altium_projects\stm_projects\stm32WorldH7bootloader\MXTmpFiles\usb_otg_fs_Msp.tmp_save
2026-06-05 21:07:41,370 [INFO] CodeEngine:289 - Generated code: E:\altium_projects\stm_projects\stm32WorldH7bootloader\MXTmpFiles\usb_otg_fs_Msp.tmp
2026-06-05 21:07:41,392 [WARN] IPConfigManager:103 - WARNING: Missing Config File for DEBUG ip!!
2026-06-05 21:07:41,413 [WARN] IPConfigManager:103 - WARNING: Missing Config File for MEMORYMAP ip!!
2026-06-05 21:07:41,546 [INFO] Middleware:1452 - No code input for Bsp Dependency
2026-06-05 21:07:41,547 [ERROR] SWIPConfigModel:147 - Object (RefParameter) name : DEVICE_SERIAL2_DFU_FS  is not a String or a Boolean
2026-06-05 21:07:41,547 [ERROR] SWIPConfigModel:147 - Object (RefParameter) name : DEVICE_SERIAL0_DFU_FS  is not a String or a Boolean
2026-06-05 21:07:41,547 [ERROR] SWIPConfigModel:147 - Object (RefParameter) name : DEVICE_SERIAL1_DFU_FS  is not a String or a Boolean
2026-06-05 21:07:41,551 [INFO] CodeEngine:265 - oldGeneratedFile, E:\altium_projects\stm_projects\stm32WorldH7bootloader\MXTmpFiles\cortex.tmp_save
2026-06-05 21:07:41,606 [INFO] CodeEngine:289 - Generated code: E:\altium_projects\stm_projects\stm32WorldH7bootloader\MXTmpFiles\cortex.tmp
2026-06-05 21:07:41,626 [INFO] Middleware:1452 - No code input for Bsp Dependency
2026-06-05 21:07:41,626 [ERROR] SWIPConfigModel:147 - Object (RefParameter) name : DEVICE_SERIAL2_DFU_FS  is not a String or a Boolean
2026-06-05 21:07:41,626 [ERROR] SWIPConfigModel:147 - Object (RefParameter) name : DEVICE_SERIAL0_DFU_FS  is not a String or a Boolean
2026-06-05 21:07:41,626 [ERROR] SWIPConfigModel:147 - Object (RefParameter) name : DEVICE_SERIAL1_DFU_FS  is not a String or a Boolean
2026-06-05 21:07:41,633 [INFO] CodeEngine:265 - oldGeneratedFile, E:\altium_projects\stm_projects\stm32WorldH7bootloader\USB_DEVICE\App\usb_device.c_save
2026-06-05 21:07:41,677 [INFO] CodeEngine:289 - Generated code: E:\altium_projects\stm_projects\stm32WorldH7bootloader\USB_DEVICE\App\usb_device.c
2026-06-05 21:07:41,681 [INFO] CodeEngine:265 - oldGeneratedFile, E:\altium_projects\stm_projects\stm32WorldH7bootloader\USB_DEVICE\App\usb_device.h_save
2026-06-05 21:07:41,723 [INFO] CodeEngine:289 - Generated code: E:\altium_projects\stm_projects\stm32WorldH7bootloader\USB_DEVICE\App\usb_device.h
2026-06-05 21:07:41,726 [INFO] CodeEngine:265 - oldGeneratedFile, E:\altium_projects\stm_projects\stm32WorldH7bootloader\USB_DEVICE\Target\usbd_conf.h_save
2026-06-05 21:07:41,781 [INFO] CodeEngine:289 - Generated code: E:\altium_projects\stm_projects\stm32WorldH7bootloader\USB_DEVICE\Target\usbd_conf.h
2026-06-05 21:07:41,785 [INFO] CodeEngine:265 - oldGeneratedFile, E:\altium_projects\stm_projects\stm32WorldH7bootloader\USB_DEVICE\Target\usbd_conf.c_save
2026-06-05 21:07:41,836 [INFO] CodeEngine:289 - Generated code: E:\altium_projects\stm_projects\stm32WorldH7bootloader\USB_DEVICE\Target\usbd_conf.c
2026-06-05 21:07:41,840 [INFO] CodeEngine:265 - oldGeneratedFile, E:\altium_projects\stm_projects\stm32WorldH7bootloader\USB_DEVICE\App\usbd_desc.h_save
2026-06-05 21:07:41,879 [INFO] CodeEngine:289 - Generated code: E:\altium_projects\stm_projects\stm32WorldH7bootloader\USB_DEVICE\App\usbd_desc.h
2026-06-05 21:07:41,884 [INFO] CodeEngine:265 - oldGeneratedFile, E:\altium_projects\stm_projects\stm32WorldH7bootloader\USB_DEVICE\App\usbd_desc.c_save
2026-06-05 21:07:41,929 [INFO] CodeEngine:289 - Generated code: E:\altium_projects\stm_projects\stm32WorldH7bootloader\USB_DEVICE\App\usbd_desc.c
2026-06-05 21:07:41,933 [INFO] CodeEngine:265 - oldGeneratedFile, E:\altium_projects\stm_projects\stm32WorldH7bootloader\USB_DEVICE\App\usbd_dfu_if.h_save
2026-06-05 21:07:41,978 [INFO] CodeEngine:289 - Generated code: E:\altium_projects\stm_projects\stm32WorldH7bootloader\USB_DEVICE\App\usbd_dfu_if.h
2026-06-05 21:07:41,982 [INFO] CodeEngine:265 - oldGeneratedFile, E:\altium_projects\stm_projects\stm32WorldH7bootloader\USB_DEVICE\App\usbd_dfu_if.c_save
2026-06-05 21:07:42,036 [INFO] CodeEngine:289 - Generated code: E:\altium_projects\stm_projects\stm32WorldH7bootloader\USB_DEVICE\App\usbd_dfu_if.c
2026-06-05 21:07:42,052 [INFO] CodeEngine:265 - oldGeneratedFile, E:\altium_projects\stm_projects\stm32WorldH7bootloader\Core\Src\stm32h7xx_it.c_save
2026-06-05 21:07:42,163 [INFO] CodeEngine:289 - Generated code: E:\altium_projects\stm_projects\stm32WorldH7bootloader\Core\Src\stm32h7xx_it.c
2026-06-05 21:07:42,166 [INFO] CodeEngine:265 - oldGeneratedFile, E:\altium_projects\stm_projects\stm32WorldH7bootloader\Core\Inc\stm32h7xx_it.h_save
2026-06-05 21:07:42,199 [INFO] CodeEngine:289 - Generated code: E:\altium_projects\stm_projects\stm32WorldH7bootloader\Core\Inc\stm32h7xx_it.h
2026-06-05 21:07:42,245 [INFO] CodeEngine:265 - oldGeneratedFile, E:\altium_projects\stm_projects\stm32WorldH7bootloader\Core\Src\stm32h7xx_hal_msp.c_save
2026-06-05 21:07:42,303 [INFO] CodeEngine:289 - Generated code: E:\altium_projects\stm_projects\stm32WorldH7bootloader\Core\Src\stm32h7xx_hal_msp.c
2026-06-05 21:07:42,306 [INFO] CodeEngine:265 - oldGeneratedFile, E:\altium_projects\stm_projects\stm32WorldH7bootloader\MXTmpFiles\system.tmp_save
2026-06-05 21:07:42,341 [INFO] CodeEngine:289 - Generated code: E:\altium_projects\stm_projects\stm32WorldH7bootloader\MXTmpFiles\system.tmp
2026-06-05 21:07:42,348 [INFO] CodeEngine:321 - oldGeneratedFile, E:\altium_projects\stm_projects\stm32WorldH7bootloader\Core\Inc\stm32h7xx_hal_conf.h_save
2026-06-05 21:07:42,392 [INFO] CodeEngine:345 - Generated code: E:\altium_projects\stm_projects\stm32WorldH7bootloader\Core\Inc\stm32h7xx_hal_conf.h
2026-06-05 21:07:42,423 [INFO] ApiDbMcu:532 - Load IP Config File for USART1
2026-06-05 21:07:42,430 [INFO] ApiDbMcu:532 - Load IP Config File for RCC
2026-06-05 21:07:42,438 [INFO] CodeEngine:265 - oldGeneratedFile, E:\altium_projects\stm_projects\stm32WorldH7bootloader\Core\Inc\main.h_save
2026-06-05 21:07:42,491 [INFO] CodeEngine:289 - Generated code: E:\altium_projects\stm_projects\stm32WorldH7bootloader\Core\Inc\main.h
2026-06-05 21:07:42,495 [INFO] CodeEngine:265 - oldGeneratedFile, E:\altium_projects\stm_projects\stm32WorldH7bootloader\Core\Src\main.c_save
2026-06-05 21:07:42,552 [INFO] CodeEngine:289 - Generated code: E:\altium_projects\stm_projects\stm32WorldH7bootloader\Core\Src\main.c
2026-06-05 21:07:42,829 [INFO] ProjectBuilder:3606 - Time for Copy HAL[1] : 143mS.
2026-06-05 21:07:42,833 [INFO] ProjectBuilder:5216 - Project Generator version: 4.7.0-B52
2026-06-05 21:07:42,892 [INFO] ConfigFileManager:1595 - The Die is : DIE450
2026-06-05 21:07:42,894 [INFO] ApiDbMcu:532 - Load IP Config File for FATFS
2026-06-05 21:07:42,897 [INFO] ApiDbMcu:532 - Load IP Config File for FREERTOS
2026-06-05 21:07:42,899 [INFO] ApiDbMcu:532 - Load IP Config File for LIBJPEG
2026-06-05 21:07:42,906 [INFO] ApiDbMcu:532 - Load IP Config File for LWIP
2026-06-05 21:07:42,910 [INFO] ApiDbMcu:532 - Load IP Config File for MBEDTLS
2026-06-05 21:07:42,913 [INFO] ApiDbMcu:532 - Load IP Config File for USB_HOST
2026-06-05 21:07:43,599 [INFO] ProjectBuilder:5496 - Time for Generating toolchain IDE Files: 765mS.
2026-06-05 21:07:43,599 [INFO] ProjectBuilder:3463 - Time for Copy CMSIS : 0mS.
2026-06-05 21:07:43,602 [INFO] ProjectBuilder:3463 - Time for Copy CMSIS : 0mS.
2026-06-05 21:08:39,645 [INFO] Gpio:278 - dependency for GPIO [DEBUG, RCC, USART1, USB_OTG_FS]
2026-06-05 21:08:57,685 [INFO] UtilMem:75 - End SaveConfig() Used Memory: 993628016 Bytes (1073741824)
2026-06-05 21:08:58,859 [INFO] UtilMem:75 - End SaveConfig() Used Memory: 876808848 Bytes (1073741824)
2026-06-05 21:09:01,832 [INFO] UtilMem:75 - End SaveConfig() Used Memory: 905460520 Bytes (1073741824)
2026-06-05 21:09:02,104 [INFO] BlockDiagram:2775 - set Specific Code input for plugin: RCC
2026-06-05 21:09:02,104 [INFO] BlockDiagram:2775 - set Specific Code input for plugin: USART
2026-06-05 21:09:02,104 [INFO] BlockDiagram:2775 - set Specific Code input for plugin: MEMORYMAP
2026-06-05 21:09:02,104 [INFO] BlockDiagram:2775 - set Specific Code input for plugin: USB_DEVICE
2026-06-05 21:09:02,104 [INFO] BlockDiagram:2775 - set Specific Code input for plugin: SYS
2026-06-05 21:09:02,104 [INFO] BlockDiagram:2775 - set Specific Code input for plugin: USB_OTG_FS
2026-06-05 21:09:02,104 [INFO] BlockDiagram:2775 - set Specific Code input for plugin: NVIC
2026-06-05 21:09:02,104 [INFO] BlockDiagram:2775 - set Specific Code input for plugin: CORTEX_M7
2026-06-05 21:09:02,104 [INFO] BlockDiagram:2775 - set Specific Code input for plugin: DEBUG
2026-06-05 21:09:02,104 [INFO] BlockDiagram:2775 - set Specific Code input for plugin: GPIO
2026-06-05 21:09:02,105 [INFO] CodeGenerator:892 - code generatio: config db path: E:\STM32CubeIDE_1.19.0\STM32CubeIDE\plugins\com.st.stm32cube.common.mx_6.15.0.202507011659\\db\
2026-06-05 21:09:02,134 [WARN] IP:2250 - DEVICE_SERIAL0_DFU_FS not found: check if there is a RefParameter without a condition.
2026-06-05 21:09:02,134 [WARN] IP:2250 - DEVICE_SERIAL1_DFU_FS not found: check if there is a RefParameter without a condition.
2026-06-05 21:09:02,134 [WARN] IP:2250 - DEVICE_SERIAL2_DFU_FS not found: check if there is a RefParameter without a condition.
2026-06-05 21:09:02,201 [INFO] CodeEngine:265 - oldGeneratedFile, E:\altium_projects\stm_projects\stm32WorldH7bootloader\MXTmpFiles\license.tmp_save
2026-06-05 21:09:02,321 [INFO] CodeEngine:289 - Generated code: E:\altium_projects\stm_projects\stm32WorldH7bootloader\MXTmpFiles\license.tmp
2026-06-05 21:09:02,341 [INFO] CodeEngine:265 - oldGeneratedFile, E:\altium_projects\stm_projects\stm32WorldH7bootloader\MXTmpFiles\gpio.tmp_save
2026-06-05 21:09:02,425 [INFO] CodeEngine:289 - Generated code: E:\altium_projects\stm_projects\stm32WorldH7bootloader\MXTmpFiles\gpio.tmp
2026-06-05 21:09:02,472 [INFO] CodeEngine:265 - oldGeneratedFile, E:\altium_projects\stm_projects\stm32WorldH7bootloader\MXTmpFiles\usb_otg_fs_vars.tmp_save
2026-06-05 21:09:02,535 [INFO] CodeEngine:289 - Generated code: E:\altium_projects\stm_projects\stm32WorldH7bootloader\MXTmpFiles\usb_otg_fs_vars.tmp
2026-06-05 21:09:02,539 [INFO] CodeEngine:265 - oldGeneratedFile, E:\altium_projects\stm_projects\stm32WorldH7bootloader\MXTmpFiles\usb_otg_fs_inc.tmp_save
2026-06-05 21:09:02,596 [INFO] CodeEngine:289 - Generated code: E:\altium_projects\stm_projects\stm32WorldH7bootloader\MXTmpFiles\usb_otg_fs_inc.tmp
2026-06-05 21:09:02,599 [INFO] CodeEngine:265 - oldGeneratedFile, E:\altium_projects\stm_projects\stm32WorldH7bootloader\MXTmpFiles\usb_otg_fs_HalInit.tmp_save
2026-06-05 21:09:02,667 [INFO] CodeEngine:289 - Generated code: E:\altium_projects\stm_projects\stm32WorldH7bootloader\MXTmpFiles\usb_otg_fs_HalInit.tmp
2026-06-05 21:09:02,671 [INFO] CodeEngine:265 - oldGeneratedFile, E:\altium_projects\stm_projects\stm32WorldH7bootloader\MXTmpFiles\usb_otg_fs_Msp.tmp_save
2026-06-05 21:09:02,740 [INFO] CodeEngine:289 - Generated code: E:\altium_projects\stm_projects\stm32WorldH7bootloader\MXTmpFiles\usb_otg_fs_Msp.tmp
2026-06-05 21:09:02,755 [WARN] IPConfigManager:103 - WARNING: Missing Config File for DEBUG ip!!
2026-06-05 21:09:02,782 [WARN] IPConfigManager:103 - WARNING: Missing Config File for MEMORYMAP ip!!
2026-06-05 21:09:02,905 [INFO] Middleware:1452 - No code input for Bsp Dependency
2026-06-05 21:09:02,906 [ERROR] SWIPConfigModel:147 - Object (RefParameter) name : DEVICE_SERIAL2_DFU_FS  is not a String or a Boolean
2026-06-05 21:09:02,906 [ERROR] SWIPConfigModel:147 - Object (RefParameter) name : DEVICE_SERIAL0_DFU_FS  is not a String or a Boolean
2026-06-05 21:09:02,906 [ERROR] SWIPConfigModel:147 - Object (RefParameter) name : DEVICE_SERIAL1_DFU_FS  is not a String or a Boolean
2026-06-05 21:09:02,911 [INFO] CodeEngine:265 - oldGeneratedFile, E:\altium_projects\stm_projects\stm32WorldH7bootloader\MXTmpFiles\cortex.tmp_save
2026-06-05 21:09:02,962 [INFO] CodeEngine:289 - Generated code: E:\altium_projects\stm_projects\stm32WorldH7bootloader\MXTmpFiles\cortex.tmp
2026-06-05 21:09:02,987 [INFO] Middleware:1452 - No code input for Bsp Dependency
2026-06-05 21:09:02,988 [ERROR] SWIPConfigModel:147 - Object (RefParameter) name : DEVICE_SERIAL2_DFU_FS  is not a String or a Boolean
2026-06-05 21:09:02,988 [ERROR] SWIPConfigModel:147 - Object (RefParameter) name : DEVICE_SERIAL0_DFU_FS  is not a String or a Boolean
2026-06-05 21:09:02,988 [ERROR] SWIPConfigModel:147 - Object (RefParameter) name : DEVICE_SERIAL1_DFU_FS  is not a String or a Boolean
2026-06-05 21:09:02,993 [INFO] CodeEngine:265 - oldGeneratedFile, E:\altium_projects\stm_projects\stm32WorldH7bootloader\USB_DEVICE\App\usb_device.c_save
2026-06-05 21:09:03,049 [INFO] CodeEngine:289 - Generated code: E:\altium_projects\stm_projects\stm32WorldH7bootloader\USB_DEVICE\App\usb_device.c
2026-06-05 21:09:03,053 [INFO] CodeEngine:265 - oldGeneratedFile, E:\altium_projects\stm_projects\stm32WorldH7bootloader\USB_DEVICE\App\usb_device.h_save
2026-06-05 21:09:03,097 [INFO] CodeEngine:289 - Generated code: E:\altium_projects\stm_projects\stm32WorldH7bootloader\USB_DEVICE\App\usb_device.h
2026-06-05 21:09:03,101 [INFO] CodeEngine:265 - oldGeneratedFile, E:\altium_projects\stm_projects\stm32WorldH7bootloader\USB_DEVICE\Target\usbd_conf.h_save
2026-06-05 21:09:03,149 [INFO] CodeEngine:289 - Generated code: E:\altium_projects\stm_projects\stm32WorldH7bootloader\USB_DEVICE\Target\usbd_conf.h
2026-06-05 21:09:03,154 [INFO] CodeEngine:265 - oldGeneratedFile, E:\altium_projects\stm_projects\stm32WorldH7bootloader\USB_DEVICE\Target\usbd_conf.c_save
2026-06-05 21:09:03,202 [INFO] CodeEngine:289 - Generated code: E:\altium_projects\stm_projects\stm32WorldH7bootloader\USB_DEVICE\Target\usbd_conf.c
2026-06-05 21:09:03,205 [INFO] CodeEngine:265 - oldGeneratedFile, E:\altium_projects\stm_projects\stm32WorldH7bootloader\USB_DEVICE\App\usbd_desc.h_save
2026-06-05 21:09:03,241 [INFO] CodeEngine:289 - Generated code: E:\altium_projects\stm_projects\stm32WorldH7bootloader\USB_DEVICE\App\usbd_desc.h
2026-06-05 21:09:03,244 [INFO] CodeEngine:265 - oldGeneratedFile, E:\altium_projects\stm_projects\stm32WorldH7bootloader\USB_DEVICE\App\usbd_desc.c_save
2026-06-05 21:09:03,287 [INFO] CodeEngine:289 - Generated code: E:\altium_projects\stm_projects\stm32WorldH7bootloader\USB_DEVICE\App\usbd_desc.c
2026-06-05 21:09:03,291 [INFO] CodeEngine:265 - oldGeneratedFile, E:\altium_projects\stm_projects\stm32WorldH7bootloader\USB_DEVICE\App\usbd_dfu_if.h_save
2026-06-05 21:09:03,330 [INFO] CodeEngine:289 - Generated code: E:\altium_projects\stm_projects\stm32WorldH7bootloader\USB_DEVICE\App\usbd_dfu_if.h
2026-06-05 21:09:03,333 [INFO] CodeEngine:265 - oldGeneratedFile, E:\altium_projects\stm_projects\stm32WorldH7bootloader\USB_DEVICE\App\usbd_dfu_if.c_save
2026-06-05 21:09:03,371 [INFO] CodeEngine:289 - Generated code: E:\altium_projects\stm_projects\stm32WorldH7bootloader\USB_DEVICE\App\usbd_dfu_if.c
2026-06-05 21:09:03,383 [INFO] CodeEngine:265 - oldGeneratedFile, E:\altium_projects\stm_projects\stm32WorldH7bootloader\Core\Src\stm32h7xx_it.c_save
2026-06-05 21:09:03,426 [INFO] CodeEngine:289 - Generated code: E:\altium_projects\stm_projects\stm32WorldH7bootloader\Core\Src\stm32h7xx_it.c
2026-06-05 21:09:03,430 [INFO] CodeEngine:265 - oldGeneratedFile, E:\altium_projects\stm_projects\stm32WorldH7bootloader\Core\Inc\stm32h7xx_it.h_save
2026-06-05 21:09:03,465 [INFO] CodeEngine:289 - Generated code: E:\altium_projects\stm_projects\stm32WorldH7bootloader\Core\Inc\stm32h7xx_it.h
2026-06-05 21:09:03,505 [INFO] CodeEngine:265 - oldGeneratedFile, E:\altium_projects\stm_projects\stm32WorldH7bootloader\Core\Src\stm32h7xx_hal_msp.c_save
2026-06-05 21:09:03,559 [INFO] CodeEngine:289 - Generated code: E:\altium_projects\stm_projects\stm32WorldH7bootloader\Core\Src\stm32h7xx_hal_msp.c
2026-06-05 21:09:03,563 [INFO] CodeEngine:265 - oldGeneratedFile, E:\altium_projects\stm_projects\stm32WorldH7bootloader\MXTmpFiles\system.tmp_save
2026-06-05 21:09:03,596 [INFO] CodeEngine:289 - Generated code: E:\altium_projects\stm_projects\stm32WorldH7bootloader\MXTmpFiles\system.tmp
2026-06-05 21:09:03,603 [INFO] CodeEngine:321 - oldGeneratedFile, E:\altium_projects\stm_projects\stm32WorldH7bootloader\Core\Inc\stm32h7xx_hal_conf.h_save
2026-06-05 21:09:03,641 [INFO] CodeEngine:345 - Generated code: E:\altium_projects\stm_projects\stm32WorldH7bootloader\Core\Inc\stm32h7xx_hal_conf.h
2026-06-05 21:09:03,670 [INFO] CodeEngine:265 - oldGeneratedFile, E:\altium_projects\stm_projects\stm32WorldH7bootloader\Core\Inc\main.h_save
2026-06-05 21:09:03,712 [INFO] CodeEngine:289 - Generated code: E:\altium_projects\stm_projects\stm32WorldH7bootloader\Core\Inc\main.h
2026-06-05 21:09:03,715 [INFO] CodeEngine:265 - oldGeneratedFile, E:\altium_projects\stm_projects\stm32WorldH7bootloader\Core\Src\main.c_save
2026-06-05 21:09:03,776 [INFO] CodeEngine:289 - Generated code: E:\altium_projects\stm_projects\stm32WorldH7bootloader\Core\Src\main.c
2026-06-05 21:09:04,090 [INFO] ProjectBuilder:3606 - Time for Copy HAL[1] : 154mS.
2026-06-05 21:09:04,094 [INFO] ProjectBuilder:5216 - Project Generator version: 4.7.0-B52
2026-06-05 21:09:04,156 [INFO] ConfigFileManager:1595 - The Die is : DIE450
2026-06-05 21:09:04,987 [INFO] ProjectBuilder:5496 - Time for Generating toolchain IDE Files: 893mS.
2026-06-05 21:09:04,987 [INFO] ProjectBuilder:3463 - Time for Copy CMSIS : 0mS.
2026-06-05 21:09:04,989 [INFO] ProjectBuilder:3463 - Time for Copy CMSIS : 0mS.
2026-06-05 21:26:13,632 [INFO] UtilMem:75 - End SaveConfig() Used Memory: 923919648 Bytes (1073741824)
2026-06-05 21:26:14,877 [INFO] UtilMem:75 - End SaveConfig() Used Memory: 981064992 Bytes (1073741824)
2026-06-05 21:26:35,522 [INFO] UtilMem:75 - End SaveConfig() Used Memory: 912091816 Bytes (1073741824)
2026-06-05 21:26:35,745 [INFO] BlockDiagram:2775 - set Specific Code input for plugin: RCC
2026-06-05 21:26:35,745 [INFO] BlockDiagram:2775 - set Specific Code input for plugin: USART
2026-06-05 21:26:35,745 [INFO] BlockDiagram:2775 - set Specific Code input for plugin: MEMORYMAP
2026-06-05 21:26:35,745 [INFO] BlockDiagram:2775 - set Specific Code input for plugin: USB_DEVICE
2026-06-05 21:26:35,745 [INFO] BlockDiagram:2775 - set Specific Code input for plugin: SYS
2026-06-05 21:26:35,745 [INFO] BlockDiagram:2775 - set Specific Code input for plugin: USB_OTG_FS
2026-06-05 21:26:35,745 [INFO] BlockDiagram:2775 - set Specific Code input for plugin: NVIC
2026-06-05 21:26:35,745 [INFO] BlockDiagram:2775 - set Specific Code input for plugin: CORTEX_M7
2026-06-05 21:26:35,745 [INFO] BlockDiagram:2775 - set Specific Code input for plugin: DEBUG
2026-06-05 21:26:35,745 [INFO] BlockDiagram:2775 - set Specific Code input for plugin: GPIO
2026-06-05 21:26:35,746 [INFO] CodeGenerator:892 - code generatio: config db path: E:\STM32CubeIDE_1.19.0\STM32CubeIDE\plugins\com.st.stm32cube.common.mx_6.15.0.202507011659\\db\
2026-06-05 21:26:35,773 [WARN] IP:2250 - DEVICE_SERIAL0_DFU_FS not found: check if there is a RefParameter without a condition.
2026-06-05 21:26:35,773 [WARN] IP:2250 - DEVICE_SERIAL1_DFU_FS not found: check if there is a RefParameter without a condition.
2026-06-05 21:26:35,773 [WARN] IP:2250 - DEVICE_SERIAL2_DFU_FS not found: check if there is a RefParameter without a condition.
2026-06-05 21:26:35,831 [INFO] CodeEngine:265 - oldGeneratedFile, E:\altium_projects\stm_projects\stm32WorldH7bootloader\MXTmpFiles\license.tmp_save
2026-06-05 21:26:35,994 [INFO] CodeEngine:289 - Generated code: E:\altium_projects\stm_projects\stm32WorldH7bootloader\MXTmpFiles\license.tmp
2026-06-05 21:26:36,022 [INFO] CodeEngine:265 - oldGeneratedFile, E:\altium_projects\stm_projects\stm32WorldH7bootloader\MXTmpFiles\gpio.tmp_save
2026-06-05 21:26:36,153 [INFO] CodeEngine:289 - Generated code: E:\altium_projects\stm_projects\stm32WorldH7bootloader\MXTmpFiles\gpio.tmp
2026-06-05 21:26:36,203 [INFO] CodeEngine:265 - oldGeneratedFile, E:\altium_projects\stm_projects\stm32WorldH7bootloader\MXTmpFiles\usb_otg_fs_vars.tmp_save
2026-06-05 21:26:36,281 [INFO] CodeEngine:289 - Generated code: E:\altium_projects\stm_projects\stm32WorldH7bootloader\MXTmpFiles\usb_otg_fs_vars.tmp
2026-06-05 21:26:36,284 [INFO] CodeEngine:265 - oldGeneratedFile, E:\altium_projects\stm_projects\stm32WorldH7bootloader\MXTmpFiles\usb_otg_fs_inc.tmp_save
2026-06-05 21:26:36,341 [INFO] CodeEngine:289 - Generated code: E:\altium_projects\stm_projects\stm32WorldH7bootloader\MXTmpFiles\usb_otg_fs_inc.tmp
2026-06-05 21:26:36,344 [INFO] CodeEngine:265 - oldGeneratedFile, E:\altium_projects\stm_projects\stm32WorldH7bootloader\MXTmpFiles\usb_otg_fs_HalInit.tmp_save
2026-06-05 21:26:36,426 [INFO] CodeEngine:289 - Generated code: E:\altium_projects\stm_projects\stm32WorldH7bootloader\MXTmpFiles\usb_otg_fs_HalInit.tmp
2026-06-05 21:26:36,430 [INFO] CodeEngine:265 - oldGeneratedFile, E:\altium_projects\stm_projects\stm32WorldH7bootloader\MXTmpFiles\usb_otg_fs_Msp.tmp_save
2026-06-05 21:26:36,507 [INFO] CodeEngine:289 - Generated code: E:\altium_projects\stm_projects\stm32WorldH7bootloader\MXTmpFiles\usb_otg_fs_Msp.tmp
2026-06-05 21:26:36,522 [WARN] IPConfigManager:103 - WARNING: Missing Config File for DEBUG ip!!
2026-06-05 21:26:36,539 [WARN] IPConfigManager:103 - WARNING: Missing Config File for MEMORYMAP ip!!
2026-06-05 21:26:36,639 [INFO] Middleware:1452 - No code input for Bsp Dependency
2026-06-05 21:26:36,640 [ERROR] SWIPConfigModel:147 - Object (RefParameter) name : DEVICE_SERIAL2_DFU_FS  is not a String or a Boolean
2026-06-05 21:26:36,640 [ERROR] SWIPConfigModel:147 - Object (RefParameter) name : DEVICE_SERIAL0_DFU_FS  is not a String or a Boolean
2026-06-05 21:26:36,640 [ERROR] SWIPConfigModel:147 - Object (RefParameter) name : DEVICE_SERIAL1_DFU_FS  is not a String or a Boolean
2026-06-05 21:26:36,644 [INFO] CodeEngine:265 - oldGeneratedFile, E:\altium_projects\stm_projects\stm32WorldH7bootloader\MXTmpFiles\cortex.tmp_save
2026-06-05 21:26:36,697 [INFO] CodeEngine:289 - Generated code: E:\altium_projects\stm_projects\stm32WorldH7bootloader\MXTmpFiles\cortex.tmp
2026-06-05 21:26:36,723 [INFO] Middleware:1452 - No code input for Bsp Dependency
2026-06-05 21:26:36,723 [ERROR] SWIPConfigModel:147 - Object (RefParameter) name : DEVICE_SERIAL2_DFU_FS  is not a String or a Boolean
2026-06-05 21:26:36,723 [ERROR] SWIPConfigModel:147 - Object (RefParameter) name : DEVICE_SERIAL0_DFU_FS  is not a String or a Boolean
2026-06-05 21:26:36,724 [ERROR] SWIPConfigModel:147 - Object (RefParameter) name : DEVICE_SERIAL1_DFU_FS  is not a String or a Boolean
2026-06-05 21:26:36,731 [INFO] CodeEngine:265 - oldGeneratedFile, E:\altium_projects\stm_projects\stm32WorldH7bootloader\USB_DEVICE\App\usb_device.c_save
2026-06-05 21:26:36,794 [INFO] CodeEngine:289 - Generated code: E:\altium_projects\stm_projects\stm32WorldH7bootloader\USB_DEVICE\App\usb_device.c
2026-06-05 21:26:36,799 [INFO] CodeEngine:265 - oldGeneratedFile, E:\altium_projects\stm_projects\stm32WorldH7bootloader\USB_DEVICE\App\usb_device.h_save
2026-06-05 21:26:36,853 [INFO] CodeEngine:289 - Generated code: E:\altium_projects\stm_projects\stm32WorldH7bootloader\USB_DEVICE\App\usb_device.h
2026-06-05 21:26:36,857 [INFO] CodeEngine:265 - oldGeneratedFile, E:\altium_projects\stm_projects\stm32WorldH7bootloader\USB_DEVICE\Target\usbd_conf.h_save
2026-06-05 21:26:36,898 [INFO] CodeEngine:289 - Generated code: E:\altium_projects\stm_projects\stm32WorldH7bootloader\USB_DEVICE\Target\usbd_conf.h
2026-06-05 21:26:36,902 [INFO] CodeEngine:265 - oldGeneratedFile, E:\altium_projects\stm_projects\stm32WorldH7bootloader\USB_DEVICE\Target\usbd_conf.c_save
2026-06-05 21:26:36,952 [INFO] CodeEngine:289 - Generated code: E:\altium_projects\stm_projects\stm32WorldH7bootloader\USB_DEVICE\Target\usbd_conf.c
2026-06-05 21:26:36,955 [INFO] CodeEngine:265 - oldGeneratedFile, E:\altium_projects\stm_projects\stm32WorldH7bootloader\USB_DEVICE\App\usbd_desc.h_save
2026-06-05 21:26:37,009 [INFO] CodeEngine:289 - Generated code: E:\altium_projects\stm_projects\stm32WorldH7bootloader\USB_DEVICE\App\usbd_desc.h
2026-06-05 21:26:37,014 [INFO] CodeEngine:265 - oldGeneratedFile, E:\altium_projects\stm_projects\stm32WorldH7bootloader\USB_DEVICE\App\usbd_desc.c_save
2026-06-05 21:26:37,056 [INFO] CodeEngine:289 - Generated code: E:\altium_projects\stm_projects\stm32WorldH7bootloader\USB_DEVICE\App\usbd_desc.c
2026-06-05 21:26:37,060 [INFO] CodeEngine:265 - oldGeneratedFile, E:\altium_projects\stm_projects\stm32WorldH7bootloader\USB_DEVICE\App\usbd_dfu_if.h_save
2026-06-05 21:26:37,096 [INFO] CodeEngine:289 - Generated code: E:\altium_projects\stm_projects\stm32WorldH7bootloader\USB_DEVICE\App\usbd_dfu_if.h
2026-06-05 21:26:37,099 [INFO] CodeEngine:265 - oldGeneratedFile, E:\altium_projects\stm_projects\stm32WorldH7bootloader\USB_DEVICE\App\usbd_dfu_if.c_save
2026-06-05 21:26:37,139 [INFO] CodeEngine:289 - Generated code: E:\altium_projects\stm_projects\stm32WorldH7bootloader\USB_DEVICE\App\usbd_dfu_if.c
2026-06-05 21:26:37,151 [INFO] CodeEngine:265 - oldGeneratedFile, E:\altium_projects\stm_projects\stm32WorldH7bootloader\Core\Src\stm32h7xx_it.c_save
2026-06-05 21:26:37,234 [INFO] CodeEngine:289 - Generated code: E:\altium_projects\stm_projects\stm32WorldH7bootloader\Core\Src\stm32h7xx_it.c
2026-06-05 21:26:37,237 [INFO] CodeEngine:265 - oldGeneratedFile, E:\altium_projects\stm_projects\stm32WorldH7bootloader\Core\Inc\stm32h7xx_it.h_save
2026-06-05 21:26:37,271 [INFO] CodeEngine:289 - Generated code: E:\altium_projects\stm_projects\stm32WorldH7bootloader\Core\Inc\stm32h7xx_it.h
2026-06-05 21:26:37,312 [INFO] CodeEngine:265 - oldGeneratedFile, E:\altium_projects\stm_projects\stm32WorldH7bootloader\Core\Src\stm32h7xx_hal_msp.c_save
2026-06-05 21:26:37,363 [INFO] CodeEngine:289 - Generated code: E:\altium_projects\stm_projects\stm32WorldH7bootloader\Core\Src\stm32h7xx_hal_msp.c
2026-06-05 21:26:37,366 [INFO] CodeEngine:265 - oldGeneratedFile, E:\altium_projects\stm_projects\stm32WorldH7bootloader\MXTmpFiles\system.tmp_save
2026-06-05 21:26:37,398 [INFO] CodeEngine:289 - Generated code: E:\altium_projects\stm_projects\stm32WorldH7bootloader\MXTmpFiles\system.tmp
2026-06-05 21:26:37,406 [INFO] CodeEngine:321 - oldGeneratedFile, E:\altium_projects\stm_projects\stm32WorldH7bootloader\Core\Inc\stm32h7xx_hal_conf.h_save
2026-06-05 21:26:37,442 [INFO] CodeEngine:345 - Generated code: E:\altium_projects\stm_projects\stm32WorldH7bootloader\Core\Inc\stm32h7xx_hal_conf.h
2026-06-05 21:26:37,467 [INFO] CodeEngine:265 - oldGeneratedFile, E:\altium_projects\stm_projects\stm32WorldH7bootloader\Core\Inc\main.h_save
2026-06-05 21:26:37,516 [INFO] CodeEngine:289 - Generated code: E:\altium_projects\stm_projects\stm32WorldH7bootloader\Core\Inc\main.h
2026-06-05 21:26:37,520 [INFO] CodeEngine:265 - oldGeneratedFile, E:\altium_projects\stm_projects\stm32WorldH7bootloader\Core\Src\main.c_save
2026-06-05 21:26:37,577 [INFO] CodeEngine:289 - Generated code: E:\altium_projects\stm_projects\stm32WorldH7bootloader\Core\Src\main.c
2026-06-05 21:26:37,884 [INFO] ProjectBuilder:3606 - Time for Copy HAL[1] : 166mS.
2026-06-05 21:26:37,888 [INFO] ProjectBuilder:5216 - Project Generator version: 4.7.0-B52
2026-06-05 21:26:37,952 [INFO] ConfigFileManager:1595 - The Die is : DIE450
2026-06-05 21:26:38,628 [INFO] ProjectBuilder:5496 - Time for Generating toolchain IDE Files: 740mS.
2026-06-05 21:26:38,629 [INFO] ProjectBuilder:3463 - Time for Copy CMSIS : 1mS.
2026-06-05 21:26:38,632 [INFO] ProjectBuilder:3463 - Time for Copy CMSIS : 0mS.
2026-06-05 21:32:48,932 [INFO] Activator:176 - 


2026-06-05 21:32:48,933 [INFO] Activator:177 - !SESSION log4j initialized
2026-06-05 21:32:53,559 [INFO] LogOutputStream:77 - [STDOUT_REDIRECT] 
2026-06-05 21:32:54,694 [INFO] ApplicationProperties:184 - Using Application install path: E:\STM32CubeIDE_1.19.0\STM32CubeIDE\plugins\com.st.stm32cube.common.mx_6.15.0.202507011659
2026-06-05 21:32:54,709 [INFO] DbMcusXml:78 - Set database path to: E:\STM32CubeIDE_1.19.0\STM32CubeIDE\plugins\com.st.stm32cube.common.mx_6.15.0.202507011659\\db\/mcu/
2026-06-05 21:32:54,709 [INFO] ApiDb:274 - Set plugin database path to: E:\STM32CubeIDE_1.19.0\STM32CubeIDE\plugins\com.st.stm32cube.common.mx_6.15.0.202507011659\\db\/plugins/boardmanager/
2026-06-05 21:32:54,709 [WARN] ApiDb:259 - Overriding images path with different value:  => E:\STM32CubeIDE_1.19.0\STM32CubeIDE\plugins\com.st.stm32cube.common.mx_6.15.0.202507011659\\db\/plugins/mcufinder/images/
2026-06-05 21:32:54,716 [INFO] ApiDb:250 - Set database path to: C:\Users\Josh\.stmcufinder\plugins\mcufinder//mcu/
2026-06-05 21:32:54,717 [INFO] DbMcusAds:125 - Set database path to: C:\Users\Josh\.stmcufinder\plugins\mcufinder//mcu/
2026-06-05 21:32:54,719 [INFO] CrossReferenceDbSqlite:203 - Set database path to: C:\Users\Josh\.stmcufinder\plugins\mcufinder//mcu/cs/
2026-06-05 21:32:54,806 [INFO] RulesReader:64 - Compatibility file has been processed (317 Rules)
2026-06-05 21:32:54,871 [INFO] DbMcusXml:78 - Set database path to: E:\STM32CubeIDE_1.19.0\STM32CubeIDE\plugins\com.st.stm32cube.common.mx_6.15.0.202507011659\\db\/mcu/
2026-06-05 21:32:54,871 [INFO] ApiDb:274 - Set plugin database path to: E:\STM32CubeIDE_1.19.0\STM32CubeIDE\plugins\com.st.stm32cube.common.mx_6.15.0.202507011659\\db\/plugins/boardmanager/
2026-06-05 21:32:54,871 [INFO] ApiDb:261 - Set plugin images path to: E:\STM32CubeIDE_1.19.0\STM32CubeIDE\plugins\com.st.stm32cube.common.mx_6.15.0.202507011659\\db\/plugins/mcufinder/images/
2026-06-05 21:32:54,871 [WARN] DbFile:41 - Overriding database path with different value: C:\Users\Josh\.stmcufinder\plugins\mcufinder/ => C:\Users\Josh\.stmcufinder\plugins\mcufinder
2026-06-05 21:32:54,872 [INFO] ApiDb:250 - Set database path to: C:\Users\Josh\.stmcufinder\plugins\mcufinder//mcu/
2026-06-05 21:32:54,872 [WARN] DbFile:41 - Overriding database path with different value: C:\Users\Josh\.stmcufinder\plugins\mcufinder/ => C:\Users\Josh\.stmcufinder\plugins\mcufinder
2026-06-05 21:32:54,872 [INFO] DbMcusAds:125 - Set database path to: C:\Users\Josh\.stmcufinder\plugins\mcufinder//mcu/
2026-06-05 21:32:54,872 [WARN] DbFile:41 - Overriding database path with different value: C:\Users\Josh\.stmcufinder\plugins\mcufinder/ => C:\Users\Josh\.stmcufinder\plugins\mcufinder
2026-06-05 21:32:54,872 [WARN] DbFile:41 - Overriding database path with different value: C:\Users\Josh\.stmcufinder\plugins\mcufinder/ => C:\Users\Josh\.stmcufinder\plugins\mcufinder
2026-06-05 21:32:54,872 [INFO] CrossReferenceDbSqlite:203 - Set database path to: C:\Users\Josh\.stmcufinder\plugins\mcufinder//mcu/cs/
2026-06-05 21:32:54,923 [INFO] MainPanel:274 - HeapMemory: 270532608
2026-06-05 21:32:55,006 [INFO] DbMcusXml:78 - Set database path to: E:\STM32CubeIDE_1.19.0\STM32CubeIDE\plugins\com.st.stm32cube.common.mx_6.15.0.202507011659\\db\/mcu/
2026-06-05 21:32:55,007 [INFO] ApiDb:274 - Set plugin database path to: E:\STM32CubeIDE_1.19.0\STM32CubeIDE\plugins\com.st.stm32cube.common.mx_6.15.0.202507011659\\db\/plugins/boardmanager/
2026-06-05 21:32:55,007 [INFO] ApiDb:261 - Set plugin images path to: E:\STM32CubeIDE_1.19.0\STM32CubeIDE\plugins\com.st.stm32cube.common.mx_6.15.0.202507011659\\db\/plugins/mcufinder/images/
2026-06-05 21:32:55,007 [WARN] DbFile:41 - Overriding database path with different value: C:\Users\Josh\.stmcufinder\plugins\mcufinder/ => C:\Users\Josh\.stmcufinder\plugins\mcufinder
2026-06-05 21:32:55,007 [INFO] ApiDb:250 - Set database path to: C:\Users\Josh\.stmcufinder\plugins\mcufinder//mcu/
2026-06-05 21:32:55,007 [WARN] DbFile:41 - Overriding database path with different value: C:\Users\Josh\.stmcufinder\plugins\mcufinder/ => C:\Users\Josh\.stmcufinder\plugins\mcufinder
2026-06-05 21:32:55,007 [INFO] DbMcusAds:125 - Set database path to: C:\Users\Josh\.stmcufinder\plugins\mcufinder//mcu/
2026-06-05 21:32:55,007 [WARN] DbFile:41 - Overriding database path with different value: C:\Users\Josh\.stmcufinder\plugins\mcufinder/ => C:\Users\Josh\.stmcufinder\plugins\mcufinder
2026-06-05 21:32:55,007 [WARN] DbFile:41 - Overriding database path with different value: C:\Users\Josh\.stmcufinder\plugins\mcufinder/ => C:\Users\Josh\.stmcufinder\plugins\mcufinder
2026-06-05 21:32:55,007 [INFO] CrossReferenceDbSqlite:203 - Set database path to: C:\Users\Josh\.stmcufinder\plugins\mcufinder//mcu/cs/
2026-06-05 21:32:55,020 [INFO] ApplicationProperties:184 - Using Application install path: E:\STM32CubeIDE_1.19.0\STM32CubeIDE\plugins\com.st.stm32cube.common.mx_6.15.0.202507011659
2026-06-05 21:32:55,021 [INFO] PluginManage:196 - Search for loadable plugins [exclusion list=, ]
2026-06-05 21:32:55,022 [INFO] PluginManage:310 - Check plugin analytics
2026-06-05 21:32:55,164 [INFO] AnalyticsPlugin:253 - Accepted Software Licenses: 
2026-06-05 21:32:55,165 [INFO] AnalyticsPlugin:255 - Accepted CMSIS Pack Licenses: 
2026-06-05 21:32:55,165 [INFO] AnalyticsPlugin:257 - Accepted Firmware Licenses: FW.L4.1.18.0,FW.H7.1.12.0,FW.F4.1.28.0,FW.F4.1.27.0
2026-06-05 21:32:55,166 [INFO] PluginManage:359 - Loaded plugin analytics (category:tool,tabindex:-1)
2026-06-05 21:32:55,167 [INFO] PluginManage:310 - Check plugin cadmodel
2026-06-05 21:32:55,171 [INFO] CADModel:105 - Init CAD model plugin
2026-06-05 21:32:55,171 [INFO] PluginManage:359 - Loaded plugin cadmodel (category:power,tabindex:5)
2026-06-05 21:32:55,171 [INFO] PluginManage:310 - Check plugin clock
2026-06-05 21:32:55,177 [INFO] PluginManage:359 - Loaded plugin clock (category:base,tabindex:2)
2026-06-05 21:32:55,178 [INFO] PluginManage:310 - Check plugin ddr
2026-06-05 21:32:55,180 [INFO] PluginManage:359 - Loaded plugin ddr (category:tool,tabindex:6)
2026-06-05 21:32:55,180 [INFO] PluginManage:310 - Check plugin filemanager
2026-06-05 21:32:55,289 [INFO] PluginManage:359 - Loaded plugin filemanager (category:base,tabindex:10)
2026-06-05 21:32:55,289 [INFO] PluginManage:310 - Check plugin ipmanager
2026-06-05 21:32:55,295 [INFO] PluginManage:359 - Loaded plugin ipmanager (category:base,tabindex:5)
2026-06-05 21:32:55,295 [INFO] PluginManage:310 - Check plugin lpbam
2026-06-05 21:32:55,301 [INFO] PluginManage:359 - Loaded plugin lpbam (category:base,tabindex:0)
2026-06-05 21:32:55,301 [INFO] PluginManage:310 - Check plugin memorymap
2026-06-05 21:32:55,314 [INFO] PluginManage:359 - Loaded plugin memorymap (category:base,tabindex:4)
2026-06-05 21:32:55,314 [INFO] PluginManage:310 - Check plugin pinoutandconfiguration
2026-06-05 21:32:55,320 [INFO] PluginManage:359 - Loaded plugin pinoutandconfiguration (category:base,tabindex:1)
2026-06-05 21:32:55,321 [INFO] PluginManage:310 - Check plugin pinoutconfig
2026-06-05 21:32:55,394 [WARN] SupportedApi:132 - Cannot load RTOS API schema: s4s-elt-must-match.1: The content of 'definitions' must match (annotation?, (simpleType | complexType)?, (unique | key | keyref)*)). A problem was found starting at: attribute.
2026-06-05 21:32:55,511 [INFO] PluginManage:359 - Loaded plugin pinoutconfig (category:base,tabindex:0)
2026-06-05 21:32:55,511 [INFO] PluginManage:310 - Check plugin power
2026-06-05 21:32:55,520 [INFO] PluginManage:359 - Loaded plugin power (category:power,tabindex:4)
2026-06-05 21:32:55,520 [INFO] PluginManage:310 - Check plugin projectmanager
2026-06-05 21:32:55,533 [INFO] PluginManage:359 - Loaded plugin projectmanager (category:projectmanager,tabindex:4)
2026-06-05 21:32:55,533 [INFO] PluginManage:310 - Check plugin rif
2026-06-05 21:32:55,540 [INFO] PluginManage:359 - Loaded plugin rif (category:base,tabindex:3)
2026-06-05 21:32:55,540 [INFO] PluginManage:310 - Check plugin thirdparty
2026-06-05 21:32:55,639 [INFO] PluginManage:359 - Loaded plugin thirdparty (category:base,tabindex:-1)
2026-06-05 21:32:55,639 [WARN] IntegrityCheckThread:84 - waiting for thirdparty lock release [integrity check]
2026-06-05 21:32:55,639 [INFO] IntegrityCheckThread:86 - entering critical section [integrity check]
2026-06-05 21:32:55,639 [INFO] PluginManage:310 - Check plugin tools
2026-06-05 21:32:55,639 [INFO] ThirdPartyUpdaterWithRetryManager:70 - Updater plugin not ready yet. [1/15]
2026-06-05 21:32:55,641 [INFO] PluginManage:359 - Loaded plugin tools (category:base,tabindex:7)
2026-06-05 21:32:55,641 [INFO] PluginManage:310 - Check plugin tutovideos
2026-06-05 21:32:55,812 [INFO] PluginManage:359 - Loaded plugin tutovideos (category:base,tabindex:-1)
2026-06-05 21:32:55,812 [INFO] PluginManage:310 - Check plugin updater
2026-06-05 21:32:55,829 [INFO] PluginManage:359 - Loaded plugin updater (category:base,tabindex:12)
2026-06-05 21:32:55,830 [INFO] PluginManage:310 - Check plugin userauth
2026-06-05 21:32:55,834 [INFO] UserAuth:118 - Init User Auth plugin
2026-06-05 21:32:55,834 [INFO] PluginManage:359 - Loaded plugin userauth (category:base,tabindex:14)
2026-06-05 21:32:55,835 [INFO] PluginManage:283 - PluginManage : Loaded plugins [18]
2026-06-05 21:32:55,998 [INFO] PinOutPanel:1589 - setPackage(No Configuration,No Configuration)
2026-06-05 21:32:56,062 [INFO] CADModel:165 - CPN selected for project level
2026-06-05 21:32:56,062 [INFO] CADModel:114 - Register for checkConnection events
2026-06-05 21:32:56,079 [INFO] IPUIPlugin:80 - create IPUIPlugin
2026-06-05 21:32:56,079 [INFO] PluginManager:220 - loadIPPluginJar : add adc
2026-06-05 21:32:56,081 [INFO] IPUIPlugin:80 - create IPUIPlugin
2026-06-05 21:32:56,082 [INFO] PluginManager:220 - loadIPPluginJar : add aes
2026-06-05 21:32:56,084 [INFO] IPUIPlugin:80 - create IPUIPlugin
2026-06-05 21:32:56,084 [INFO] PluginManager:220 - loadIPPluginJar : add can
2026-06-05 21:32:56,086 [INFO] IPUIPlugin:80 - create IPUIPlugin
2026-06-05 21:32:56,086 [INFO] PluginManager:220 - loadIPPluginJar : add comp
2026-06-05 21:32:56,088 [INFO] IPUIPlugin:80 - create IPUIPlugin
2026-06-05 21:32:56,088 [INFO] PluginManager:220 - loadIPPluginJar : add cryp
2026-06-05 21:32:56,090 [INFO] IPUIPlugin:80 - create IPUIPlugin
2026-06-05 21:32:56,090 [INFO] PluginManager:220 - loadIPPluginJar : add ddr_ctrl_phy
2026-06-05 21:32:56,093 [INFO] IPUIPlugin:80 - create IPUIPlugin
2026-06-05 21:32:56,093 [INFO] PluginManager:220 - loadIPPluginJar : add dfsdm
2026-06-05 21:32:56,097 [INFO] IPUIPlugin:80 - create IPUIPlugin
2026-06-05 21:32:56,097 [INFO] PluginManager:220 - loadIPPluginJar : add dma
2026-06-05 21:32:56,098 [INFO] IPUIPlugin:80 - create IPUIPlugin
2026-06-05 21:32:56,098 [INFO] PluginManager:220 - loadIPPluginJar : add dma3
2026-06-05 21:32:56,102 [INFO] IPUIPlugin:80 - create IPUIPlugin
2026-06-05 21:32:56,102 [INFO] PluginManager:220 - loadIPPluginJar : add extmemmanager
2026-06-05 21:32:56,103 [INFO] IPUIPlugin:80 - create IPUIPlugin
2026-06-05 21:32:56,103 [INFO] PluginManager:220 - loadIPPluginJar : add fatfs
2026-06-05 21:32:56,106 [INFO] IPUIPlugin:80 - create IPUIPlugin
2026-06-05 21:32:56,106 [INFO] PluginManager:220 - loadIPPluginJar : add fmc
2026-06-05 21:32:56,112 [INFO] IPUIPlugin:80 - create IPUIPlugin
2026-06-05 21:32:56,112 [INFO] PluginManager:220 - loadIPPluginJar : add freertos
2026-06-05 21:32:56,113 [INFO] IPUIPlugin:80 - create IPUIPlugin
2026-06-05 21:32:56,113 [INFO] PluginManager:220 - loadIPPluginJar : add genericplugin
2026-06-05 21:32:56,116 [INFO] IPUIPlugin:80 - create IPUIPlugin
2026-06-05 21:32:56,116 [INFO] PluginManager:220 - loadIPPluginJar : add gfxmmu
2026-06-05 21:32:56,120 [INFO] IPUIPlugin:80 - create IPUIPlugin
2026-06-05 21:32:56,120 [INFO] PluginManager:220 - loadIPPluginJar : add gic
2026-06-05 21:32:56,123 [INFO] IPUIPlugin:80 - create IPUIPlugin
2026-06-05 21:32:56,123 [INFO] PluginManager:220 - loadIPPluginJar : add gpio
2026-06-05 21:32:56,126 [INFO] IPUIPlugin:80 - create IPUIPlugin
2026-06-05 21:32:56,126 [INFO] PluginManager:220 - loadIPPluginJar : add gtzc
2026-06-05 21:32:56,127 [INFO] IPUIPlugin:80 - create IPUIPlugin
2026-06-05 21:32:56,127 [INFO] PluginManager:220 - loadIPPluginJar : add hash
2026-06-05 21:32:56,130 [INFO] IPUIPlugin:80 - create IPUIPlugin
2026-06-05 21:32:56,130 [INFO] PluginManager:220 - loadIPPluginJar : add i2c
2026-06-05 21:32:56,133 [INFO] IPUIPlugin:80 - create IPUIPlugin
2026-06-05 21:32:56,133 [INFO] PluginManager:220 - loadIPPluginJar : add i2s
2026-06-05 21:32:56,135 [INFO] IPUIPlugin:80 - create IPUIPlugin
2026-06-05 21:32:56,135 [INFO] PluginManager:220 - loadIPPluginJar : add i3c
2026-06-05 21:32:56,138 [INFO] IPUIPlugin:80 - create IPUIPlugin
2026-06-05 21:32:56,138 [INFO] PluginManager:220 - loadIPPluginJar : add ipddr
2026-06-05 21:32:56,144 [INFO] IPUIPlugin:80 - create IPUIPlugin
2026-06-05 21:32:56,144 [INFO] PluginManager:220 - loadIPPluginJar : add linkedlist
2026-06-05 21:32:56,146 [INFO] IPUIPlugin:80 - create IPUIPlugin
2026-06-05 21:32:56,146 [INFO] PluginManager:220 - loadIPPluginJar : add lorawan
2026-06-05 21:32:56,147 [INFO] IPUIPlugin:80 - create IPUIPlugin
2026-06-05 21:32:56,147 [INFO] PluginManager:220 - loadIPPluginJar : add ltdc
2026-06-05 21:32:56,151 [INFO] IPUIPlugin:80 - create IPUIPlugin
2026-06-05 21:32:56,151 [INFO] PluginManager:220 - loadIPPluginJar : add mdma
2026-06-05 21:32:56,154 [INFO] IPUIPlugin:80 - create IPUIPlugin
2026-06-05 21:32:56,154 [INFO] PluginManager:220 - loadIPPluginJar : add nvic
2026-06-05 21:32:56,157 [INFO] IPUIPlugin:80 - create IPUIPlugin
2026-06-05 21:32:56,157 [INFO] PluginManager:220 - loadIPPluginJar : add opamp
2026-06-05 21:32:56,159 [INFO] IPUIPlugin:80 - create IPUIPlugin
2026-06-05 21:32:56,159 [INFO] PluginManager:220 - loadIPPluginJar : add openamp
2026-06-05 21:32:56,161 [INFO] IPUIPlugin:80 - create IPUIPlugin
2026-06-05 21:32:56,161 [INFO] PluginManager:220 - loadIPPluginJar : add pdm2pcm
2026-06-05 21:32:56,166 [INFO] IPUIPlugin:80 - create IPUIPlugin
2026-06-05 21:32:56,167 [INFO] PluginManager:220 - loadIPPluginJar : add plateformsettings
2026-06-05 21:32:56,168 [INFO] IPUIPlugin:80 - create IPUIPlugin
2026-06-05 21:32:56,168 [INFO] PluginManager:220 - loadIPPluginJar : add quadspi
2026-06-05 21:32:56,170 [INFO] IPUIPlugin:80 - create IPUIPlugin
2026-06-05 21:32:56,170 [INFO] PluginManager:220 - loadIPPluginJar : add radio
2026-06-05 21:32:56,174 [INFO] IPUIPlugin:80 - create IPUIPlugin
2026-06-05 21:32:56,174 [INFO] PluginManager:220 - loadIPPluginJar : add resmgrutility
2026-06-05 21:32:56,176 [INFO] IPUIPlugin:80 - create IPUIPlugin
2026-06-05 21:32:56,176 [INFO] PluginManager:220 - loadIPPluginJar : add sai
2026-06-05 21:32:56,178 [INFO] IPUIPlugin:80 - create IPUIPlugin
2026-06-05 21:32:56,178 [INFO] PluginManager:220 - loadIPPluginJar : add spi
2026-06-05 21:32:56,184 [INFO] IPUIPlugin:80 - create IPUIPlugin
2026-06-05 21:32:56,184 [INFO] PluginManager:220 - loadIPPluginJar : add stm32_wpan
2026-06-05 21:32:56,186 [INFO] IPUIPlugin:80 - create IPUIPlugin
2026-06-05 21:32:56,186 [INFO] PluginManager:220 - loadIPPluginJar : add tim
2026-06-05 21:32:56,189 [INFO] IPUIPlugin:80 - create IPUIPlugin
2026-06-05 21:32:56,189 [INFO] PluginManager:220 - loadIPPluginJar : add touchsensing
2026-06-05 21:32:56,191 [INFO] IPUIPlugin:80 - create IPUIPlugin
2026-06-05 21:32:56,191 [INFO] PluginManager:220 - loadIPPluginJar : add tracer_emb
2026-06-05 21:32:56,192 [INFO] IPUIPlugin:80 - create IPUIPlugin
2026-06-05 21:32:56,193 [INFO] PluginManager:220 - loadIPPluginJar : add ts
2026-06-05 21:32:56,193 [INFO] IPUIPlugin:80 - create IPUIPlugin
2026-06-05 21:32:56,193 [INFO] PluginManager:220 - loadIPPluginJar : add tsc
2026-06-05 21:32:56,196 [INFO] IPUIPlugin:80 - create IPUIPlugin
2026-06-05 21:32:56,196 [INFO] PluginManager:220 - loadIPPluginJar : add ucpd
2026-06-05 21:32:56,198 [INFO] IPUIPlugin:80 - create IPUIPlugin
2026-06-05 21:32:56,198 [INFO] PluginManager:220 - loadIPPluginJar : add usart
2026-06-05 21:32:56,200 [INFO] IPUIPlugin:80 - create IPUIPlugin
2026-06-05 21:32:56,200 [INFO] PluginManager:220 - loadIPPluginJar : add usbx
2026-06-05 21:32:56,310 [FATAL] Updater:351 - Updater called before beeing initialized
2026-06-05 21:32:56,332 [INFO] RulesReader:64 - Compatibility file has been processed (317 Rules)
2026-06-05 21:32:56,340 [INFO] RulesReader:64 - Compatibility file has been processed (317 Rules)
2026-06-05 21:32:56,346 [INFO] CADModel:165 - CPN selected for project level
2026-06-05 21:32:56,346 [INFO] CADModel:114 - Register for checkConnection events
2026-06-05 21:32:56,347 [FATAL] Updater:351 - Updater called before beeing initialized
2026-06-05 21:32:56,347 [ERROR] CADModel:125 - Updater not yet initialized, retry later 
2026-06-05 21:32:56,464 [FATAL] Updater:351 - Updater called before beeing initialized
2026-06-05 21:32:56,467 [INFO] CADModel:165 - CPN selected for project level
2026-06-05 21:32:56,467 [INFO] CADModel:114 - Register for checkConnection events
2026-06-05 21:32:56,467 [FATAL] Updater:351 - Updater called before beeing initialized
2026-06-05 21:32:56,467 [ERROR] CADModel:125 - Updater not yet initialized, retry later 
2026-06-05 21:32:56,470 [FATAL] Updater:351 - Updater called before beeing initialized
2026-06-05 21:32:56,575 [FATAL] Updater:351 - Updater called before beeing initialized
2026-06-05 21:32:56,578 [INFO] DbMcusAds:53 - JSON generation date=Fri May 29 02:08:17 AEST 2026 (1779984497073)
2026-06-05 21:32:56,578 [FATAL] Updater:351 - Updater called before beeing initialized
2026-06-05 21:32:56,610 [WARN] DetailPanel:346 - Failed to get advertising image, set to default
2026-06-05 21:32:56,673 [FATAL] Updater:351 - Updater called before beeing initialized
2026-06-05 21:32:56,674 [FATAL] Updater:351 - Updater called before beeing initialized
2026-06-05 21:32:56,674 [FATAL] Updater:351 - Updater called before beeing initialized
2026-06-05 21:32:56,675 [WARN] DetailPanel:346 - Failed to get advertising image, set to default
2026-06-05 21:32:56,675 [FATAL] Updater:351 - Updater called before beeing initialized
2026-06-05 21:32:56,707 [ERROR] Updater:1198 - MainUpdater not yet initialized. External WinMGr cannot be set.
2026-06-05 21:32:56,708 [INFO] Updater:1134 - Updater Version found : 6.15.0
2026-06-05 21:32:56,723 [INFO] ApplicationProperties:184 - Using Application install path: E:\STM32CubeIDE_1.19.0\STM32CubeIDE\plugins\com.st.stm32cube.common.mx_6.15.0.202507011659
2026-06-05 21:32:57,325 [INFO] MainUpdater:2872 - connection check result : 10
2026-06-05 21:32:57,325 [INFO] MainUpdater:289 - Updater Check For Update Now.
2026-06-05 21:32:57,325 [INFO] MicroXplorer:498 - Change Database Version : DB.6.0.150
2026-06-05 21:32:57,329 [INFO] McuFinderGlobals:63 - Set McuFinder mode to 2 (CubeIDE integrated)
2026-06-05 21:32:57,330 [INFO] UserAuth:487 - Internet connection configuration mode: 1
2026-06-05 21:32:57,357 [INFO] JxBrowserEngine:152 - Initiate JxBrowser Engine with user profile folder
2026-06-05 21:32:57,489 [INFO] CheckServerUpdateThread:120 - End of CheckServer Thread
2026-06-05 21:32:58,569 [INFO] WebApp:169 - Instantiating new browser for Auth
2026-06-05 21:32:59,144 [INFO] WebApp:463 - Apply proxy settings
2026-06-05 21:32:59,145 [INFO] WebApp:548 - Chromium requires no authentication
2026-06-05 21:32:59,153 [INFO] WebApp:491 - Direct internet connection detected
2026-06-05 21:32:59,185 [INFO] WebApp:900 - Register for checkConnection events
2026-06-05 21:32:59,186 [INFO] WebApp:463 - Apply proxy settings
2026-06-05 21:32:59,186 [INFO] WebApp:548 - Chromium requires no authentication
2026-06-05 21:32:59,186 [INFO] WebApp:491 - Direct internet connection detected
2026-06-05 21:32:59,209 [WARN] PackLoader:240 - Cannot read IP mode file for STMicroelectronics.X-CUBE-AZRTOS-H7.3.5.0
2026-06-05 21:32:59,222 [WARN] PackLoader:240 - Cannot read IP mode file for STMicroelectronics.FP-SNS-MOTENVWB1.1.4.0
2026-06-05 21:32:59,228 [WARN] PackLoader:240 - Cannot read IP mode file for STMicroelectronics.FP-ATR-ASTRA1.2.0.2
2026-06-05 21:32:59,237 [ERROR] Engine:466 - C:\Users\Josh\.stm32cubemx\thirdparties\pdsc\STMicroelectronics.X-CUBE-SMBUS.2.1.1.pdsc: PDSC version is not supported
2026-06-05 21:32:59,244 [WARN] PackLoader:240 - Cannot read IP mode file for STMicroelectronics.X-CUBE-SMBUS.2.1.0
2026-06-05 21:32:59,252 [WARN] PackLoader:240 - Cannot read IP mode file for STMicroelectronics.X-CUBE-ST60.1.0.0
2026-06-05 21:32:59,269 [WARN] PackLoader:240 - Cannot read IP mode file for STMicroelectronics.X-CUBE-AZRTOS-F7.1.1.0
2026-06-05 21:32:59,276 [WARN] PackLoader:240 - Cannot read IP mode file for STMicroelectronics.FP-SNS-MOTENV1.5.1.0
2026-06-05 21:32:59,296 [WARN] PackLoader:240 - Cannot read IP mode file for Infineon.AIROC-Wi-Fi-Bluetooth-STM32.1.7.1
2026-06-05 21:32:59,325 [WARN] PackLoader:240 - Cannot read IP mode file for STMicroelectronics.X-CUBE-AZRTOS-H7.3.4.0
2026-06-05 21:32:59,333 [WARN] PackLoader:240 - Cannot read IP mode file for STMicroelectronics.X-CUBE-DISPLAY.3.0.0
2026-06-05 21:32:59,345 [WARN] PackLoader:240 - Cannot read IP mode file for STMicroelectronics.X-CUBE-GNSS1.7.1.1
2026-06-05 21:32:59,348 [WARN] PackLoader:240 - Cannot read IP mode file for STMicroelectronics.FP-SNS-MOTENVWB1.1.5.0
2026-06-05 21:32:59,354 [WARN] PackLoader:240 - Cannot read IP mode file for STMicroelectronics.X-CUBE-NFC10.1.0.0
2026-06-05 21:32:59,364 [WARN] PackLoader:240 - Cannot read IP mode file for STMicroelectronics.X-CUBE-BLEMGR.4.0.0
2026-06-05 21:32:59,373 [WARN] PackLoader:240 - Cannot read IP mode file for emotas.I-CUBE-CANOPEN.1.3.0
2026-06-05 21:32:59,376 [WARN] PackLoader:240 - Cannot read IP mode file for STMicroelectronics.X-CUBE-GNSS1.7.1.0
2026-06-05 21:32:59,380 [WARN] ConditionMgr:438 - getConditionDescription Invalid condition id : Cortex-A Device cause : null
2026-06-05 21:32:59,390 [WARN] ConditionMgr:1044 - genDependencies : Invalid condition id : Cortex-A Device cause : null
2026-06-05 21:32:59,390 [WARN] ConditionMgr:1044 - genDependencies : Invalid condition id : Cortex-A Device cause : null
2026-06-05 21:32:59,390 [WARN] ConditionMgr:1044 - genDependencies : Invalid condition id : Cortex-A Device cause : null
2026-06-05 21:32:59,395 [WARN] PackLoader:240 - Cannot read IP mode file for STMicroelectronics.FP-SNS-STBOX1.2.1.0
2026-06-05 21:32:59,401 [WARN] PackLoader:240 - Cannot read IP mode file for STMicroelectronics.FP-SNS-SMARTAG2.1.2.0
2026-06-05 21:32:59,405 [WARN] PackLoader:240 - Cannot read IP mode file for STMicroelectronics.FP-SNS-FLIGHT1.5.1.0
2026-06-05 21:32:59,409 [INFO] LogOutputStream:77 - [STDOUT_REDIRECT] 1 : Invalid condition id : UX_CORESTACK_Condition cause : null
2026-06-05 21:32:59,411 [INFO] LogOutputStream:77 - [STDOUT_REDIRECT] 1 : Invalid condition id : UX_CORESTACK_Condition cause : null
2026-06-05 21:32:59,412 [INFO] LogOutputStream:77 - [STDOUT_REDIRECT] 1 : Invalid condition id : UX_CORESTACK_Condition cause : null
2026-06-05 21:32:59,413 [INFO] LogOutputStream:77 - [STDOUT_REDIRECT] 1 : Invalid condition id : UX_CORESTACK_Condition cause : null
2026-06-05 21:32:59,413 [INFO] LogOutputStream:77 - [STDOUT_REDIRECT] 1 : Invalid condition id : UX_CORESTACK_Condition cause : null
2026-06-05 21:32:59,415 [WARN] PackLoader:240 - Cannot read IP mode file for STMicroelectronics.X-CUBE-AZRTOS-WL.2.0.0
2026-06-05 21:32:59,418 [WARN] PackLoader:240 - Cannot read IP mode file for STMicroelectronics.FP-SNS-MOTENV1.5.0.0
2026-06-05 21:32:59,428 [WARN] PackLoader:240 - Cannot read IP mode file for STMicroelectronics.X-CUBE-AZRTOS-H7RS.1.2.0
2026-06-05 21:32:59,433 [WARN] PackLoader:240 - Cannot read IP mode file for WES.I-CUBE-Cesium.1.3.0
2026-06-05 21:32:59,436 [WARN] PackLoader:240 - Cannot read IP mode file for STMicroelectronics.X-CUBE-BLE2.3.3.0
2026-06-05 21:32:59,447 [WARN] PackLoader:240 - Cannot read IP mode file for STMicroelectronics.X-CUBE-NFC9.1.0.0
2026-06-05 21:32:59,451 [WARN] PackLoader:240 - Cannot read IP mode file for wolfSSL.I-CUBE-wolfSSL.5.8.0
2026-06-05 21:32:59,455 [WARN] PackLoader:240 - Cannot read IP mode file for STMicroelectronics.X-CUBE-BLE1.7.1.0
2026-06-05 21:32:59,457 [WARN] PackLoader:240 - Cannot read IP mode file for wolfSSL.I-CUBE-wolfMQTT.1.19.2
2026-06-05 21:32:59,460 [WARN] PackLoader:240 - Cannot read IP mode file for STMicroelectronics.X-CUBE-FREERTOS.1.4.0
2026-06-05 21:32:59,464 [WARN] PackLoader:240 - Cannot read IP mode file for STMicroelectronics.X-CUBE-EEPRMA1.5.2.0
2026-06-05 21:32:59,467 [INFO] WebApp:225 - Starting web application
2026-06-05 21:32:59,467 [INFO] WebApp:593 - Web application path used E:\STM32CubeIDE_1.19.0\STM32CubeIDE\plugins\com.st.stm32cube.common.mx_6.15.0.202507011659\db\plugins\mcufinder\reactClient1\index.html
2026-06-05 21:32:59,467 [WARN] PackLoader:240 - Cannot read IP mode file for STMicroelectronics.X-CUBE-AI.10.1.0
2026-06-05 21:32:59,476 [WARN] PackLoader:240 - Cannot read IP mode file for STMicroelectronics.FP-SNS-STAIOTCFT.1.1.0
2026-06-05 21:32:59,512 [WARN] PackLoader:240 - Cannot read IP mode file for STMicroelectronics.X-CUBE-MEMS1.12.0.0
2026-06-05 21:32:59,621 [WARN] PackLoader:240 - Cannot read IP mode file for STMicroelectronics.X-CUBE-AZRTOS-G0.1.1.0
2026-06-05 21:32:59,628 [WARN] PackLoader:240 - Cannot read IP mode file for STMicroelectronics.X-CUBE-SAFEA1.1.2.2
2026-06-05 21:32:59,631 [WARN] PackLoader:240 - Cannot read IP mode file for STMicroelectronics.X-CUBE-NFC4.3.0.0
2026-06-05 21:32:59,641 [WARN] PackLoader:240 - Cannot read IP mode file for EmbeddedOffice.I-CUBE-FS-RTOS.1.0.1
2026-06-05 21:32:59,646 [WARN] PackLoader:240 - Cannot read IP mode file for STMicroelectronics.X-CUBE-WB05N.2.0.0
2026-06-05 21:32:59,649 [WARN] PackLoader:240 - Cannot read IP mode file for wolfSSL.I-CUBE-wolfTPM.3.8.0
2026-06-05 21:32:59,653 [WARN] PackLoader:240 - Cannot read IP mode file for STMicroelectronics.X-CUBE-TCPP.4.2.0
2026-06-05 21:32:59,657 [WARN] PackLoader:240 - Cannot read IP mode file for RealThread.X-CUBE-RT-Thread_Nano.4.1.1
2026-06-05 21:32:59,661 [WARN] PackLoader:240 - Cannot read IP mode file for STMicroelectronics.FP-ATR-SIGFOX1.3.2.0
2026-06-05 21:32:59,665 [WARN] PackLoader:240 - Cannot read IP mode file for STMicroelectronics.X-CUBE-EEPRMA1.5.1.0
2026-06-05 21:32:59,669 [WARN] PackLoader:240 - Cannot read IP mode file for STMicroelectronics.X-CUBE-FREERTOS.1.5.0
2026-06-05 21:32:59,673 [WARN] PackLoader:240 - Cannot read IP mode file for ITTIA_DB.I-CUBE-ITTIADB.8.9.0
2026-06-05 21:32:59,679 [WARN] PackLoader:240 - Cannot read IP mode file for STMicroelectronics.X-CUBE-NFC6.3.2.0
2026-06-05 21:32:59,685 [WARN] PackLoader:240 - Cannot read IP mode file for STMicroelectronics.X-CUBE-ST67W61.1.0.0
2026-06-05 21:32:59,686 [INFO] WebApp:191 - Connection restablished
2026-06-05 21:32:59,687 [WARN] PackLoader:240 - Cannot read IP mode file for STMicroelectronics.X-CUBE-AI.10.2.0
2026-06-05 21:32:59,714 [WARN] PackLoader:240 - Cannot read IP mode file for STMicroelectronics.X-CUBE-MEMS1.12.1.0
2026-06-05 21:32:59,770 [WARN] PackLoader:240 - Cannot read IP mode file for SEGGER.I-CUBE-embOS.1.3.1
2026-06-05 21:32:59,787 [WARN] PackLoader:240 - Cannot read IP mode file for STMicroelectronics.X-CUBE-ALGOBUILD.1.4.0
2026-06-05 21:32:59,815 [WARN] PackLoader:240 - Cannot read IP mode file for STMicroelectronics.X-CUBE-MEMS1.11.3.0
2026-06-05 21:32:59,886 [WARN] PackLoader:240 - Cannot read IP mode file for STMicroelectronics.X-CUBE-PM33A1.1.0.0
2026-06-05 21:32:59,889 [INFO] UserAuth:487 - Internet connection configuration mode: 1
2026-06-05 21:32:59,899 [WARN] PackLoader:240 - Cannot read IP mode file for STMicroelectronics.X-CUBE-AZRTOS-F4.1.1.0
2026-06-05 21:32:59,904 [WARN] PackLoader:240 - Cannot read IP mode file for Avnet-IotConnect.X-CUBE-IoTC-DA16k-PMOD.1.0.0
2026-06-05 21:32:59,909 [WARN] PackLoader:240 - Cannot read IP mode file for STMicroelectronics.X-CUBE-ISPU.2.1.0
2026-06-05 21:32:59,914 [WARN] PackLoader:240 - Cannot read IP mode file for STMicroelectronics.eDS-WB_DPC_TT-BIDIR.2.1.1
2026-06-05 21:32:59,918 [WARN] PackLoader:240 - Cannot read IP mode file for STMicroelectronics.X-CUBE-NFC12.1.0.0
2026-06-05 21:32:59,930 [WARN] PackLoader:240 - Cannot read IP mode file for STMicroelectronics.X-CUBE-AZRTOS-L5.2.0.0
2026-06-05 21:32:59,937 [WARN] PackLoader:240 - Cannot read IP mode file for STMicroelectronics.X-CUBE-NFC6.3.1.0
2026-06-05 21:32:59,941 [WARN] PackLoader:240 - Cannot read IP mode file for STMicroelectronics.X-CUBE-ALGOBUILD.1.5.0
2026-06-05 21:32:59,946 [WARN] PackLoader:240 - Cannot read IP mode file for STMicroelectronics.eDS-WB_DPC_VIENNA.1.2.0
2026-06-05 21:32:59,949 [WARN] PackLoader:240 - Cannot read IP mode file for STMicroelectronics.eDS-WB_DPC_3PH2L-BIDIR.1.1.1
2026-06-05 21:32:59,951 [ERROR] Engine:466 - C:\Users\Josh\.stm32cubemx\thirdparties\pdsc\STMicroelectronics.X-CUBE-ST67W61.1.3.0.pdsc: PDSC version is not supported
2026-06-05 21:32:59,955 [WARN] PackLoader:240 - Cannot read IP mode file for STMicroelectronics.X-CUBE-FREERTOS.1.3.1
2026-06-05 21:32:59,960 [WARN] PackLoader:240 - Cannot read IP mode file for STMicroelectronics.X-CUBE-TOUCHGFX.4.26.0
2026-06-05 21:32:59,962 [WARN] PackLoader:240 - Cannot read IP mode file for STMicroelectronics.X-CUBE-TOUCHGFX.4.26.1
2026-06-05 21:32:59,967 [WARN] PackLoader:240 - Cannot read IP mode file for STMicroelectronics.FP-SNS-STAIOTCFT.1.0.0
2026-06-05 21:32:59,972 [WARN] PackLoader:240 - Cannot read IP mode file for STMicroelectronics.X-CUBE-DPower.1.3.0
2026-06-05 21:32:59,984 [WARN] ConditionMgr:438 - getConditionDescription Invalid condition id : LAN8742 Phy interface Condition cause : null
2026-06-05 21:32:59,984 [WARN] PackLoader:240 - Cannot read IP mode file for STMicroelectronics.X-CUBE-AZRTOS-L4.2.0.0
2026-06-05 21:32:59,985 [WARN] ConditionMgr:1044 - genDependencies : Invalid condition id : LAN8742 Phy interface Condition cause : null
2026-06-05 21:32:59,985 [WARN] ConditionMgr:1044 - genDependencies : Invalid condition id : LAN8742 Phy interface Condition cause : null
2026-06-05 21:32:59,985 [WARN] ConditionMgr:1044 - genDependencies : Invalid condition id : LAN8742 Phy interface Condition cause : null
2026-06-05 21:32:59,989 [WARN] PackLoader:240 - Cannot read IP mode file for STMicroelectronics.X-CUBE-SFXS2LP1.4.0.0
2026-06-05 21:32:59,994 [WARN] PackLoader:240 - Cannot read IP mode file for STMicroelectronics.X-CUBE-WB05N.2.1.0
2026-06-05 21:32:59,997 [WARN] PackLoader:240 - Cannot read IP mode file for STMicroelectronics.X-CUBE-ST67W61.1.2.0
2026-06-05 21:33:00,008 [WARN] PackLoader:240 - Cannot read IP mode file for STMicroelectronics.X-CUBE-BLEMGR.4.1.0
2026-06-05 21:33:00,020 [WARN] ConditionMgr:438 - getConditionDescription Invalid condition id : UX DEVICE CLASS RTOS Condition cause : null
2026-06-05 21:33:00,020 [WARN] ConditionMgr:438 - getConditionDescription Invalid condition id : UX DEVICE CLASS RTOS Condition cause : null
2026-06-05 21:33:00,021 [WARN] PackLoader:240 - Cannot read IP mode file for STMicroelectronics.X-CUBE-AZRTOS-WB.2.0.0
2026-06-05 21:33:00,023 [WARN] ConditionMgr:1044 - genDependencies : Invalid condition id : UX DEVICE CLASS RTOS Condition cause : null
2026-06-05 21:33:00,023 [WARN] ConditionMgr:1044 - genDependencies : Invalid condition id : UX DEVICE CLASS RTOS Condition cause : null
2026-06-05 21:33:00,023 [WARN] ConditionMgr:1044 - genDependencies : Invalid condition id : UX DEVICE CLASS RTOS Condition cause : null
2026-06-05 21:33:00,024 [WARN] ConditionMgr:1044 - genDependencies : Invalid condition id : UX DEVICE CLASS RTOS Condition cause : null
2026-06-05 21:33:00,024 [WARN] ConditionMgr:1044 - genDependencies : Invalid condition id : UX DEVICE CLASS RTOS Condition cause : null
2026-06-05 21:33:00,028 [WARN] PackLoader:240 - Cannot read IP mode file for STMicroelectronics.X-CUBE-GNSS1.7.0.1
2026-06-05 21:33:00,031 [WARN] PackLoader:240 - Cannot read IP mode file for STMicroelectronics.X-CUBE-TOUCHGFX.4.25.0
2026-06-05 21:33:00,036 [WARN] PackLoader:240 - Cannot read IP mode file for STMicroelectronics.FP-SNS-STBOX1.2.0.0
2026-06-05 21:33:00,043 [WARN] PackLoader:240 - Cannot read IP mode file for STMicroelectronics.X-CUBE-STSE01.2.0.0
2026-06-05 21:33:00,051 [WARN] PackLoader:240 - Cannot read IP mode file for STMicroelectronics.X-CUBE-SUBG2.5.0.0
2026-06-05 21:33:00,074 [WARN] PackLoader:240 - Cannot read IP mode file for STMicroelectronics.X-CUBE-AZRTOS-H7RS.1.1.0
2026-06-05 21:33:00,080 [WARN] PackLoader:240 - Cannot read IP mode file for Cesanta.I-CUBE-Mongoose.7.13.0
2026-06-05 21:33:00,090 [WARN] PackLoader:240 - Cannot read IP mode file for STMicroelectronics.X-CUBE-AZRTOS-G4.2.0.0
2026-06-05 21:33:00,095 [WARN] PackLoader:240 - Cannot read IP mode file for wolfSSL.I-CUBE-wolfSSH.1.4.20
2026-06-05 21:33:00,100 [WARN] PackLoader:240 - Cannot read IP mode file for STMicroelectronics.X-CUBE-NFC7.2.0.0
2026-06-05 21:33:00,109 [WARN] PackLoader:240 - Cannot read IP mode file for STMicroelectronics.X-CUBE-IPS.3.1.0
2026-06-05 21:33:00,116 [WARN] PackLoader:240 - Cannot read IP mode file for STMicroelectronics.X-CUBE-ALS.1.0.2
2026-06-05 21:33:00,120 [WARN] PackLoader:240 - Cannot read IP mode file for STMicroelectronics.X-CUBE-STSE01.1.0.0
2026-06-05 21:33:00,126 [WARN] PackLoader:240 - Cannot read IP mode file for portGmbH.I-Cube-SoM-uGOAL.1.1.0
2026-06-05 21:33:00,135 [WARN] PackLoader:240 - Cannot read IP mode file for STMicroelectronics.X-CUBE-TOF1.3.4.3
2026-06-05 21:33:00,141 [INFO] ThirdParty:978 - Integrity check success = true
2026-06-05 21:33:00,141 [INFO] IntegrityCheckThread:100 - exiting critical section [integrity check]
2026-06-05 21:33:00,141 [INFO] IntegrityCheckThread:103 - End integrity checks thread
2026-06-05 21:34:22,250 [INFO] McuFinderGlobals:63 - Set McuFinder mode to 2 (CubeIDE integrated)
2026-06-05 21:34:22,253 [INFO] MainUpdater:2872 - connection check result : 10
2026-06-05 21:34:22,257 [INFO] McuFinderGlobals:76 - Set McuFinderConnectedMode to true
2026-06-05 21:34:22,869 [INFO] ServerAccessManage:452 - Complete download http(s) 200
2026-06-05 21:34:22,869 [INFO] ServerAccessManage:509 - Download File mcusAds.json._tmp_
2026-06-05 21:34:22,979 [INFO] LoadUrlFilesThread:156 - End of LoadUrlFiles Thread
2026-06-05 21:34:24,562 [INFO] ServerAccessManage:452 - Complete download http(s) 200
2026-06-05 21:34:24,562 [INFO] ServerAccessManage:509 - Download File cube-finder-db.zip
2026-06-05 21:34:34,225 [INFO] FileExtend:248 - Unzip File : cube-finder-db.zip
2026-06-05 21:34:34,225 [INFO] FileExtend:263 - Standard Zip Deflate
2026-06-05 21:34:34,999 [INFO] LoadUrlFilesThread:156 - End of LoadUrlFiles Thread
2026-06-05 21:34:36,281 [INFO] ServerAccessManage:452 - Complete download http(s) 200
2026-06-05 21:34:36,282 [INFO] ServerAccessManage:509 - Download File crdb.zip
2026-06-05 21:34:37,704 [INFO] FileExtend:248 - Unzip File : crdb.zip
2026-06-05 21:34:37,704 [INFO] FileExtend:263 - Standard Zip Deflate
2026-06-05 21:34:37,822 [INFO] LoadUrlFilesThread:156 - End of LoadUrlFiles Thread
2026-06-05 21:34:39,688 [INFO] ServerAccessManage:452 - Complete download http(s) 200
2026-06-05 21:34:39,688 [INFO] ServerAccessManage:509 - Download File tutoVideoDB.zip
2026-06-05 21:34:39,721 [INFO] FileExtend:248 - Unzip File : tutoVideoDB.zip
2026-06-05 21:34:39,721 [INFO] FileExtend:263 - Standard Zip Deflate
2026-06-05 21:34:39,829 [INFO] LoadUrlFilesThread:156 - End of LoadUrlFiles Thread
2026-06-05 21:34:39,831 [WARN] DbFile:41 - Overriding database path with different value: C:\Users\Josh\.stmcufinder\plugins\mcufinder/ => C:\Users\Josh\.stmcufinder\plugins\mcufinder
2026-06-05 21:34:40,829 [ERROR] ServerAccessManage:1212 - Problem, file not found on Server
2026-06-05 21:34:40,830 [ERROR] ServerAccessManage:740 - Problem, file not found on Server : api_config.json.
2026-06-05 21:34:46,027 [INFO] LoadUrlFilesThread:156 - End of LoadUrlFiles Thread
2026-06-05 21:34:47,043 [INFO] DbMcusAds:53 - JSON generation date=Fri May 29 02:08:17 AEST 2026 (1779984497073)
2026-06-05 21:34:47,062 [ERROR] TargetSelectorAdapter:267 - Unable to refresh data
2026-06-05 21:34:47,249 [INFO] ApiDb:581 - Connected to CubeFinder SQLite database (C:\Users\Josh\.stmcufinder\plugins\mcufinder\mcu\cube-finder-db.db)
2026-06-05 21:34:47,300 [INFO] ApiDb:668 - CubeFinder database Data Model version=2.1
2026-06-05 21:34:47,300 [INFO] ApiDb:669 - CubeFinder database Configuration version=3.0.42
2026-06-05 21:34:47,300 [INFO] ApiDb:670 - CubeFinder database generation date=2026-05-14 (1778746352)
2026-06-05 21:34:47,301 [INFO] ApiDb:671 - CubeFinder database FW Pack versions=[FP-ATR-ASTRA1_V2.0.0, FP-SNS-FLIGHT1_V5.1.0, FP-SNS-MOTENV1_V5.1.0, FP-SNS-MOTENVWB1_V1.5.0, FP-SNS-SMARTAG2_V1.2.0, FP-SNS-STBOX1_V2.1.0, STM32Cube_FW_C0_V1.4.0, STM32Cube_FW_F4_V1.28.3, STM32Cube_FW_F7_V1.17.4, STM32Cube_FW_G0_V1.6.3, STM32Cube_FW_G4_V1.6.2, STM32Cube_FW_H5_V1.6.0, STM32Cube_FW_H7RS_V1.3.0, STM32Cube_FW_H7_V1.13.0, STM32Cube_FW_L0_V1.12.2, STM32Cube_FW_L4_V1.18.2, STM32Cube_FW_L5_V1.6.0, STM32Cube_FW_N6_V1.3.0, STM32Cube_FW_U0_V1.3.0, STM32Cube_FW_U3_V1.3.0, STM32Cube_FW_U5_V1.8.0, STM32Cube_FW_WB0_V1.4.0, STM32Cube_FW_WBA_V1.9.0, STM32Cube_FW_WB_V1.24.0, STM32Cube_FW_WL3_V1.4.0, STM32Cube_FW_WL_V1.5.0, X-CUBE-ALGOBUILD_V1.4.0, X-CUBE-ALS_V1.0.2, X-CUBE-AZRTOS-F4_V1.1.0, X-CUBE-AZRTOS-F7_V1.1.0, X-CUBE-AZRTOS-G0_V1.1.0, X-CUBE-AZRTOS-G4_V2.0.0, X-CUBE-AZRTOS-H7RS_V1.1.0, X-CUBE-AZRTOS-H7_V3.5.0, X-CUBE-AZRTOS-L4_V2.0.0, X-CUBE-AZRTOS-L5_V2.0.0, X-CUBE-AZRTOS-WB_V2.0.0, X-CUBE-AZRTOS-WL_V2.0.0, X-CUBE-BLE1_V7.1.0, X-CUBE-BLE2_V3.3.0, X-CUBE-BLEMGR_V4.1.0, X-CUBE-EEPRMA1_V5.2.0, X-CUBE-FREERTOS_V1.5.0, X-CUBE-GNSS1_V7.1.1, X-CUBE-MEMS1_V12.1.0, X-CUBE-NFC4_V3.0.0, X-CUBE-NFC7_V2.0.0, X-CUBE-SFXS2LP1_V4.0.0, X-CUBE-ST67W61_V1.3.0, X-CUBE-SUBG2_V5.0.0, X-CUBE-TOF1_V3.4.3]
2026-06-05 21:34:49,014 [INFO] ApiDb:240 - Found 880 in-development CPN: [B-G473E-ZEST1S, B-WB1M-WPAN1, B-WBA5M-WPAN, B-WL5M-SUBG1, NUCLEO-C031C6, NUCLEO-C051C8, NUCLEO-C071RB, NUCLEO-C092RC, NUCLEO-H503RB, NUCLEO-H533RE, NUCLEO-H563ZI, NUCLEO-H7S3L8, NUCLEO-N657X0-Q, NUCLEO-U031R8, NUCLEO-U083RC, NUCLEO-U385RG-Q, NUCLEO-U545RE-Q, NUCLEO-U5A5ZJ-Q, NUCLEO-WB05KZ, NUCLEO-WB07CC, NUCLEO-WB09KE, NUCLEO-WBA52CG, NUCLEO-WBA55CG, NUCLEO-WL33CC1, NUCLEO-WL33CC2, STEVAL-PROTEUS1, STEVAL-SMARTAG2, STEVAL-STWINBX1, STM320518-EVAL, STM32C0116-DK, STM32C011D6Y3TR, STM32C011D6Y6TR, STM32C011F4P3, STM32C011F4P6, STM32C011F4U3, STM32C011F4U6TR, STM32C011F6P3, STM32C011F6P6, STM32C011F6U3, STM32C011F6U6TR, STM32C011J4M3, STM32C011J4M6, STM32C011J6M3, STM32C011J6M6, STM32C0316-DK, STM32C031C4T3, STM32C031C4T6, STM32C031C4U3, STM32C031C4U6, STM32C031C6T3, STM32C031C6T6, STM32C031C6U3, STM32C031C6U6, STM32C031F4P3, STM32C031F4P6, STM32C031F6P3, STM32C031F6P6, STM32C031G4U3, STM32C031G4U6, STM32C031G6U3, STM32C031G6U6, STM32C031K4T3, STM32C031K4T6, STM32C031K4U3, STM32C031K4U6, STM32C031K6T3, STM32C031K6T6, STM32C031K6U3, STM32C031K6U6, STM32C051C6T6, STM32C051C6U6, STM32C051C8T6, STM32C051C8U6, STM32C051D8Y6TR, STM32C051F6P6, STM32C051F8P6, STM32C051G6U6, STM32C051G8U6, STM32C051K6T6, STM32C051K6U6, STM32C051K8T6, STM32C071C8T6, STM32C071C8T6N, STM32C071C8U6, STM32C071C8U6N, STM32C071CBT6, STM32C071CBT6N, STM32C071CBU6, STM32C071CBU6N, STM32C071F8P6, STM32C071F8P6N, STM32C071FBP6, STM32C071FBP6N, STM32C071FBY6TR, STM32C071G8U6, STM32C071G8U6N, STM32C071GBU6, STM32C071GBU6N, STM32C071K8T6, STM32C071K8T6N, STM32C071K8U6, STM32C071K8U6N, STM32C071KBT6, STM32C071KBT6N, STM32C071KBU6, STM32C071KBU6N, STM32C071R8T6, STM32C071R8T6N, STM32C071RBI6N, STM32C071RBT6, STM32C071RBT6N, STM32C091CBT6, STM32C091CBU6, STM32C091CCT6, STM32C091CCU6, STM32C091ECY6TR, STM32C091FBP6, STM32C091FCP6, STM32C091GBU6, STM32C091GCU6, STM32C091KBT6, STM32C091KBU6, STM32C091KCT6, STM32C091KCU6, STM32C091RBT6, STM32C091RCI6, STM32C091RCT6, STM32C092CBT6, STM32C092CBU6, STM32C092CCT6, STM32C092CCU6, STM32C092ECY6TR, STM32C092FBP6, STM32C092FCP6, STM32C092GBU6, STM32C092GCU6, STM32C092KBT6, STM32C092KBU6, STM32C092KCT6, STM32C092KCU6, STM32C092RBT6, STM32C092RCI6, STM32C092RCT6, STM32G071K8TXN, STM32G071K8UXN, STM32G081GBU6N, STM32G081KBT6N, STM32G081KBUXN, STM32G0B1CCT6N, STM32G0B1KCT6, STM32G0B1NEY6TR, STM32G0B1RCT6N, STM32G0C1CCT6, STM32G0C1CCT6N, STM32G0C1CCU6N, STM32G0C1CET6N, STM32G0C1CEU6N, STM32G0C1KCT6, STM32G0C1NEY6TR, STM32G0C1RCI6N, STM32G0C1RCT6N, STM32G0C1REI6N, STM32G0C1RET6N, STM32G0C1VCI6, STM32G0C1VEI6, STM32G411C6T3, STM32G411C6T6, STM32G411C6U3, STM32G411C6U6, STM32G411C8T3, STM32G411C8T6, STM32G411C8U3, STM32G411C8U6, STM32G411CBT3, STM32G411CBT6, STM32G411CBU3, STM32G411CBU6, STM32G411K6T3, STM32G411K6T6, STM32G411K6U3, STM32G411K6U6, STM32G411K8T3, STM32G411K8T6, STM32G411K8U3, STM32G411K8U6, STM32G411KBT3, STM32G411KBT6, STM32G411KBU3, STM32G411KBU6, STM32G411M6T3, STM32G411M6T6, STM32G411M8T3, STM32G411M8T6, STM32G411MBT3, STM32G411MBT6, STM32G411R6T3, STM32G411R6T6, STM32G411R8T3, STM32G411R8T6, STM32G411RBT3, STM32G411RBT6, STM32G414CBT3, STM32G414CBT6, STM32G414CBU3, STM32G414CBU6, STM32G414CCT3, STM32G414CCT6, STM32G414CCU3, STM32G414CCU6, STM32G414MBT3, STM32G414MBT6, STM32G414MCT3, STM32G414MCT6, STM32G414RBT3, STM32G414RBT6, STM32G414RCT3, STM32G414RCT6, STM32G414VBT3, STM32G414VBT6, STM32G414VCT3, STM32G414VCT6, STM32G431CBT3Z, STM32G431RBT3Z, STM32G471CCT6, STM32G471CCU6, STM32G471CET3, STM32G471CET6, STM32G471CEU3, STM32G471CEU6, STM32G471MCT6, STM32G471MET3, STM32G471MET6, STM32G471MEY6TR, STM32G471QCT6, STM32G471QET3, STM32G471RCT6, STM32G471RET3, STM32G471RET6, STM32G471VCH6, STM32G471VCI6, STM32G471VCT6, STM32G471VEH3, STM32G471VEH6, STM32G471VEI3, STM32G471VEI6, STM32G471VET3, STM32G471VET6, STM32G473QET3Z, STM32G473RET3Z, STM32G474CCT6, STM32G491RET3Z, STM32H503CBT6, STM32H503CBU6, STM32H503EBY6TR, STM32H503KBU6, STM32H503RBT6, STM32H523CCT6, STM32H523CCU6, STM32H523CET6, STM32H523CEU6, STM32H523HEY6TR, STM32H523RCT6, STM32H523RET6, STM32H523VCI6, STM32H523VCT6, STM32H523VEI6, STM32H523VET6, STM32H523ZCJ6, STM32H523ZCT6, STM32H523ZEJ6, STM32H523ZET6, STM32H533CET6, STM32H533CEU6, STM32H533HEY6TR, STM32H533RET6, STM32H533VEI6, STM32H533VET6, STM32H533ZEJ6, STM32H533ZET6, STM32H562AGI6, STM32H562AII6, STM32H562IGK6, STM32H562IGT6, STM32H562IIK6, STM32H562IIT6, STM32H562RGT6, STM32H562RGV6, STM32H562RIT6, STM32H562RIV6, STM32H562VGT6, STM32H562VIT6, STM32H562ZGT6, STM32H562ZIT6, STM32H563AGI6, STM32H563AII3Q, STM32H563AII6, STM32H563IGK6, STM32H563IGT6, STM32H563IIK3Q, STM32H563IIK6, STM32H563IIT3Q, STM32H563IIT6, STM32H563MIY3QTR, STM32H563RGT6, STM32H563RGV6, STM32H563RIT6, STM32H563RIV6, STM32H563VGT6, STM32H563VIT3Q, STM32H563VIT6, STM32H563ZGT6, STM32H563ZIT3Q, STM32H563ZIT6, STM32H573AII3Q, STM32H573AII6, STM32H573I-DK, STM32H573IIK3Q, STM32H573IIK6, STM32H573IIT3Q, STM32H573IIT6, STM32H573MIY3QTR, STM32H573RIT6, STM32H573RIV6, STM32H573VIT3Q, STM32H573VIT6, STM32H573ZIT3Q, STM32H573ZIT6, STM32H7R3A8I6, STM32H7R3I8K6, STM32H7R3I8T6, STM32H7R3L8H6, STM32H7R3L8H6H, STM32H7R3R8V6, STM32H7R3V8H6, STM32H7R3V8T6, STM32H7R3V8Y6TR, STM32H7R3Z8J6, STM32H7R3Z8T6, STM32H7R7A8I6, STM32H7R7I8K6, STM32H7R7I8T6, STM32H7R7L8H6, STM32H7R7L8H6H, STM32H7R7Z8J6, STM32H7S3A8I6, STM32H7S3I8K6, STM32H7S3I8T6, STM32H7S3L8H6, STM32H7S3L8H6H, STM32H7S3R8V6, STM32H7S3V8H6, STM32H7S3V8T6, STM32H7S3V8Y6TR, STM32H7S3Z8J6, STM32H7S3Z8T6, STM32H7S78-DK, STM32H7S7A8I6, STM32H7S7I8K6, STM32H7S7I8T6, STM32H7S7L8H6, STM32H7S7L8H6H, STM32H7S7Z8J6, STM32L4R5QGI6STR, STM32MP131AAE3, STM32MP131AAF3, STM32MP131AAG3, STM32MP131CAE3, STM32MP131CAF3, STM32MP131CAG3, STM32MP131DAE7, STM32MP131DAF7, STM32MP131DAG7, STM32MP131FAE7, STM32MP131FAF7, STM32MP131FAG7, STM32MP133AAE3, STM32MP133AAF3, STM32MP133AAG3, STM32MP133CAE3, STM32MP133CAF3, STM32MP133CAG3, STM32MP133DAE7, STM32MP133DAF7, STM32MP133DAG7, STM32MP133FAE7, STM32MP133FAF7, STM32MP133FAG7, STM32MP135AAE3, STM32MP135AAF3, STM32MP135AAG3, STM32MP135CAE3, STM32MP135CAF3, STM32MP135CAG3, STM32MP135DAE7, STM32MP135DAF7, STM32MP135DAG7, STM32MP135F-DK, STM32MP135FAE7, STM32MP135FAF7, STM32MP135FAF7T, STM32MP135FAF7U, STM32MP135FAG7, STM32MP211AAL3, STM32MP211AAM3, STM32MP211AAN3, STM32MP211AAO3, STM32MP211CAL3, STM32MP211CAM3, STM32MP211CAN3, STM32MP211CAO3, STM32MP211DAL3, STM32MP211DAM3, STM32MP211DAN3, STM32MP211DAO3, STM32MP211FAL3, STM32MP211FAM3, STM32MP211FAN3, STM32MP211FAO3, STM32MP213AAL3, STM32MP213AAM3, STM32MP213AAN3, STM32MP213AAO3, STM32MP213CAL3, STM32MP213CAM3, STM32MP213CAN3, STM32MP213CAO3, STM32MP213DAL3, STM32MP213DAM3, STM32MP213DAN3, STM32MP213DAO3, STM32MP213FAL3, STM32MP213FAM3, STM32MP213FAN3, STM32MP213FAO3, STM32MP215AAL3, STM32MP215AAM3, STM32MP215AAN3, STM32MP215AAO3, STM32MP215CAL3, STM32MP215CAM3, STM32MP215CAN3, STM32MP215CAO3, STM32MP215DAL3, STM32MP215DAM3, STM32MP215DAN3, STM32MP215DAO3, STM32MP215F-DK, STM32MP215FAL3, STM32MP215FAM3, STM32MP215FAN3, STM32MP215FAO3, STM32MP231AAJ3, STM32MP231AAK3, STM32MP231AAL3, STM32MP231CAJ3, STM32MP231CAK3, STM32MP231CAL3, STM32MP231DAJ3, STM32MP231DAK3, STM32MP231DAL3, STM32MP231FAJ3, STM32MP231FAK3, STM32MP231FAL3, STM32MP233AAJ3, STM32MP233AAK3, STM32MP233AAL3, STM32MP233CAJ3, STM32MP233CAK3, STM32MP233CAL3, STM32MP233DAJ3, STM32MP233DAK3, STM32MP233DAL3, STM32MP233FAJ3, STM32MP233FAK3, STM32MP233FAL3, STM32MP235AAJ3, STM32MP235AAK3, STM32MP235AAL3, STM32MP235CAJ3, STM32MP235CAK3, STM32MP235CAL3, STM32MP235DAJ3, STM32MP235DAK3, STM32MP235DAL3, STM32MP235FAJ3, STM32MP235FAK3, STM32MP235FAL3, STM32MP251AAI3, STM32MP251AAK3, STM32MP251AAL3, STM32MP251CAI3, STM32MP251CAK3, STM32MP251CAL3, STM32MP251DAI3, STM32MP251DAK3, STM32MP251DAL3, STM32MP251FAI3, STM32MP251FAK3, STM32MP251FAL3, STM32MP253AAI3, STM32MP253AAK3, STM32MP253AAL3, STM32MP253CAI3, STM32MP253CAK3, STM32MP253CAL3, STM32MP253DAI3, STM32MP253DAK3, STM32MP253DAL3, STM32MP253FAI3, STM32MP253FAK3, STM32MP253FAL3, STM32MP255AAI3, STM32MP255AAK3, STM32MP255AAL3, STM32MP255CAI3, STM32MP255CAK3, STM32MP255CAL3, STM32MP255DAI3, STM32MP255DAK3, STM32MP255DAL3, STM32MP255FAI3, STM32MP255FAK3, STM32MP255FAL3, STM32MP257AAI3, STM32MP257AAK3, STM32MP257AAL3, STM32MP257CAI3, STM32MP257CAK3, STM32MP257CAL3, STM32MP257DAI3, STM32MP257DAK3, STM32MP257DAL3, STM32MP257F-DK, STM32MP257F-EV1, STM32MP257FAI3, STM32MP257FAK3, STM32MP257FAL3, STM32N645A0H3Q, STM32N645B0H3Q, STM32N645I0H3Q, STM32N645L0H3Q, STM32N645X0H3Q, STM32N645Z0H3Q, STM32N647A0H3Q, STM32N647B0H3Q, STM32N647I0H3Q, STM32N647L0H3Q, STM32N647X0H3Q, STM32N647Z0H3Q, STM32N655A0H3Q, STM32N655B0H3Q, STM32N655I0H3Q, STM32N655L0H3Q, STM32N655X0H3Q, STM32N655Z0H3Q, STM32N6570-DK, STM32N657A0H3Q, STM32N657B0H3Q, STM32N657I0H3Q, STM32N657L0H3Q, STM32N657X0H3Q, STM32N657Z0H3Q, STM32U031C6T6, STM32U031C6U6, STM32U031C8T6, STM32U031C8U6, STM32U031F4P6, STM32U031F6P6, STM32U031F8P6, STM32U031G6Y6TR, STM32U031G8Y6TR, STM32U031K4U6, STM32U031K6U6, STM32U031K8U6, STM32U031R6I6, STM32U031R6T6, STM32U031R8I6, STM32U031R8T6, STM32U073C8T6, STM32U073C8U6, STM32U073CBT6, STM32U073CBU6, STM32U073CCT6, STM32U073CCU6, STM32U073H8Y6TR, STM32U073HBY6TR, STM32U073HCY6TR, STM32U073K8U6, STM32U073KBU6, STM32U073KCU6, STM32U073M8I6, STM32U073M8T6, STM32U073MBI6, STM32U073MBT6, STM32U073MCI6, STM32U073MCT6, STM32U073R8I6, STM32U073R8T6, STM32U073RBI6, STM32U073RBT6, STM32U073RCI6, STM32U073RCT6, STM32U083C-DK, STM32U083CCT6, STM32U083CCU6, STM32U083HCY6TR, STM32U083KCU6, STM32U083MCI6, STM32U083MCT6, STM32U083RCI6, STM32U083RCT6, STM32U375CET6, STM32U375CET6Q, STM32U375CEU6, STM32U375CEU6Q, STM32U375CEY6QTR, STM32U375CGT6, STM32U375CGT6Q, STM32U375CGU6, STM32U375CGU6Q, STM32U375CGY6QTR, STM32U375KEU6, STM32U375KGU6, STM32U375REI6, STM32U375REI6Q, STM32U375RET6, STM32U375RET6Q, STM32U375REY6GTR, STM32U375REY6QTR, STM32U375RGI6, STM32U375RGI6Q, STM32U375RGT6, STM32U375RGT6Q, STM32U375RGY6GTR, STM32U375RGY6QTR, STM32U375VEI6, STM32U375VEI6Q, STM32U375VET6, STM32U375VET6Q, STM32U375VGI6, STM32U375VGI6Q, STM32U375VGT6, STM32U375VGT6Q, STM32U385CGT6, STM32U385CGT6Q, STM32U385CGU6, STM32U385CGU6Q, STM32U385CGY6QTR, STM32U385KGU6, STM32U385RGI6, STM32U385RGI6Q, STM32U385RGT6, STM32U385RGT6Q, STM32U385RGY6GTR, STM32U385RGY6QTR, STM32U385VGI6, STM32U385VGI6Q, STM32U385VGT6, STM32U385VGT6Q, STM32U535CBT6, STM32U535CBT6Q, STM32U535CBU6, STM32U535CBU6Q, STM32U535CCT6, STM32U535CCT6Q, STM32U535CCU6, STM32U535CCU6Q, STM32U535CET6, STM32U535CET6Q, STM32U535CEU6, STM32U535CEU6Q, STM32U535JEY6QTR, STM32U535NCY6QTR, STM32U535NEY6QTR, STM32U535RBI6, STM32U535RBI6Q, STM32U535RBT6, STM32U535RBT6Q, STM32U535RCI6, STM32U535RCI6Q, STM32U535RCT6, STM32U535RCT6Q, STM32U535REI6, STM32U535REI6Q, STM32U535RET6, STM32U535RET6Q, STM32U535VCI6, STM32U535VCI6Q, STM32U535VCT6, STM32U535VCT6Q, STM32U535VEI6, STM32U535VEI6Q, STM32U535VET6, STM32U535VET6Q, STM32U545CET6, STM32U545CET6Q, STM32U545CEU6, STM32U545CEU6Q, STM32U545JEY6QTR, STM32U545NEY6QTR, STM32U545REI6, STM32U545REI6Q, STM32U545RET6, STM32U545RET6Q, STM32U545VEI6, STM32U545VEI6Q, STM32U545VET6, STM32U545VET6Q, STM32U595AIH6, STM32U595AIH6Q, STM32U595AJH6, STM32U595AJH6Q, STM32U595QII6, STM32U595QII6Q, STM32U595QJI6, STM32U595QJI6Q, STM32U595RIT6, STM32U595RIT6Q, STM32U595RJT6, STM32U595RJT6Q, STM32U595VIT6, STM32U595VIT6Q, STM32U595VJT6, STM32U595VJT6Q, STM32U595ZIT6, STM32U595ZIT6Q, STM32U595ZIY6QTR, STM32U595ZJT6, STM32U595ZJT6Q, STM32U595ZJY6QTR, STM32U599BJY6QTR, STM32U599NIH6Q, STM32U599NJH6Q, STM32U599VIT6Q, STM32U599VJT6, STM32U599VJT6Q, STM32U599ZIT6Q, STM32U599ZIY6QTR, STM32U599ZJT6Q, STM32U599ZJY6QTR, STM32U5A5AJH6, STM32U5A5AJH6Q, STM32U5A5QII3Q , STM32U5A5QJI6, STM32U5A5QJI6Q, STM32U5A5RJT6, STM32U5A5RJT6Q, STM32U5A5VJT6, STM32U5A5VJT6Q, STM32U5A5ZJT6, STM32U5A5ZJT6Q, STM32U5A5ZJY6QTR, STM32U5A9BJY6QTR, STM32U5A9J-DK, STM32U5A9NJH6Q, STM32U5A9VJT6Q, STM32U5A9ZJT6Q, STM32U5A9ZJY6QTR, STM32U5F7VIT6, STM32U5F7VIT6Q, STM32U5F7VJT6, STM32U5F7VJT6Q, STM32U5F9BJY6QTR, STM32U5F9NJH6Q, STM32U5F9VIT6Q, STM32U5F9VJT6Q, STM32U5F9ZIJ6QTR, STM32U5F9ZIT6Q, STM32U5F9ZJJ6QTR, STM32U5F9ZJT6Q, STM32U5G7VJT6, STM32U5G7VJT6Q, STM32U5G9BJY6QTR, STM32U5G9J-DK1, STM32U5G9J-DK2, STM32U5G9NJH6Q, STM32U5G9VJT6Q, STM32U5G9ZJJ6QTR, STM32U5G9ZJT6Q, STM32WB05KZV6TR, STM32WB05KZV7TR, STM32WB05TZF6TR, STM32WB05TZF7TR, STM32WB06CCF6TR, STM32WB06CCF7TR, STM32WB06CCV6TR, STM32WB06CCV7TR, STM32WB06KCV6TR, STM32WB06KCV7TR, STM32WB07CCF6TR, STM32WB07CCF7TR, STM32WB07CCV6TR, STM32WB07CCV7TR, STM32WB07KCV6TR, STM32WB07KCV7TR, STM32WB09KEV6TR, STM32WB09KEV7TR, STM32WB09TEF6TR, STM32WB09TEF7TR, STM32WB1MMCH6, STM32WBA50KGU6, STM32WBA50KGU6TR, STM32WBA52CEU6, STM32WBA52CEU6TR, STM32WBA52CEU7, STM32WBA52CEU7TR, STM32WBA52CGU6, STM32WBA52CGU6TR, STM32WBA52CGU6U, STM32WBA52CGU7, STM32WBA52CGU7TR, STM32WBA52KEU6, STM32WBA52KEU6TR, STM32WBA52KGU6, STM32WBA52KGU6TR, STM32WBA54CEU6, STM32WBA54CEU6TR, STM32WBA54CEU7, STM32WBA54CEU7TR, STM32WBA54CGU6, STM32WBA54CGU6TR, STM32WBA54CGU7, STM32WBA54CGU7TR, STM32WBA54KEU6, STM32WBA54KEU6TR, STM32WBA54KEU7, STM32WBA54KEU7TR, STM32WBA54KGU6, STM32WBA54KGU6TR, STM32WBA54KGU7, STM32WBA54KGU7TR, STM32WBA55CEU6, STM32WBA55CEU6TR, STM32WBA55CEU7, STM32WBA55CEU7TR, STM32WBA55CGU6, STM32WBA55CGU6TR, STM32WBA55CGU6U, STM32WBA55CGU7, STM32WBA55CGU7TR, STM32WBA55G-DK1, STM32WBA55HEF6, STM32WBA55HEF7, STM32WBA55HGF6, STM32WBA55HGF7, STM32WBA55UEI6, STM32WBA55UEI6TR, STM32WBA55UEI7, STM32WBA55UEI7TR, STM32WBA55UGI6, STM32WBA55UGI6TR, STM32WBA55UGI7, STM32WBA55UGI7TR, STM32WBA5MMGH6TR, STM32WBA62MGF6, STM32WBA62MIF6, STM32WBA65MGF7, STM32WBA65MIF6, STM32WBA65MIF7, STM32WL30K8V6, STM32WL30KBV6, STM32WL31C8V6, STM32WL31CBV6, STM32WL31K8V6, STM32WL31KBV6, STM32WL33C8V6, STM32WL33C8V6X, STM32WL33CBV6, STM32WL33CBV6X, STM32WL33CCV6, STM32WL33CCV6A, STM32WL33CCV6X, STM32WL33K8V7, STM32WL33K8V7X, STM32WL33KBV7 , STM32WL33KBV7X, STM32WL33KCV7, STM32WL33KCV7X, STM32WL5MOCH6, STM32WL5MOCH6TR]
2026-06-05 21:34:49,018 [INFO] DbMcus:218 - Found 5086 MCUs, 4968 are supported
2026-06-05 21:34:49,018 [INFO] ApiDb:423 - Load user favorites file C:\Users\Josh/.stm32cubeide/favorites.mcus.txt: 0 item(s)
2026-06-05 21:34:49,018 [INFO] ApiDb:427 - User favorites MCUs=[]
2026-06-05 21:34:49,019 [INFO] DbMcus:224 - Set 0 / 0 favorites MCUs
2026-06-05 21:34:49,330 [INFO] ApiDb:668 - CubeFinder database Data Model version=2.1
2026-06-05 21:34:49,330 [INFO] ApiDb:669 - CubeFinder database Configuration version=3.0.42
2026-06-05 21:34:49,330 [INFO] ApiDb:670 - CubeFinder database generation date=2026-05-14 (1778746352)
2026-06-05 21:34:49,330 [INFO] ApiDb:671 - CubeFinder database FW Pack versions=[FP-ATR-ASTRA1_V2.0.0, FP-SNS-FLIGHT1_V5.1.0, FP-SNS-MOTENV1_V5.1.0, FP-SNS-MOTENVWB1_V1.5.0, FP-SNS-SMARTAG2_V1.2.0, FP-SNS-STBOX1_V2.1.0, STM32Cube_FW_C0_V1.4.0, STM32Cube_FW_F4_V1.28.3, STM32Cube_FW_F7_V1.17.4, STM32Cube_FW_G0_V1.6.3, STM32Cube_FW_G4_V1.6.2, STM32Cube_FW_H5_V1.6.0, STM32Cube_FW_H7RS_V1.3.0, STM32Cube_FW_H7_V1.13.0, STM32Cube_FW_L0_V1.12.2, STM32Cube_FW_L4_V1.18.2, STM32Cube_FW_L5_V1.6.0, STM32Cube_FW_N6_V1.3.0, STM32Cube_FW_U0_V1.3.0, STM32Cube_FW_U3_V1.3.0, STM32Cube_FW_U5_V1.8.0, STM32Cube_FW_WB0_V1.4.0, STM32Cube_FW_WBA_V1.9.0, STM32Cube_FW_WB_V1.24.0, STM32Cube_FW_WL3_V1.4.0, STM32Cube_FW_WL_V1.5.0, X-CUBE-ALGOBUILD_V1.4.0, X-CUBE-ALS_V1.0.2, X-CUBE-AZRTOS-F4_V1.1.0, X-CUBE-AZRTOS-F7_V1.1.0, X-CUBE-AZRTOS-G0_V1.1.0, X-CUBE-AZRTOS-G4_V2.0.0, X-CUBE-AZRTOS-H7RS_V1.1.0, X-CUBE-AZRTOS-H7_V3.5.0, X-CUBE-AZRTOS-L4_V2.0.0, X-CUBE-AZRTOS-L5_V2.0.0, X-CUBE-AZRTOS-WB_V2.0.0, X-CUBE-AZRTOS-WL_V2.0.0, X-CUBE-BLE1_V7.1.0, X-CUBE-BLE2_V3.3.0, X-CUBE-BLEMGR_V4.1.0, X-CUBE-EEPRMA1_V5.2.0, X-CUBE-FREERTOS_V1.5.0, X-CUBE-GNSS1_V7.1.1, X-CUBE-MEMS1_V12.1.0, X-CUBE-NFC4_V3.0.0, X-CUBE-NFC7_V2.0.0, X-CUBE-SFXS2LP1_V4.0.0, X-CUBE-ST67W61_V1.3.0, X-CUBE-SUBG2_V5.0.0, X-CUBE-TOF1_V3.4.3]
2026-06-05 21:34:49,362 [INFO] DbBoardsSqlite:226 - include board P-NUCLEO-WB55-NUCLEO as a kit item of type 'Nucleo-64'
2026-06-05 21:34:49,362 [INFO] DbBoardsSqlite:226 - include board P-NUCLEO-WB55-USBDONGLE as a kit item of type 'Nucleo USB Dongle'
2026-06-05 21:34:49,362 [INFO] DbBoardsSqlite:226 - include board STEVAL-IDP005V1 as a kit item of type 'Evaluation Board'
2026-06-05 21:34:49,362 [INFO] DbBoardsSqlite:226 - include board STEVAL-IDP005V2 as a kit item of type 'Evaluation Board'
2026-06-05 21:34:49,406 [INFO] ApiDb:240 - Found 880 in-development CPN: [B-G473E-ZEST1S, B-WB1M-WPAN1, B-WBA5M-WPAN, B-WL5M-SUBG1, NUCLEO-C031C6, NUCLEO-C051C8, NUCLEO-C071RB, NUCLEO-C092RC, NUCLEO-H503RB, NUCLEO-H533RE, NUCLEO-H563ZI, NUCLEO-H7S3L8, NUCLEO-N657X0-Q, NUCLEO-U031R8, NUCLEO-U083RC, NUCLEO-U385RG-Q, NUCLEO-U545RE-Q, NUCLEO-U5A5ZJ-Q, NUCLEO-WB05KZ, NUCLEO-WB07CC, NUCLEO-WB09KE, NUCLEO-WBA52CG, NUCLEO-WBA55CG, NUCLEO-WL33CC1, NUCLEO-WL33CC2, STEVAL-PROTEUS1, STEVAL-SMARTAG2, STEVAL-STWINBX1, STM320518-EVAL, STM32C0116-DK, STM32C011D6Y3TR, STM32C011D6Y6TR, STM32C011F4P3, STM32C011F4P6, STM32C011F4U3, STM32C011F4U6TR, STM32C011F6P3, STM32C011F6P6, STM32C011F6U3, STM32C011F6U6TR, STM32C011J4M3, STM32C011J4M6, STM32C011J6M3, STM32C011J6M6, STM32C0316-DK, STM32C031C4T3, STM32C031C4T6, STM32C031C4U3, STM32C031C4U6, STM32C031C6T3, STM32C031C6T6, STM32C031C6U3, STM32C031C6U6, STM32C031F4P3, STM32C031F4P6, STM32C031F6P3, STM32C031F6P6, STM32C031G4U3, STM32C031G4U6, STM32C031G6U3, STM32C031G6U6, STM32C031K4T3, STM32C031K4T6, STM32C031K4U3, STM32C031K4U6, STM32C031K6T3, STM32C031K6T6, STM32C031K6U3, STM32C031K6U6, STM32C051C6T6, STM32C051C6U6, STM32C051C8T6, STM32C051C8U6, STM32C051D8Y6TR, STM32C051F6P6, STM32C051F8P6, STM32C051G6U6, STM32C051G8U6, STM32C051K6T6, STM32C051K6U6, STM32C051K8T6, STM32C071C8T6, STM32C071C8T6N, STM32C071C8U6, STM32C071C8U6N, STM32C071CBT6, STM32C071CBT6N, STM32C071CBU6, STM32C071CBU6N, STM32C071F8P6, STM32C071F8P6N, STM32C071FBP6, STM32C071FBP6N, STM32C071FBY6TR, STM32C071G8U6, STM32C071G8U6N, STM32C071GBU6, STM32C071GBU6N, STM32C071K8T6, STM32C071K8T6N, STM32C071K8U6, STM32C071K8U6N, STM32C071KBT6, STM32C071KBT6N, STM32C071KBU6, STM32C071KBU6N, STM32C071R8T6, STM32C071R8T6N, STM32C071RBI6N, STM32C071RBT6, STM32C071RBT6N, STM32C091CBT6, STM32C091CBU6, STM32C091CCT6, STM32C091CCU6, STM32C091ECY6TR, STM32C091FBP6, STM32C091FCP6, STM32C091GBU6, STM32C091GCU6, STM32C091KBT6, STM32C091KBU6, STM32C091KCT6, STM32C091KCU6, STM32C091RBT6, STM32C091RCI6, STM32C091RCT6, STM32C092CBT6, STM32C092CBU6, STM32C092CCT6, STM32C092CCU6, STM32C092ECY6TR, STM32C092FBP6, STM32C092FCP6, STM32C092GBU6, STM32C092GCU6, STM32C092KBT6, STM32C092KBU6, STM32C092KCT6, STM32C092KCU6, STM32C092RBT6, STM32C092RCI6, STM32C092RCT6, STM32G071K8TXN, STM32G071K8UXN, STM32G081GBU6N, STM32G081KBT6N, STM32G081KBUXN, STM32G0B1CCT6N, STM32G0B1KCT6, STM32G0B1NEY6TR, STM32G0B1RCT6N, STM32G0C1CCT6, STM32G0C1CCT6N, STM32G0C1CCU6N, STM32G0C1CET6N, STM32G0C1CEU6N, STM32G0C1KCT6, STM32G0C1NEY6TR, STM32G0C1RCI6N, STM32G0C1RCT6N, STM32G0C1REI6N, STM32G0C1RET6N, STM32G0C1VCI6, STM32G0C1VEI6, STM32G411C6T3, STM32G411C6T6, STM32G411C6U3, STM32G411C6U6, STM32G411C8T3, STM32G411C8T6, STM32G411C8U3, STM32G411C8U6, STM32G411CBT3, STM32G411CBT6, STM32G411CBU3, STM32G411CBU6, STM32G411K6T3, STM32G411K6T6, STM32G411K6U3, STM32G411K6U6, STM32G411K8T3, STM32G411K8T6, STM32G411K8U3, STM32G411K8U6, STM32G411KBT3, STM32G411KBT6, STM32G411KBU3, STM32G411KBU6, STM32G411M6T3, STM32G411M6T6, STM32G411M8T3, STM32G411M8T6, STM32G411MBT3, STM32G411MBT6, STM32G411R6T3, STM32G411R6T6, STM32G411R8T3, STM32G411R8T6, STM32G411RBT3, STM32G411RBT6, STM32G414CBT3, STM32G414CBT6, STM32G414CBU3, STM32G414CBU6, STM32G414CCT3, STM32G414CCT6, STM32G414CCU3, STM32G414CCU6, STM32G414MBT3, STM32G414MBT6, STM32G414MCT3, STM32G414MCT6, STM32G414RBT3, STM32G414RBT6, STM32G414RCT3, STM32G414RCT6, STM32G414VBT3, STM32G414VBT6, STM32G414VCT3, STM32G414VCT6, STM32G431CBT3Z, STM32G431RBT3Z, STM32G471CCT6, STM32G471CCU6, STM32G471CET3, STM32G471CET6, STM32G471CEU3, STM32G471CEU6, STM32G471MCT6, STM32G471MET3, STM32G471MET6, STM32G471MEY6TR, STM32G471QCT6, STM32G471QET3, STM32G471RCT6, STM32G471RET3, STM32G471RET6, STM32G471VCH6, STM32G471VCI6, STM32G471VCT6, STM32G471VEH3, STM32G471VEH6, STM32G471VEI3, STM32G471VEI6, STM32G471VET3, STM32G471VET6, STM32G473QET3Z, STM32G473RET3Z, STM32G474CCT6, STM32G491RET3Z, STM32H503CBT6, STM32H503CBU6, STM32H503EBY6TR, STM32H503KBU6, STM32H503RBT6, STM32H523CCT6, STM32H523CCU6, STM32H523CET6, STM32H523CEU6, STM32H523HEY6TR, STM32H523RCT6, STM32H523RET6, STM32H523VCI6, STM32H523VCT6, STM32H523VEI6, STM32H523VET6, STM32H523ZCJ6, STM32H523ZCT6, STM32H523ZEJ6, STM32H523ZET6, STM32H533CET6, STM32H533CEU6, STM32H533HEY6TR, STM32H533RET6, STM32H533VEI6, STM32H533VET6, STM32H533ZEJ6, STM32H533ZET6, STM32H562AGI6, STM32H562AII6, STM32H562IGK6, STM32H562IGT6, STM32H562IIK6, STM32H562IIT6, STM32H562RGT6, STM32H562RGV6, STM32H562RIT6, STM32H562RIV6, STM32H562VGT6, STM32H562VIT6, STM32H562ZGT6, STM32H562ZIT6, STM32H563AGI6, STM32H563AII3Q, STM32H563AII6, STM32H563IGK6, STM32H563IGT6, STM32H563IIK3Q, STM32H563IIK6, STM32H563IIT3Q, STM32H563IIT6, STM32H563MIY3QTR, STM32H563RGT6, STM32H563RGV6, STM32H563RIT6, STM32H563RIV6, STM32H563VGT6, STM32H563VIT3Q, STM32H563VIT6, STM32H563ZGT6, STM32H563ZIT3Q, STM32H563ZIT6, STM32H573AII3Q, STM32H573AII6, STM32H573I-DK, STM32H573IIK3Q, STM32H573IIK6, STM32H573IIT3Q, STM32H573IIT6, STM32H573MIY3QTR, STM32H573RIT6, STM32H573RIV6, STM32H573VIT3Q, STM32H573VIT6, STM32H573ZIT3Q, STM32H573ZIT6, STM32H7R3A8I6, STM32H7R3I8K6, STM32H7R3I8T6, STM32H7R3L8H6, STM32H7R3L8H6H, STM32H7R3R8V6, STM32H7R3V8H6, STM32H7R3V8T6, STM32H7R3V8Y6TR, STM32H7R3Z8J6, STM32H7R3Z8T6, STM32H7R7A8I6, STM32H7R7I8K6, STM32H7R7I8T6, STM32H7R7L8H6, STM32H7R7L8H6H, STM32H7R7Z8J6, STM32H7S3A8I6, STM32H7S3I8K6, STM32H7S3I8T6, STM32H7S3L8H6, STM32H7S3L8H6H, STM32H7S3R8V6, STM32H7S3V8H6, STM32H7S3V8T6, STM32H7S3V8Y6TR, STM32H7S3Z8J6, STM32H7S3Z8T6, STM32H7S78-DK, STM32H7S7A8I6, STM32H7S7I8K6, STM32H7S7I8T6, STM32H7S7L8H6, STM32H7S7L8H6H, STM32H7S7Z8J6, STM32L4R5QGI6STR, STM32MP131AAE3, STM32MP131AAF3, STM32MP131AAG3, STM32MP131CAE3, STM32MP131CAF3, STM32MP131CAG3, STM32MP131DAE7, STM32MP131DAF7, STM32MP131DAG7, STM32MP131FAE7, STM32MP131FAF7, STM32MP131FAG7, STM32MP133AAE3, STM32MP133AAF3, STM32MP133AAG3, STM32MP133CAE3, STM32MP133CAF3, STM32MP133CAG3, STM32MP133DAE7, STM32MP133DAF7, STM32MP133DAG7, STM32MP133FAE7, STM32MP133FAF7, STM32MP133FAG7, STM32MP135AAE3, STM32MP135AAF3, STM32MP135AAG3, STM32MP135CAE3, STM32MP135CAF3, STM32MP135CAG3, STM32MP135DAE7, STM32MP135DAF7, STM32MP135DAG7, STM32MP135F-DK, STM32MP135FAE7, STM32MP135FAF7, STM32MP135FAF7T, STM32MP135FAF7U, STM32MP135FAG7, STM32MP211AAL3, STM32MP211AAM3, STM32MP211AAN3, STM32MP211AAO3, STM32MP211CAL3, STM32MP211CAM3, STM32MP211CAN3, STM32MP211CAO3, STM32MP211DAL3, STM32MP211DAM3, STM32MP211DAN3, STM32MP211DAO3, STM32MP211FAL3, STM32MP211FAM3, STM32MP211FAN3, STM32MP211FAO3, STM32MP213AAL3, STM32MP213AAM3, STM32MP213AAN3, STM32MP213AAO3, STM32MP213CAL3, STM32MP213CAM3, STM32MP213CAN3, STM32MP213CAO3, STM32MP213DAL3, STM32MP213DAM3, STM32MP213DAN3, STM32MP213DAO3, STM32MP213FAL3, STM32MP213FAM3, STM32MP213FAN3, STM32MP213FAO3, STM32MP215AAL3, STM32MP215AAM3, STM32MP215AAN3, STM32MP215AAO3, STM32MP215CAL3, STM32MP215CAM3, STM32MP215CAN3, STM32MP215CAO3, STM32MP215DAL3, STM32MP215DAM3, STM32MP215DAN3, STM32MP215DAO3, STM32MP215F-DK, STM32MP215FAL3, STM32MP215FAM3, STM32MP215FAN3, STM32MP215FAO3, STM32MP231AAJ3, STM32MP231AAK3, STM32MP231AAL3, STM32MP231CAJ3, STM32MP231CAK3, STM32MP231CAL3, STM32MP231DAJ3, STM32MP231DAK3, STM32MP231DAL3, STM32MP231FAJ3, STM32MP231FAK3, STM32MP231FAL3, STM32MP233AAJ3, STM32MP233AAK3, STM32MP233AAL3, STM32MP233CAJ3, STM32MP233CAK3, STM32MP233CAL3, STM32MP233DAJ3, STM32MP233DAK3, STM32MP233DAL3, STM32MP233FAJ3, STM32MP233FAK3, STM32MP233FAL3, STM32MP235AAJ3, STM32MP235AAK3, STM32MP235AAL3, STM32MP235CAJ3, STM32MP235CAK3, STM32MP235CAL3, STM32MP235DAJ3, STM32MP235DAK3, STM32MP235DAL3, STM32MP235FAJ3, STM32MP235FAK3, STM32MP235FAL3, STM32MP251AAI3, STM32MP251AAK3, STM32MP251AAL3, STM32MP251CAI3, STM32MP251CAK3, STM32MP251CAL3, STM32MP251DAI3, STM32MP251DAK3, STM32MP251DAL3, STM32MP251FAI3, STM32MP251FAK3, STM32MP251FAL3, STM32MP253AAI3, STM32MP253AAK3, STM32MP253AAL3, STM32MP253CAI3, STM32MP253CAK3, STM32MP253CAL3, STM32MP253DAI3, STM32MP253DAK3, STM32MP253DAL3, STM32MP253FAI3, STM32MP253FAK3, STM32MP253FAL3, STM32MP255AAI3, STM32MP255AAK3, STM32MP255AAL3, STM32MP255CAI3, STM32MP255CAK3, STM32MP255CAL3, STM32MP255DAI3, STM32MP255DAK3, STM32MP255DAL3, STM32MP255FAI3, STM32MP255FAK3, STM32MP255FAL3, STM32MP257AAI3, STM32MP257AAK3, STM32MP257AAL3, STM32MP257CAI3, STM32MP257CAK3, STM32MP257CAL3, STM32MP257DAI3, STM32MP257DAK3, STM32MP257DAL3, STM32MP257F-DK, STM32MP257F-EV1, STM32MP257FAI3, STM32MP257FAK3, STM32MP257FAL3, STM32N645A0H3Q, STM32N645B0H3Q, STM32N645I0H3Q, STM32N645L0H3Q, STM32N645X0H3Q, STM32N645Z0H3Q, STM32N647A0H3Q, STM32N647B0H3Q, STM32N647I0H3Q, STM32N647L0H3Q, STM32N647X0H3Q, STM32N647Z0H3Q, STM32N655A0H3Q, STM32N655B0H3Q, STM32N655I0H3Q, STM32N655L0H3Q, STM32N655X0H3Q, STM32N655Z0H3Q, STM32N6570-DK, STM32N657A0H3Q, STM32N657B0H3Q, STM32N657I0H3Q, STM32N657L0H3Q, STM32N657X0H3Q, STM32N657Z0H3Q, STM32U031C6T6, STM32U031C6U6, STM32U031C8T6, STM32U031C8U6, STM32U031F4P6, STM32U031F6P6, STM32U031F8P6, STM32U031G6Y6TR, STM32U031G8Y6TR, STM32U031K4U6, STM32U031K6U6, STM32U031K8U6, STM32U031R6I6, STM32U031R6T6, STM32U031R8I6, STM32U031R8T6, STM32U073C8T6, STM32U073C8U6, STM32U073CBT6, STM32U073CBU6, STM32U073CCT6, STM32U073CCU6, STM32U073H8Y6TR, STM32U073HBY6TR, STM32U073HCY6TR, STM32U073K8U6, STM32U073KBU6, STM32U073KCU6, STM32U073M8I6, STM32U073M8T6, STM32U073MBI6, STM32U073MBT6, STM32U073MCI6, STM32U073MCT6, STM32U073R8I6, STM32U073R8T6, STM32U073RBI6, STM32U073RBT6, STM32U073RCI6, STM32U073RCT6, STM32U083C-DK, STM32U083CCT6, STM32U083CCU6, STM32U083HCY6TR, STM32U083KCU6, STM32U083MCI6, STM32U083MCT6, STM32U083RCI6, STM32U083RCT6, STM32U375CET6, STM32U375CET6Q, STM32U375CEU6, STM32U375CEU6Q, STM32U375CEY6QTR, STM32U375CGT6, STM32U375CGT6Q, STM32U375CGU6, STM32U375CGU6Q, STM32U375CGY6QTR, STM32U375KEU6, STM32U375KGU6, STM32U375REI6, STM32U375REI6Q, STM32U375RET6, STM32U375RET6Q, STM32U375REY6GTR, STM32U375REY6QTR, STM32U375RGI6, STM32U375RGI6Q, STM32U375RGT6, STM32U375RGT6Q, STM32U375RGY6GTR, STM32U375RGY6QTR, STM32U375VEI6, STM32U375VEI6Q, STM32U375VET6, STM32U375VET6Q, STM32U375VGI6, STM32U375VGI6Q, STM32U375VGT6, STM32U375VGT6Q, STM32U385CGT6, STM32U385CGT6Q, STM32U385CGU6, STM32U385CGU6Q, STM32U385CGY6QTR, STM32U385KGU6, STM32U385RGI6, STM32U385RGI6Q, STM32U385RGT6, STM32U385RGT6Q, STM32U385RGY6GTR, STM32U385RGY6QTR, STM32U385VGI6, STM32U385VGI6Q, STM32U385VGT6, STM32U385VGT6Q, STM32U535CBT6, STM32U535CBT6Q, STM32U535CBU6, STM32U535CBU6Q, STM32U535CCT6, STM32U535CCT6Q, STM32U535CCU6, STM32U535CCU6Q, STM32U535CET6, STM32U535CET6Q, STM32U535CEU6, STM32U535CEU6Q, STM32U535JEY6QTR, STM32U535NCY6QTR, STM32U535NEY6QTR, STM32U535RBI6, STM32U535RBI6Q, STM32U535RBT6, STM32U535RBT6Q, STM32U535RCI6, STM32U535RCI6Q, STM32U535RCT6, STM32U535RCT6Q, STM32U535REI6, STM32U535REI6Q, STM32U535RET6, STM32U535RET6Q, STM32U535VCI6, STM32U535VCI6Q, STM32U535VCT6, STM32U535VCT6Q, STM32U535VEI6, STM32U535VEI6Q, STM32U535VET6, STM32U535VET6Q, STM32U545CET6, STM32U545CET6Q, STM32U545CEU6, STM32U545CEU6Q, STM32U545JEY6QTR, STM32U545NEY6QTR, STM32U545REI6, STM32U545REI6Q, STM32U545RET6, STM32U545RET6Q, STM32U545VEI6, STM32U545VEI6Q, STM32U545VET6, STM32U545VET6Q, STM32U595AIH6, STM32U595AIH6Q, STM32U595AJH6, STM32U595AJH6Q, STM32U595QII6, STM32U595QII6Q, STM32U595QJI6, STM32U595QJI6Q, STM32U595RIT6, STM32U595RIT6Q, STM32U595RJT6, STM32U595RJT6Q, STM32U595VIT6, STM32U595VIT6Q, STM32U595VJT6, STM32U595VJT6Q, STM32U595ZIT6, STM32U595ZIT6Q, STM32U595ZIY6QTR, STM32U595ZJT6, STM32U595ZJT6Q, STM32U595ZJY6QTR, STM32U599BJY6QTR, STM32U599NIH6Q, STM32U599NJH6Q, STM32U599VIT6Q, STM32U599VJT6, STM32U599VJT6Q, STM32U599ZIT6Q, STM32U599ZIY6QTR, STM32U599ZJT6Q, STM32U599ZJY6QTR, STM32U5A5AJH6, STM32U5A5AJH6Q, STM32U5A5QII3Q , STM32U5A5QJI6, STM32U5A5QJI6Q, STM32U5A5RJT6, STM32U5A5RJT6Q, STM32U5A5VJT6, STM32U5A5VJT6Q, STM32U5A5ZJT6, STM32U5A5ZJT6Q, STM32U5A5ZJY6QTR, STM32U5A9BJY6QTR, STM32U5A9J-DK, STM32U5A9NJH6Q, STM32U5A9VJT6Q, STM32U5A9ZJT6Q, STM32U5A9ZJY6QTR, STM32U5F7VIT6, STM32U5F7VIT6Q, STM32U5F7VJT6, STM32U5F7VJT6Q, STM32U5F9BJY6QTR, STM32U5F9NJH6Q, STM32U5F9VIT6Q, STM32U5F9VJT6Q, STM32U5F9ZIJ6QTR, STM32U5F9ZIT6Q, STM32U5F9ZJJ6QTR, STM32U5F9ZJT6Q, STM32U5G7VJT6, STM32U5G7VJT6Q, STM32U5G9BJY6QTR, STM32U5G9J-DK1, STM32U5G9J-DK2, STM32U5G9NJH6Q, STM32U5G9VJT6Q, STM32U5G9ZJJ6QTR, STM32U5G9ZJT6Q, STM32WB05KZV6TR, STM32WB05KZV7TR, STM32WB05TZF6TR, STM32WB05TZF7TR, STM32WB06CCF6TR, STM32WB06CCF7TR, STM32WB06CCV6TR, STM32WB06CCV7TR, STM32WB06KCV6TR, STM32WB06KCV7TR, STM32WB07CCF6TR, STM32WB07CCF7TR, STM32WB07CCV6TR, STM32WB07CCV7TR, STM32WB07KCV6TR, STM32WB07KCV7TR, STM32WB09KEV6TR, STM32WB09KEV7TR, STM32WB09TEF6TR, STM32WB09TEF7TR, STM32WB1MMCH6, STM32WBA50KGU6, STM32WBA50KGU6TR, STM32WBA52CEU6, STM32WBA52CEU6TR, STM32WBA52CEU7, STM32WBA52CEU7TR, STM32WBA52CGU6, STM32WBA52CGU6TR, STM32WBA52CGU6U, STM32WBA52CGU7, STM32WBA52CGU7TR, STM32WBA52KEU6, STM32WBA52KEU6TR, STM32WBA52KGU6, STM32WBA52KGU6TR, STM32WBA54CEU6, STM32WBA54CEU6TR, STM32WBA54CEU7, STM32WBA54CEU7TR, STM32WBA54CGU6, STM32WBA54CGU6TR, STM32WBA54CGU7, STM32WBA54CGU7TR, STM32WBA54KEU6, STM32WBA54KEU6TR, STM32WBA54KEU7, STM32WBA54KEU7TR, STM32WBA54KGU6, STM32WBA54KGU6TR, STM32WBA54KGU7, STM32WBA54KGU7TR, STM32WBA55CEU6, STM32WBA55CEU6TR, STM32WBA55CEU7, STM32WBA55CEU7TR, STM32WBA55CGU6, STM32WBA55CGU6TR, STM32WBA55CGU6U, STM32WBA55CGU7, STM32WBA55CGU7TR, STM32WBA55G-DK1, STM32WBA55HEF6, STM32WBA55HEF7, STM32WBA55HGF6, STM32WBA55HGF7, STM32WBA55UEI6, STM32WBA55UEI6TR, STM32WBA55UEI7, STM32WBA55UEI7TR, STM32WBA55UGI6, STM32WBA55UGI6TR, STM32WBA55UGI7, STM32WBA55UGI7TR, STM32WBA5MMGH6TR, STM32WBA62MGF6, STM32WBA62MIF6, STM32WBA65MGF7, STM32WBA65MIF6, STM32WBA65MIF7, STM32WL30K8V6, STM32WL30KBV6, STM32WL31C8V6, STM32WL31CBV6, STM32WL31K8V6, STM32WL31KBV6, STM32WL33C8V6, STM32WL33C8V6X, STM32WL33CBV6, STM32WL33CBV6X, STM32WL33CCV6, STM32WL33CCV6A, STM32WL33CCV6X, STM32WL33K8V7, STM32WL33K8V7X, STM32WL33KBV7 , STM32WL33KBV7X, STM32WL33KCV7, STM32WL33KCV7X, STM32WL5MOCH6, STM32WL5MOCH6TR]
2026-06-05 21:34:49,457 [INFO] BoardInfo:889 - No configuration file found for board NUCLEO-H5E5ZJ
2026-06-05 21:34:49,457 [INFO] DbBoards:161 - Board is not supported: NUCLEO-H5E5ZJ
2026-06-05 21:34:49,478 [INFO] BoardInfo:889 - No configuration file found for board NUCLEO-U3C5ZI-Q
2026-06-05 21:34:49,479 [INFO] DbBoards:161 - Board is not supported: NUCLEO-U3C5ZI-Q
2026-06-05 21:34:49,485 [INFO] BoardInfo:889 - No configuration file found for board NUCLEO-WBA25CE1
2026-06-05 21:34:49,485 [INFO] DbBoards:161 - Board is not supported: NUCLEO-WBA25CE1
2026-06-05 21:34:49,489 [INFO] BoardInfo:889 - No configuration file found for board NUCLEO-WL3RKB1
2026-06-05 21:34:49,489 [INFO] DbBoards:161 - Board is not supported: NUCLEO-WL3RKB1
2026-06-05 21:34:49,489 [INFO] BoardInfo:889 - No configuration file found for board NUCLEO-WL3RKB2
2026-06-05 21:34:49,490 [INFO] DbBoards:161 - Board is not supported: NUCLEO-WL3RKB2
2026-06-05 21:34:49,493 [INFO] BoardInfo:889 - No configuration file found for board P-NUCLEO-WB55
2026-06-05 21:34:49,493 [INFO] DbBoards:161 - Kit is not supported: P-NUCLEO-WB55
2026-06-05 21:34:49,496 [INFO] BoardInfo:889 - No configuration file found for board STEVAL-BFA001V1B
2026-06-05 21:34:49,496 [INFO] DbBoards:161 - Kit is not supported: STEVAL-BFA001V1B
2026-06-05 21:34:49,497 [INFO] BoardInfo:889 - No configuration file found for board STEVAL-BFA001V2B
2026-06-05 21:34:49,497 [INFO] DbBoards:161 - Kit is not supported: STEVAL-BFA001V2B
2026-06-05 21:34:49,556 [INFO] BoardInfo:889 - No configuration file found for board STM32H5F5J-DK
2026-06-05 21:34:49,556 [INFO] DbBoards:161 - Board is not supported: STM32H5F5J-DK
2026-06-05 21:34:49,595 [INFO] DbBoards:168 - Found 218 boards, 209 are supported
2026-06-05 21:34:49,595 [INFO] DbBoards:169 - Found 218 boards, 43 of them is supported for  Bsp
2026-06-05 21:34:49,599 [INFO] ApiDb:423 - Load user favorites file C:\Users\Josh/.stm32cubeide/favorites.boards.txt: 0 item(s)
2026-06-05 21:34:49,599 [INFO] ApiDb:427 - User favorites Boards=[]
2026-06-05 21:34:49,599 [INFO] DbBoards:198 - Set 0 / 0 favorites Boards
2026-06-05 21:34:49,599 [INFO] McuFinderGlobals:76 - Set McuFinderConnectedMode to true
2026-06-05 21:34:49,604 [INFO] MultiScanPanel:200 - Auto-refresh data requested => check proxy status ongoing
2026-06-05 21:34:49,605 [INFO] FinderPluginLoader:96 - Searching for filters in installed packs
2026-06-05 21:34:50,424 [INFO] LoadUrlFilesThread:185 - End of LoadServerUrlFiles without Thread
2026-06-05 21:34:50,433 [INFO] DetailPanel:341 - Set advertising image to C:/Users/Josh/STM32Cube/Repository/\en.prom-stm32wl3r-0526.jpg
2026-06-05 21:35:02,569 [INFO] MultiScanPanel:200 - Auto-refresh data requested => check proxy status ongoing
2026-06-05 21:35:02,682 [INFO] LoadUrlFilesThread:185 - End of LoadServerUrlFiles without Thread
2026-06-05 21:35:02,682 [INFO] DetailPanel:341 - Set advertising image to C:/Users/Josh/STM32Cube/Repository/\en.prom-stm32wl3r-0526.jpg
2026-06-05 21:35:02,692 [INFO] DbBoards:642 - Loading board mini-images...
2026-06-05 21:35:04,266 [INFO] DbBoards:665 - Loaded 218 board mini-images
2026-06-05 21:35:37,767 [INFO] MainUpdater:2872 - connection check result : 10
2026-06-05 21:35:37,767 [INFO] MainUpdater:2872 - connection check result : 10
2026-06-05 21:35:37,784 [INFO] MicroXplorer:468 - Change Database Path : 
2026-06-05 21:35:37,784 [INFO] MicroXplorer:498 - Change Database Version : DB.6.0.150
2026-06-05 21:35:37,789 [WARN] ThirdParty:871 - waiting for thirdparty lock release [close project]
2026-06-05 21:35:37,802 [INFO] ThirdParty:873 - entering critical section [close project]
2026-06-05 21:35:37,803 [INFO] ThirdParty:883 - exiting critical section [close project]
2026-06-05 21:35:37,805 [INFO] PinOutPanel:1589 - setPackage(No Configuration,No Configuration)
2026-06-05 21:35:37,805 [INFO] UtilMem:75 - Begin LoadConfig() Used Memory: 631105248 Bytes (1058013184)
2026-06-05 21:35:37,809 [INFO] OpenFileManager:355 - Change cursor
2026-06-05 21:35:37,846 [INFO] ProjectFactory:514 - No CPN specified for board NUCLEO-L432KC => set CPN to STM32L432KCU3
2026-06-05 21:35:37,847 [INFO] Mcu:2029 - Initializing MCU STM32L432K(B-C)Ux STM32L432KCUx STM32L432KCU3
2026-06-05 21:35:38,972 [INFO] Context:786 - Trying to add GPIOservice into a context  which must be forbidden
2026-06-05 21:35:39,238 [INFO] Rule:233 - rule 117617 - U5Cobra4M][GTZC] default value MPCBB3 and MPCBB5 - Not Secured memory - MPCBB1 is applicable
2026-06-05 21:35:39,238 [INFO] Rule:233 - rule 117617 - U5Cobra4M][GTZC] default value MPCBB3 and MPCBB5 - Not Secured memory - MPCBB1 is applicable
2026-06-05 21:35:39,238 [INFO] Rule:233 - rule 117617 - U5Cobra4M][GTZC] default value MPCBB3 and MPCBB5 - Not Secured memory - MPCBB2 is applicable
2026-06-05 21:35:39,238 [INFO] Rule:233 - rule 117617 - U5Cobra4M][GTZC] default value MPCBB3 and MPCBB5 - Not Secured memory - MPCBB2 is applicable
2026-06-05 21:35:39,238 [INFO] Rule:233 - rule 117617 - U5Cobra4M][GTZC] default value MPCBB3 and MPCBB5 - Not Secured memory - MPCBB3 is applicable
2026-06-05 21:35:39,238 [INFO] Rule:233 - rule 117617 - U5Cobra4M][GTZC] default value MPCBB3 and MPCBB5 - Not Secured memory - MPCBB3 is applicable
2026-06-05 21:35:39,239 [INFO] Rule:233 - rule 117617 - U5Cobra4M][GTZC] default value MPCBB3 and MPCBB5 - Not Secured memory - MPCBB4 is applicable
2026-06-05 21:35:39,239 [INFO] Rule:233 - rule 117617 - U5Cobra4M][GTZC] default value MPCBB3 and MPCBB5 - Not Secured memory - MPCBB4 is applicable
2026-06-05 21:35:39,239 [INFO] Rule:233 - rule 117617 - U5Cobra4M][GTZC] default value MPCBB3 and MPCBB5 - Secured memory - MPCBB1 is applicable
2026-06-05 21:35:39,239 [INFO] Rule:233 - rule 117617 - U5Cobra4M][GTZC] default value MPCBB3 and MPCBB5 - Secured memory - MPCBB2 is applicable
2026-06-05 21:35:39,239 [INFO] Rule:233 - rule 117617 - U5Cobra4M][GTZC] default value MPCBB3 and MPCBB5 - Secured memory - MPCBB3 is applicable
2026-06-05 21:35:39,239 [INFO] Rule:233 - rule 117617 - U5Cobra4M][GTZC] default value MPCBB3 and MPCBB5 - Secured memory - MPCBB4 is applicable
2026-06-05 21:35:39,239 [INFO] Rule:233 - rule 117617 - U5Cobra4M][GTZC] default value MPCBB3 and MPCBB5 - Privileged memory - MPCBB1 is applicable
2026-06-05 21:35:39,239 [INFO] Rule:233 - rule 117617 - U5Cobra4M][GTZC] default value MPCBB3 and MPCBB5 - Privileged memory - MPCBB2 is applicable
2026-06-05 21:35:39,239 [INFO] Rule:233 - rule 117617 - U5Cobra4M][GTZC] default value MPCBB3 and MPCBB5 - Privileged memory - MPCBB3 is applicable
2026-06-05 21:35:39,239 [INFO] Rule:233 - rule 117617 - U5Cobra4M][GTZC] default value MPCBB3 and MPCBB5 - Privileged memory - MPCBB4 is applicable
2026-06-05 21:35:39,239 [INFO] Rule:233 - rule 117617 - U5Cobra4M][GTZC] default value MPCBB3 and MPCBB5 - Not Privileged memory - MPCBB1 is applicable
2026-06-05 21:35:39,239 [INFO] Rule:233 - rule 117617 - U5Cobra4M][GTZC] default value MPCBB3 and MPCBB5 - Not Privileged memory - MPCBB2 is applicable
2026-06-05 21:35:39,239 [INFO] Rule:233 - rule 117617 - U5Cobra4M][GTZC] default value MPCBB3 and MPCBB5 - Not Privileged memory - MPCBB3 is applicable
2026-06-05 21:35:39,239 [INFO] Rule:233 - rule 117617 - U5Cobra4M][GTZC] default value MPCBB3 and MPCBB5 - Not Privileged memory - MPCBB4 is applicable
2026-06-05 21:35:39,239 [INFO] Rule:233 - rule 117617 - U5Cobra4M][GTZC] default value MPCBB3 and MPCBB5 - Privileged memory - MPCBB1 is applicable
2026-06-05 21:35:39,239 [INFO] Rule:233 - rule 117617 - U5Cobra4M][GTZC] default value MPCBB3 and MPCBB5 - Privileged memory - MPCBB2 is applicable
2026-06-05 21:35:39,239 [INFO] Rule:233 - rule 117617 - U5Cobra4M][GTZC] default value MPCBB3 and MPCBB5 - Privileged memory - MPCBB3 is applicable
2026-06-05 21:35:39,239 [INFO] Rule:233 - rule 117617 - U5Cobra4M][GTZC] default value MPCBB3 and MPCBB5 - Privileged memory - MPCBB4 is applicable
2026-06-05 21:35:39,239 [INFO] Rule:233 - rule 117617 - U5Cobra4M][GTZC] default value MPCBB3 and MPCBB5 - Privileged memory - MPCBB1 is applicable
2026-06-05 21:35:39,239 [INFO] Rule:233 - rule 117617 - U5Cobra4M][GTZC] default value MPCBB3 and MPCBB5 - Privileged memory - MPCBB2 is applicable
2026-06-05 21:35:39,239 [INFO] Rule:233 - rule 117617 - U5Cobra4M][GTZC] default value MPCBB3 and MPCBB5 - Privileged memory - MPCBB3 is applicable
2026-06-05 21:35:39,239 [INFO] Rule:233 - rule 117617 - U5Cobra4M][GTZC] default value MPCBB3 and MPCBB5 - Privileged memory - MPCBB4 is applicable
2026-06-05 21:35:39,239 [INFO] Rule:233 - rule 117617 - U5Cobra4M][GTZC] default value MPCBB3 and MPCBB5 - Not Privileged memory - MPCBB1 is applicable
2026-06-05 21:35:39,239 [INFO] Rule:233 - rule 117617 - U5Cobra4M][GTZC] default value MPCBB3 and MPCBB5 - Not Privileged memory - MPCBB2 is applicable
2026-06-05 21:35:39,239 [INFO] Rule:233 - rule 117617 - U5Cobra4M][GTZC] default value MPCBB3 and MPCBB5 - Not Privileged memory - MPCBB3 is applicable
2026-06-05 21:35:39,239 [INFO] Rule:233 - rule 117617 - U5Cobra4M][GTZC] default value MPCBB3 and MPCBB5 - Not Privileged memory - MPCBB4 is applicable
2026-06-05 21:35:39,239 [INFO] Rule:233 - rule 117617 - U5Cobra4M][GTZC] default value MPCBB3 and MPCBB5 - Privileged memory - MPCBB1 is applicable
2026-06-05 21:35:39,239 [INFO] Rule:233 - rule 117617 - U5Cobra4M][GTZC] default value MPCBB3 and MPCBB5 - Privileged memory - MPCBB2 is applicable
2026-06-05 21:35:39,239 [INFO] Rule:233 - rule 117617 - U5Cobra4M][GTZC] default value MPCBB3 and MPCBB5 - Privileged memory - MPCBB3 is applicable
2026-06-05 21:35:39,239 [INFO] Rule:233 - rule 117617 - U5Cobra4M][GTZC] default value MPCBB3 and MPCBB5 - Privileged memory - MPCBB4 is applicable
2026-06-05 21:35:39,239 [INFO] Rule:233 - rule Rename SubGHz_Phy SUBGHZ_APPLICATION SUBGHZ_PINGPONG to SUBGHZ_ADV_APPLICATION is applicable
2026-06-05 21:35:39,239 [INFO] Rule:233 - rule Rename Enabled to IBEACON is applicable
2026-06-05 21:35:39,239 [INFO] Rule:233 - rule GTZC_S instance for project manager is applicable
2026-06-05 21:35:39,239 [INFO] Rule:233 - rule GTZC_S instance for context M33S is applicable
2026-06-05 21:35:39,239 [INFO] Rule:233 - rule GTZC_S instance value for IP GTZC is applicable
2026-06-05 21:35:39,239 [INFO] Rule:233 - rule GTZC_S instance for mcu.IP is applicable
2026-06-05 21:35:39,239 [INFO] Rule:233 - rule GTZC_S instance for VP is applicable
2026-06-05 21:35:39,239 [INFO] Rule:233 - rule GTZC_S instance for signal is applicable
2026-06-05 21:35:39,239 [INFO] Rule:233 - rule GTZC_S instance for mcu.Pin is applicable
2026-06-05 21:35:39,239 [INFO] Rule:233 - rule GTZC_S instance for VP is applicable
2026-06-05 21:35:39,239 [INFO] Rule:233 - rule GTZC_S instance for signal is applicable
2026-06-05 21:35:39,239 [INFO] Rule:233 - rule GTZC_S instance for mcu is applicable
2026-06-05 21:35:39,239 [INFO] Rule:233 - rule GTZC_S instance for mcu.Pin is applicable
2026-06-05 21:35:39,239 [INFO] Rule:233 - rule GTZC_S instance value for IP GTZC is applicable
2026-06-05 21:35:39,239 [INFO] Rule:233 - rule GTZC_S instance for project manager is applicable
2026-06-05 21:35:39,239 [INFO] Rule:233 - rule GTZC_S instance for context M33S is applicable
2026-06-05 21:35:39,239 [INFO] Rule:233 - rule GTZC_S instance for VP is applicable
2026-06-05 21:35:39,239 [INFO] Rule:233 - rule GTZC_S instance for signal is applicable
2026-06-05 21:35:39,239 [INFO] Rule:233 - rule SPDIFRX instance for mcu is applicable
2026-06-05 21:35:39,239 [INFO] Rule:233 - rule Rename Tracer Mode is applicable
2026-06-05 21:35:39,239 [INFO] Rule:233 - rule SPDIFRX instance value for IP SPDIFRX is applicable
2026-06-05 21:35:39,239 [INFO] Rule:233 - rule SPDIFRX instance for signal is applicable
2026-06-05 21:35:39,239 [INFO] Rule:233 - rule SPDIFRX instance for project manager is applicable
2026-06-05 21:35:39,239 [INFO] Rule:233 - rule SPDIFRX instance for project manager is applicable
2026-06-05 21:35:39,239 [INFO] Rule:233 - rule ADC Scan  fix with FW F7 is applicable
2026-06-05 21:35:39,239 [INFO] Rule:233 - rule ADC Scan  fix with FW F7 is applicable
2026-06-05 21:35:39,239 [INFO] Rule:233 - rule DFSDM instance value for IP DFSDM is applicable
2026-06-05 21:35:39,239 [INFO] Rule:233 - rule DFSDM instance for mcu is applicable
2026-06-05 21:35:39,239 [INFO] Rule:233 - rule DFSDM instance for VP is applicable
2026-06-05 21:35:39,239 [INFO] Rule:233 - rule DFSDM instance for signal is applicable
2026-06-05 21:35:39,239 [INFO] Rule:233 - rule DFSDM instance for shared is applicable
2026-06-05 21:35:39,239 [INFO] Rule:233 - rule BreakInputSource parameter for IP Timer is applicable
2026-06-05 21:35:39,239 [INFO] Rule:233 - rule Sourcebreak parameter for IP Timer is applicable
2026-06-05 21:35:39,239 [INFO] Rule:233 - rule Sourcebreak parameter for IP Timer is applicable
2026-06-05 21:35:39,239 [INFO] Rule:233 - rule DFSDM for PCC is applicable
2026-06-05 21:35:39,239 [INFO] Rule:233 - rule Serial_Wire Mode is applicable
2026-06-05 21:35:39,239 [INFO] Rule:233 - rule JTAG_4_pins Mode is applicable
2026-06-05 21:35:39,239 [INFO] Rule:233 - rule JTAG_5_pins Mode is applicable
2026-06-05 21:35:39,239 [INFO] Rule:233 - rule Trace_Asynchronous_SW Mode is applicable
2026-06-05 21:35:39,239 [INFO] Rule:233 - rule Trace_Synchro_1bit_JTAG Mode is applicable
2026-06-05 21:35:39,239 [INFO] Rule:233 - rule Trace_Synchro_2bits_JTAG Mode is applicable
2026-06-05 21:35:39,239 [INFO] Rule:233 - rule Trace_Synchro_4bits_JTAG Mode is applicable
2026-06-05 21:35:39,239 [INFO] Rule:233 - rule Trace_Synchro_1bit_SW Mode is applicable
2026-06-05 21:35:39,241 [INFO] Rule:233 - rule Trace_Synchro_2bits_SW Mode is applicable
2026-06-05 21:35:39,241 [INFO] Rule:233 - rule Trace_Synchro_4bits_SW Mode is applicable
2026-06-05 21:35:39,241 [INFO] Rule:233 - rule SYS_WakeUp0 Mode is applicable
2026-06-05 21:35:39,241 [INFO] Rule:233 - rule SYS_WakeUp0 Mode for STM32F446 is applicable
2026-06-05 21:35:39,241 [INFO] Rule:233 - rule SYS_WakeUp1 Mode is applicable
2026-06-05 21:35:39,241 [INFO] Rule:233 - rule SYS_WakeUp1 Mode for STM32F446 is applicable
2026-06-05 21:35:39,241 [INFO] Rule:233 - rule SYS_WakeUp2 Mode is applicable
2026-06-05 21:35:39,241 [INFO] Rule:233 - rule SYS_WakeUp3 Mode is applicable
2026-06-05 21:35:39,241 [INFO] Rule:233 - rule SYS_WakeUp4 Mode is applicable
2026-06-05 21:35:39,241 [INFO] Rule:233 - rule SYS_WakeUp5 Mode is applicable
2026-06-05 21:35:39,241 [INFO] Rule:233 - rule SYS_WakeUp6 Mode is applicable
2026-06-05 21:35:39,241 [INFO] Rule:233 - rule SYS_WakeUp7 Mode is applicable
2026-06-05 21:35:39,241 [INFO] Rule:233 - rule WakeUp0 Mode is applicable
2026-06-05 21:35:39,241 [INFO] Rule:233 - rule WakeUp0 SIGNAL is applicable
2026-06-05 21:35:39,241 [INFO] Rule:233 - rule WakeUp1 Mode is applicable
2026-06-05 21:35:39,241 [INFO] Rule:233 - rule WakeUp1 SIGNAL is applicable
2026-06-05 21:35:39,241 [INFO] Rule:233 - rule WakeUp2 Mode is applicable
2026-06-05 21:35:39,241 [INFO] Rule:233 - rule WakeUp2 SIGNAL is applicable
2026-06-05 21:35:39,241 [INFO] Rule:233 - rule WakeUp4 Mode is applicable
2026-06-05 21:35:39,242 [INFO] Rule:233 - rule WakeUp4 SIGNAL is applicable
2026-06-05 21:35:39,242 [INFO] Rule:233 - rule WakeUp5 Mode is applicable
2026-06-05 21:35:39,242 [INFO] Rule:233 - rule WakeUp5 SIGNAL is applicable
2026-06-05 21:35:39,242 [INFO] Rule:233 - rule Mode_PVD_Ext is applicable
2026-06-05 21:35:39,242 [INFO] Rule:233 - rule Mode_PVD_Int is applicable
2026-06-05 21:35:39,242 [INFO] Rule:233 - rule Add RTC Activate Clock Source is applicable
2026-06-05 21:35:39,242 [INFO] Rule:233 - rule Add RTC Activate Calendar 1 is applicable
2026-06-05 21:35:39,242 [INFO] Rule:233 - rule Add RTC Activate Calendar 2 is applicable
2026-06-05 21:35:39,242 [INFO] Rule:233 - rule Add RTC Activate Calendar 3 is applicable
2026-06-05 21:35:39,242 [INFO] Rule:233 - rule UART/USART TX Mode is applicable
2026-06-05 21:35:39,242 [INFO] Rule:233 - rule UART/USART RX Mode is applicable
2026-06-05 21:35:39,242 [INFO] Rule:233 - rule UART/USART RX TX Mode is applicable
2026-06-05 21:35:39,242 [INFO] Rule:233 - rule UART/USART PARITY NONE is applicable
2026-06-05 21:35:39,242 [INFO] Rule:233 - rule UART/USART PARITY EVEN is applicable
2026-06-05 21:35:39,242 [INFO] Rule:233 - rule UART/USART PARITY ODD is applicable
2026-06-05 21:35:39,242 [INFO] Rule:233 - rule USART StopBits 1 is applicable
2026-06-05 21:35:39,242 [INFO] Rule:233 - rule USART StopBits 2 is applicable
2026-06-05 21:35:39,242 [INFO] Rule:233 - rule USART StopBits 1.5 is applicable
2026-06-05 21:35:39,242 [INFO] Rule:233 - rule USART StopBits 0.5 is applicable
2026-06-05 21:35:39,242 [INFO] Rule:233 - rule UART/USART WORD LENGTH 7 is applicable
2026-06-05 21:35:39,242 [INFO] Rule:233 - rule UART/USART WORD LENGTH 8 is applicable
2026-06-05 21:35:39,242 [INFO] Rule:233 - rule UART/USART WORD LENGTH 9 is applicable
2026-06-05 21:35:39,242 [INFO] Rule:233 - rule Rename FMC NAND NCE signal is applicable
2026-06-05 21:35:39,242 [INFO] Rule:233 - rule Rename FMC NAND INT signal is applicable
2026-06-05 21:35:39,242 [INFO] Rule:233 - rule Change Default Value for LSE Drive Capability for WB family is applicable
2026-06-05 21:35:39,242 [INFO] Rule:233 - rule Change Default Value for ADC Clock Prescaler G0 family is applicable
2026-06-05 21:35:39,242 [INFO] Rule:233 - rule Change Default Value for ADC ExternalTrigConv L4 family is applicable
2026-06-05 21:35:39,242 [INFO] Rule:233 - rule Change Default Value for ADC ExternalTrigInjecConv L4 family is applicable
2026-06-05 21:35:39,242 [INFO] Rule:233 - rule Change Default Value for ADC ExternalTrigConv F3 family is applicable
2026-06-05 21:35:39,243 [INFO] Rule:233 - rule Change Default Value for ADC ExternalTrigInjecConv F3 family is applicable
2026-06-05 21:35:39,243 [INFO] Rule:233 - rule Change Default Value for ADC ExternalTrigConv Goldfish serie is applicable
2026-06-05 21:35:39,243 [INFO] Rule:233 - rule Change Default Value for ADC ExternalTrigInjecConv Goldfish serie is applicable
2026-06-05 21:35:39,243 [INFO] Rule:233 - rule Change Default Value for ADC ExternalTrigConv L0 family is applicable
2026-06-05 21:35:39,243 [INFO] Rule:233 - rule Change Default Value for ADC ExternalTrigConv F0 family is applicable
2026-06-05 21:35:39,243 [INFO] Rule:233 - rule Change Default Value for ADC ExternalTrigConvn L1 family is applicable
2026-06-05 21:35:39,243 [INFO] Rule:233 - rule Change Default Value for ADC ExternalTrigInjecConv L1 family is applicable
2026-06-05 21:35:39,243 [INFO] Rule:233 - rule Change Default Value for ADC ExternalTrigConv F1 family is applicable
2026-06-05 21:35:39,243 [INFO] Rule:233 - rule Change Default Value for ADC ExternalTrigInjecConv F1 family is applicable
2026-06-05 21:35:39,243 [INFO] Rule:233 - rule Change Default Value for ADC ExternalTrigConv F7 family is applicable
2026-06-05 21:35:39,243 [INFO] Rule:233 - rule Change Default Value for ADC ExternalTrigInjecConv F7 family is applicable
2026-06-05 21:35:39,243 [INFO] Rule:233 - rule Change Default Value for ADC ExternalTrigConv F4 and F2 family is applicable
2026-06-05 21:35:39,243 [INFO] Rule:233 - rule Change Default Value for ADC ExternalTrigInjecConv F4 and F2 family is applicable
2026-06-05 21:35:39,243 [INFO] Rule:233 - rule ADC SamplingTime fix with FW L0  is applicable
2026-06-05 21:35:39,243 [INFO] Rule:233 - rule ADC SamplingTime fix with FW L0  is applicable
2026-06-05 21:35:39,243 [INFO] Rule:233 - rule ADC SamplingTime fix with FW L0 is applicable
2026-06-05 21:35:39,243 [INFO] Rule:233 - rule ADC SamplingTime fix with FW L0 is applicable
2026-06-05 21:35:39,243 [INFO] Rule:233 - rule ADC SamplingTime fix with FW L0  is applicable
2026-06-05 21:35:39,243 [INFO] Rule:233 - rule ADC SamplingTime fix with FW L0 is applicable
2026-06-05 21:35:39,243 [INFO] Rule:233 - rule Rename USB_OE Signal is applicable
2026-06-05 21:35:39,243 [INFO] Rule:233 - rule Rename Activate_OE Mode is applicable
2026-06-05 21:35:39,243 [INFO] Rule:233 - rule Rename DIE462/DIE415 pin PC14/OSC32_IN -> PC14-OSC32_IN (PC14) is applicable
2026-06-05 21:35:39,243 [INFO] Rule:233 - rule Rename DIE462/DIE415 pin PC15/OSC32_OUT -> PC15-OSC32_OUT (PC15) is applicable
2026-06-05 21:35:39,243 [INFO] Rule:233 - rule Rename DIE462/DIE415 pin PH0/OSC_IN -> PH0-OSC_IN (PH0) is applicable
2026-06-05 21:35:39,243 [INFO] Rule:233 - rule Rename DIE462/DIE415 pin PH1/OSC_OUT -> PH1-OSC_OUT (PH1) is applicable
2026-06-05 21:35:39,243 [INFO] Rule:233 - rule Rename DIE462 pin PA13 -> PA13 (JTMS/SWDIO) is applicable
2026-06-05 21:35:39,243 [INFO] Rule:233 - rule Rename DIE415 pin PA13 -> PA13 (JTMS/SWDIO) is applicable
2026-06-05 21:35:39,243 [INFO] Rule:233 - rule Rename DIE462 pin PA14 -> PA14 (JTCK/SWCLK) is applicable
2026-06-05 21:35:39,243 [INFO] Rule:233 - rule Rename DIE415 pin PA14 -> PA14 (JTCK/SWCLK) is applicable
2026-06-05 21:35:39,243 [INFO] Rule:233 - rule Rename DIE462/DIE415 pin PA15 -> PA15 (JTDI) is applicable
2026-06-05 21:35:39,243 [INFO] Rule:233 - rule Rename DIE462 pin PB3 -> PB3 (JTD0/TRACESWO) is applicable
2026-06-05 21:35:39,243 [INFO] Rule:233 - rule Rename DIE415 pin PB3 -> PB3 (JTD0-TRACESWO) is applicable
2026-06-05 21:35:39,243 [INFO] Rule:233 - rule Rename DIE462/DIE415 pin PB4 -> PB4 (NJTRST) is applicable
2026-06-05 21:35:39,243 [INFO] Rule:233 - rule Rename DIE462 pin PH3/BOOT0 -> PH3-BOOT0 (BOOT0) is applicable
2026-06-05 21:35:39,243 [INFO] Rule:233 - rule Rename CRYP DataEncryptionTypesList to Algorithm is applicable
2026-06-05 21:35:39,243 [INFO] Rule:233 - rule Rename AES DataEncryptionTypesList to Algorithm is applicable
2026-06-05 21:35:39,244 [INFO] Rule:233 - rule Rename TDESECB to CRYP_TDES_ECB is applicable
2026-06-05 21:35:39,244 [INFO] Rule:233 - rule Rename TDESCBC to CRYP_TDES_CBC is applicable
2026-06-05 21:35:39,244 [INFO] Rule:233 - rule Rename DESECB to CRYP_DES_ECB is applicable
2026-06-05 21:35:39,244 [INFO] Rule:233 - rule Rename DESCBC to CRYP_DES_CBC is applicable
2026-06-05 21:35:39,244 [INFO] Rule:233 - rule Rename AESECB to CRYP_AES_ECB is applicable
2026-06-05 21:35:39,244 [INFO] Rule:233 - rule Rename AESCBC to CRYP_AES_CBC is applicable
2026-06-05 21:35:39,244 [INFO] Rule:233 - rule Rename AESCTR to CRYP_AES_CTR is applicable
2026-06-05 21:35:39,244 [INFO] Rule:233 - rule Rename AESGCM to CRYP_AES_GCM is applicable
2026-06-05 21:35:39,244 [INFO] Rule:233 - rule Rename AESCCM to CRYP_AES_CCM is applicable
2026-06-05 21:35:39,244 [INFO] Rule:233 - rule Rename CAN TimeSeg1 to BS1 is applicable
2026-06-05 21:35:39,244 [INFO] Rule:233 - rule Rename CAN TimeSeg2 to BS2 is applicable
2026-06-05 21:35:39,244 [INFO] Rule:233 - rule Rename CAN SyncJumpWidth to SJW is applicable
2026-06-05 21:35:39,244 [INFO] Rule:233 - rule TimeTriggeredMode to TTCM is applicable
2026-06-05 21:35:39,244 [INFO] Rule:233 - rule Rename CAN AutoBusOff to ABOM is applicable
2026-06-05 21:35:39,244 [INFO] Rule:233 - rule Rename CAN AutoWakeUp to AWUM is applicable
2026-06-05 21:35:39,244 [INFO] Rule:233 - rule Rename CAN AutoRetransmission to NART is applicable
2026-06-05 21:35:39,244 [INFO] Rule:233 - rule Rename CAN ReceiveFifoLocked to RFLM is applicable
2026-06-05 21:35:39,244 [INFO] Rule:233 - rule Rename CAN TransmitFifoPriority to TXFP is applicable
2026-06-05 21:35:39,244 [INFO] Rule:233 - rule Rename HRTIMER HRTIM_OUTPUTFAULTLEVEL_HIGH in HRTIMER HRTIM_OUTPUTFAULTLEVEL_HIGHZ is applicable
2026-06-05 21:35:39,244 [INFO] Rule:233 - rule Rename TIMER TIM_CLEARINPUTSOURCE_OCREFCLR in  TIMER TIM_CLEARINPUTSOURCE_NONE for F7 family is applicable
2026-06-05 21:35:39,244 [INFO] Rule:233 - rule FDCAN_R1 - Rename FDCAN mode Master into Classic is applicable
2026-06-05 21:35:39,244 [INFO] Rule:233 - rule FDCAN_R2 - Rename FDCAN mode Slave into Classic is applicable
2026-06-05 21:35:39,244 [INFO] Rule:233 - rule FDCAN1_R3 - if PA10.Mode=FullDuplex, add Pin PA12 is applicable
2026-06-05 21:35:39,244 [INFO] Rule:233 - rule FDCAN1_R3 - if PA9.Mode=FullDuplex, add Pin PA11 is applicable
2026-06-05 21:35:39,244 [INFO] Rule:233 - rule FDCAN1_R3 - Alternatepin_1 - if PE1.Mode=FullDuplex, add Pin PB9 is applicable
2026-06-05 21:35:39,244 [INFO] Rule:233 - rule FDCAN1_R3 - Alternatepin_1 - if PE0.Mode=FullDuplex, add Pin PB8 is applicable
2026-06-05 21:35:39,244 [INFO] Rule:233 - rule FDCAN1_R3 - Alternatepin_2 - if PD5.Mode=FullDuplex, add Pin PD1 is applicable
2026-06-05 21:35:39,244 [INFO] Rule:233 - rule FDCAN1_R3 - Alternatepin_2 - if PD4.Mode=FullDuplex, add Pin PD0 is applicable
2026-06-05 21:35:39,244 [INFO] Rule:233 - rule FDCAN1_R4 - Rename Mode FullDuplex into Enable FDCAN_TXFD for pin PA10 is applicable
2026-06-05 21:35:39,244 [INFO] Rule:233 - rule FDCAN1_R4 - Rename Mode FullDuplex into Enable FDCAN_TXFD for pin PA9 is applicable
2026-06-05 21:35:39,244 [INFO] Rule:233 - rule FDCAN1_R4 - Alternatepin_1 - Rename Mode FullDuplex into Enable FDCAN_TXFD for pin PE1 is applicable
2026-06-05 21:35:39,244 [INFO] Rule:233 - rule FDCAN1_R4 - Alternatepin_1 - Rename Mode FullDuplex into Enable FDCAN_TXFD for pin PE0 is applicable
2026-06-05 21:35:39,244 [INFO] Rule:233 - rule FDCAN1_R4 - Alternatepin_2 - Rename Mode FullDuplex into Enable FDCAN_TXFD for pin PD5 is applicable
2026-06-05 21:35:39,244 [INFO] Rule:233 - rule FDCAN1_R4 - Alternatepin_2 - Rename Mode FullDuplex into Enable FDCAN_TXFD for pin PD4 is applicable
2026-06-05 21:35:39,244 [INFO] Rule:233 - rule FDCAN2_R3 - if PD10.Mode=FullDuplex, add Pin PB13 is applicable
2026-06-05 21:35:39,244 [INFO] Rule:233 - rule FDCAN2_R3 - if PD9.Mode=FullDuplex, add Pin PB12 is applicable
2026-06-05 21:35:39,244 [INFO] Rule:233 - rule FDCAN2_R3 - Alternatepin_1 - if PB7.Mode=FullDuplex, add Pin PB6 is applicable
2026-06-05 21:35:39,244 [INFO] Rule:233 - rule FDCAN2_R3 - Alternatepin_1 - if PD9.Mode=FullDuplex, add Pin PB12 is applicable
2026-06-05 21:35:39,244 [INFO] Rule:233 - rule FDCAN2_R4 - Rename Mode FullDuplex into Enable FDCAN_TXFD for pin PD10 is applicable
2026-06-05 21:35:39,244 [INFO] Rule:233 - rule FDCAN2_R4 - Rename Mode FullDuplex into Enable FDCAN_TXFD for pin PD9 is applicable
2026-06-05 21:35:39,244 [INFO] Rule:233 - rule FDCAN2_R4 - Alternatepin_1 - Rename Mode FullDuplex into Enable FDCAN_TXFD for pin PB7 is applicable
2026-06-05 21:35:39,244 [INFO] Rule:233 - rule FDCAN2_R4 - Alternatepin_1 - Rename Mode FullDuplex into Enable FDCAN_TXFD for pin PD6 is applicable
2026-06-05 21:35:39,244 [INFO] Rule:233 - rule USART TxPinLevelInvertParam Mode is applicable
2026-06-05 21:35:39,244 [INFO] Rule:233 - rule USART RxPinLevelInvertParam Mode is applicable
2026-06-05 21:35:39,244 [INFO] Rule:233 - rule USART DataInvertParam Mode is applicable
2026-06-05 21:35:39,244 [INFO] Rule:233 - rule USART SwapParam Mode is applicable
2026-06-05 21:35:39,244 [INFO] Rule:233 - rule USART OverrunDisableParam Mode is applicable
2026-06-05 21:35:39,244 [INFO] Rule:233 - rule USART DMADisableonRxErrorParam Mode is applicable
2026-06-05 21:35:39,244 [INFO] Rule:233 - rule USART MSBFirstParam Mode is applicable
2026-06-05 21:35:39,244 [INFO] Rule:233 - rule Update MwName for USB_DEVICE is applicable
2026-06-05 21:35:39,244 [INFO] Rule:233 - rule Change PWR_Regulator_Voltage_Scale Default Value for RCC  H7 family is applicable
2026-06-05 21:35:39,244 [INFO] Rule:233 - rule UART/USART IPParameter rename Prescaler parameter to ClockPrescaler is applicable
2026-06-05 21:35:39,244 [INFO] Rule:233 - rule UART/USART Prescaler rename Prescaler parameter to ClockPrescaler is applicable
2026-06-05 21:35:39,244 [INFO] Rule:233 - rule TIM1CLockSelection is applicable
2026-06-05 21:35:39,244 [INFO] Rule:233 - rule TIM15CLockSelection is applicable
2026-06-05 21:35:39,244 [INFO] Rule:233 - rule align RCC SDMMC3CLockSelection default value on MP1 is applicable
2026-06-05 21:35:39,244 [INFO] Rule:233 - rule align RCC SDMMC12CLockSelection default value on MP1 is applicable
2026-06-05 21:35:39,244 [INFO] Rule:233 - rule align RCC QSPICLockSelection default value on MP1 is applicable
2026-06-05 21:35:39,244 [INFO] Rule:233 - rule align RCC QSPICLockSelection default value on MP1 is applicable
2026-06-05 21:35:39,244 [INFO] Rule:233 - rule align RCC SPI6CLockSelection default value on MP1 is applicable
2026-06-05 21:35:39,244 [INFO] Rule:233 - rule align RCC LPTIM23CLockSelection default value on MP1 is applicable
2026-06-05 21:35:39,244 [INFO] Rule:233 - rule align RCC LPTIM1CLockSelection default value on MP1 is applicable
2026-06-05 21:35:39,244 [INFO] Rule:233 - rule align RCC USART1CLockSelection default value on MP1 is applicable
2026-06-05 21:35:39,244 [INFO] Rule:233 - rule align RCC USART24CLockSelection default value on MP1 is applicable
2026-06-05 21:35:39,245 [INFO] Rule:233 - rule align RCC USART6CLockSelection default value on MP1 is applicable
2026-06-05 21:35:39,245 [INFO] Rule:233 - rule align RCC UART78CLockSelection default value on MP1 is applicable
2026-06-05 21:35:39,245 [INFO] Rule:233 - rule align RCC USART35CLockSelection default value on MP1 is applicable
2026-06-05 21:35:39,245 [INFO] Rule:233 - rule align RCC SPI45CLockSelection default value on MP1 is applicable
2026-06-05 21:35:39,245 [INFO] Rule:233 - rule align RCC I2C46CLockSelection BCLK value on MP1 is applicable
2026-06-05 21:35:39,245 [INFO] Rule:233 - rule align RCC SPI45CLockSelection default value on MP1 is applicable
2026-06-05 21:35:39,245 [INFO] Rule:233 - rule align RCC I2C12CLockSelection default value on MP1 is applicable
2026-06-05 21:35:39,245 [INFO] Rule:233 - rule align RCC I2C35CLockSelection default value on MP1 is applicable
2026-06-05 21:35:39,245 [INFO] Rule:233 - rule align RCC LPTIM45CLockSelection default value on MP1 is applicable
2026-06-05 21:35:39,245 [INFO] Rule:233 - rule Rename DCMI PIXCK signal is applicable
2026-06-05 21:35:39,245 [INFO] Rule:233 - rule Change Default Value for I2C46CLockSelection MP1 family is applicable
2026-06-05 21:35:39,245 [INFO] Rule:233 - rule Change Default Value for UART for G4, G0 and WB families is applicable
2026-06-05 21:35:39,245 [INFO] Rule:233 - rule Change Default Value for USART for G4, G0 and WB families is applicable
2026-06-05 21:35:39,245 [INFO] Rule:233 - rule Change Default Value for USART for G4 family is applicable
2026-06-05 21:35:39,245 [INFO] Rule:233 - rule Change USART1CLockSelection refparam name for MP1 is applicable
2026-06-05 21:35:39,245 [INFO] Rule:233 - rule Change USART2CLockSelection refparam name for MP1 is applicable
2026-06-05 21:35:39,245 [INFO] Rule:233 - rule Change USART3CLockSelection refparam name for MP1 is applicable
2026-06-05 21:35:39,245 [INFO] Rule:233 - rule Change UART4CLockSelection refparam name for MP1 is applicable
2026-06-05 21:35:39,245 [INFO] Rule:233 - rule Change UART5CLockSelection refparam name for MP1 is applicable
2026-06-05 21:35:39,245 [INFO] Rule:233 - rule Change LPUART1CLockSelection refparam name for MP1 is applicable
2026-06-05 21:35:39,245 [INFO] Rule:233 - rule Change LPTIM1CLockSelection refparam name for MP1 is applicable
2026-06-05 21:35:39,245 [INFO] Rule:233 - rule Change LPTIM2CLockSelection refparam name for MP1 is applicable
2026-06-05 21:35:39,245 [INFO] Rule:233 - rule Change RCC_MCO1Source refparam name for MP1 is applicable
2026-06-05 21:35:39,245 [INFO] Rule:233 - rule Change LSCOSource1 refparam name for MP1 is applicable
2026-06-05 21:35:39,245 [INFO] Rule:233 - rule Change SMPSCLockSelection refparam name for MP1 is applicable
2026-06-05 21:35:39,245 [INFO] Rule:233 - rule Change LPTIM3CLockSelection refparam name for MP1 is applicable
2026-06-05 21:35:39,245 [INFO] Rule:233 - rule Change MPCBB* Default Template Mode to Parameters is applicable
2026-06-05 21:35:39,245 [INFO] Rule:233 - rule Change MPCWM* or MPCBB* Secure Mode to Parameters is applicable
2026-06-05 21:35:39,245 [INFO] Rule:233 - rule Change MPCWM* or MPCBB* No Secure Mode to Parameters is applicable
2026-06-05 21:35:39,245 [INFO] Rule:233 - rule Change TZSC IP Secure Mode to Parameters is applicable
2026-06-05 21:35:39,245 [INFO] Rule:233 - rule Change TZSC IP No Secure Mode to Parameters is applicable
2026-06-05 21:35:39,245 [INFO] Rule:233 - rule Change TZSC IP Privilege Mode to Parameters is applicable
2026-06-05 21:35:39,245 [INFO] Rule:233 - rule Change TZSC IP No Privilege Mode to Parameters is applicable
2026-06-05 21:35:39,245 [INFO] Rule:233 - rule Change TZIC IT Secure Mode to Parameters is applicable
2026-06-05 21:35:39,245 [INFO] Rule:233 - rule Change TZIC IT No Secure Mode to Parameters is applicable
2026-06-05 21:35:39,245 [INFO] Rule:233 - rule Add MPCBB1_NonSecureArea_Start_Address value with referenced to MPCBB1_NonSecureArea_Start value is applicable
2026-06-05 21:35:39,245 [INFO] Rule:233 - rule Add MPCBB2_NonSecureArea_Start_Address value with referenced to MPCBB2_NonSecureArea_Start value is applicable
2026-06-05 21:35:39,245 [INFO] Rule:233 - rule Add MPCWM1_NonSecureArea*_Start_Address value with referenced to MPCWM1_NonSecureArea*_Start value is applicable
2026-06-05 21:35:39,245 [INFO] Rule:233 - rule Add MPCWM2_NonSecureArea*_Start_Address value with referenced to MPCWM2_NonSecureArea*_Start value is applicable
2026-06-05 21:35:39,245 [INFO] Rule:233 - rule Add MPCWM3_NonSecureArea_Start_Address value with referenced to MPCWM3_NonSecureArea_Start value is applicable
2026-06-05 21:35:39,245 [INFO] Rule:233 - rule Change Default Value for PLL1UserDefinedConfig is applicable
2026-06-05 21:35:39,245 [INFO] Rule:233 - rule Change GPIO_PuPd Default Value for USART in async mode is applicable
2026-06-05 21:35:39,245 [INFO] Rule:233 - rule Change SMPSDivider Default Value is applicable
2026-06-05 21:35:39,245 [INFO] Rule:233 - rule OPAMP is applicable
2026-06-05 21:35:39,245 [INFO] Rule:233 - rule LPUART IPParameter rename Prescaler parameter to ClockPrescaler for STM32H7 is applicable
2026-06-05 21:35:39,245 [INFO] Rule:233 - rule LPUART IPParameter rename Prescaler parameter to ClockPrescaler for STM32H7 is applicable
2026-06-05 21:35:39,246 [INFO] Rule:233 - rule LPUART IPParameter rename Prescaler parameter to ClockPrescaler for STM32WB is applicable
2026-06-05 21:35:39,246 [INFO] Rule:233 - rule LPUART IPParameter rename Prescaler parameter to ClockPrescaler for STM32WB is applicable
2026-06-05 21:35:39,246 [INFO] Rule:233 - rule LPUART IPParameter rename Prescaler parameter to ClockPrescaler for STM32G4 is applicable
2026-06-05 21:35:39,246 [INFO] Rule:233 - rule LPUART IPParameter rename Prescaler parameter to ClockPrescaler for STM32G4 is applicable
2026-06-05 21:35:39,246 [INFO] Rule:233 - rule LPUART IPParameter rename Prescaler parameter to ClockPrescaler for STM32L5 is applicable
2026-06-05 21:35:39,246 [INFO] Rule:233 - rule LPUART IPParameter rename Prescaler parameter to ClockPrescaler for STM32L5 is applicable
2026-06-05 21:35:39,246 [INFO] Rule:233 - rule LPUART IPParameter rename Prescaler parameter to ClockPrescaler for STM32G4 is applicable
2026-06-05 21:35:39,246 [INFO] Rule:233 - rule LPUART IPParameter rename Prescaler parameter to ClockPrescaler for STM32G4 is applicable
2026-06-05 21:35:39,246 [INFO] Rule:233 - rule USB device lib V2.5.3 for L0 rename USBD_SUPPORT_USER_STRING parameter to USBD_SUPPORT_USER_STRING_DESC4 is applicable
2026-06-05 21:35:39,246 [INFO] Rule:233 - rule I2SCLockSelection clock entry align is applicable
2026-06-05 21:35:39,246 [INFO] Rule:233 - rule Assign TIMx context if used as SYS timebase is applicable
2026-06-05 21:35:39,246 [INFO] Rule:233 - rule Change GPIO_Pu Default Value for I2C is applicable
2026-06-05 21:35:39,246 [INFO] Rule:233 - rule Change GPIO_Pu Default Value for SMBus is applicable
2026-06-05 21:35:39,246 [INFO] Rule:233 - rule change FDCAN default value is applicable
2026-06-05 21:35:39,246 [INFO] Rule:233 - rule Change mode sai is applicable
2026-06-05 21:35:39,246 [INFO] Rule:233 - rule **Change sai mode is applicable
2026-06-05 21:35:39,246 [INFO] Rule:233 - rule Rename STM32WPAN CFG_BLE_IRK to CFG_BLE_IR is applicable
2026-06-05 21:35:39,246 [INFO] Rule:233 - rule Rename STM32WPAN CFG_BLE_ERK to CFG_BLE_ER is applicable
2026-06-05 21:35:39,246 [INFO] Rule:233 - rule Rename STM32WPAN CFG_BLE_IRK_HEX to CFG_BLE_IR_HEX is applicable
2026-06-05 21:35:39,246 [INFO] Rule:233 - rule Rename STM32WPAN CFG_BLE_ERK_HEX to CFG_BLE_ER_HEX is applicable
2026-06-05 21:35:39,246 [INFO] Rule:233 - rule Adapt Old IOC before rework replace old CORTEX_M33/CORTEX_M55 attributes by the new one. is applicable
2026-06-05 21:35:39,246 [INFO] Rule:233 - rule Rename parametre of RCC RCC_APBDBG_DIV2 to RCC_TIMPRES_DIV2 is applicable
2026-06-05 21:35:39,246 [INFO] Rule:233 - rule Rename DIE493 pin PA10 [PA12] -> PA10 is applicable
2026-06-05 21:35:39,246 [INFO] Rule:233 - rule Rename DIE493 pin PA9 [PA11] -> PA9 is applicable
2026-06-05 21:35:39,246 [INFO] Rule:233 - rule Rename DIE492 PartNumber CPN STM32WBA5MJGHx -> STM32WBA5MMGHx is applicable
2026-06-05 21:35:39,247 [INFO] Rule:233 - rule Rename DIE492 PartNumber  Name STM32WBA5MJGHx -> STM32WBA5MMGHx is applicable
2026-06-05 21:35:39,247 [INFO] Rule:233 - rule Rename DIE492 PartNumber UserName STM32WBA5MJGHx -> STM32WBA5MMGHx is applicable
2026-06-05 21:35:39,247 [INFO] Rule:233 - rule Rename DIE492 PartNumber DeviceId STM32WBA5MJGHx -> STM32WBA5MMGHx is applicable
2026-06-05 21:35:39,247 [INFO] Rule:233 - rule Adapt Old IOC CSI. is applicable
2026-06-05 21:35:39,247 [INFO] Rule:233 - rule Adapt Old IOC DCMIPP. is applicable
2026-06-05 21:35:39,247 [INFO] Rule:233 - rule Adapt Old IOC DCMIPP Mode Parallel. is applicable
2026-06-05 21:35:39,247 [INFO] Rule:233 - rule Adapt Old IOC LTDC. is applicable
2026-06-05 21:35:39,247 [INFO] Rule:233 - rule Rename STM32MP2 RIF Peripheral LTDC RIF.RISUP.LTDC_L0L1.Privilege -> RIF.RISUP.LTDC_L1L2.Privilege is applicable
2026-06-05 21:35:39,247 [INFO] Rule:233 - rule Rename STM32MP2 RIF Peripheral LTDC RIF.RISUP.LTDC_L0L1.Privilege -> RIF.RISUP.LTDC_L1L2.Privilege is applicable
2026-06-05 21:35:39,247 [INFO] Rule:233 - rule Rename STM32MP2 RIF Peripheral LTDC RIF.RISUP.LTDC_L0L1.Lock -> RIF.RISUP.LTDC_L1L2.Lock is applicable
2026-06-05 21:35:39,247 [INFO] Rule:233 - rule Rename STM32MP2 RIF Peripheral LTDC RIF.RISUP.LTDC_L2.Lock -> RIF.RISUP.LTDC_L3.Lock is applicable
2026-06-05 21:35:39,247 [INFO] Rule:233 - rule Adapt the old IOC example for updating the SYS when it is misconfigured. is applicable
2026-06-05 21:35:39,247 [INFO] Rule:233 - rule Rename STM32C09 Mcu.Package LQFP64 -> LQFP48 is applicable
2026-06-05 21:35:39,247 [INFO] Rule:233 - rule Adapt the old IOC example for updating the SYS when it is misconfigured. is applicable
2026-06-05 21:35:39,247 [INFO] Rule:233 - rule Adapt the old IOC example for updating the SYS when it is misconfigured. is applicable
2026-06-05 21:35:39,261 [INFO] DbConfProperties:307 - Apply Compatibility (75/313 Rules)
2026-06-05 21:35:39,272 [INFO] ImportTextPane:234 - (OptionalMessage_ERROR) Unable to find key (Mcu.ThirdPartyNb) in loaded IOC file
2026-06-05 21:35:39,273 [INFO] ImportTextPane:234 - (OptionalMessage_ERROR) Pin9 (VP_RIF_VS_RIF1) cannot be retrieved for this MCU
2026-06-05 21:35:39,322 [INFO] RtosManager:558 - Registered RTOS mode: class=CMSIS, group=RTOS, mode=CMSIS_V1, owner=FREERTOS
2026-06-05 21:35:39,322 [INFO] RtosManager:558 - Registered RTOS mode: class=CMSIS, group=RTOS2, mode=CMSIS_V2, owner=FREERTOS
2026-06-05 21:35:39,322 [INFO] RtosManager:558 - Registered RTOS mode: class=RTOS, group=Core, mode=CMSIS_V1, owner=FREERTOS
2026-06-05 21:35:39,322 [INFO] RtosManager:558 - Registered RTOS mode: class=RTOS, group=Core, mode=CMSIS_V2, owner=FREERTOS
2026-06-05 21:35:39,322 [WARN] ModelIntegratedComponent:184 - Missing modes for component STMicroelectronics:FreeRTOS:0.0.1:STMicroelectronics:RTOS:FreeRTOS:Core:::10.2.0:
2026-06-05 21:35:39,328 [WARN] ModelIntegratedComponent:63 - No mode defined for component null
2026-06-05 21:35:39,328 [WARN] ModelIntegratedComponent:63 - No mode defined for component null
2026-06-05 21:35:39,328 [WARN] ModelIntegratedComponent:63 - No mode defined for component null
2026-06-05 21:35:39,328 [WARN] ModelIntegratedComponent:63 - No mode defined for component null
2026-06-05 21:35:39,328 [WARN] ModelIntegratedComponent:63 - No mode defined for component null
2026-06-05 21:35:39,328 [WARN] ModelIntegratedComponent:63 - No mode defined for component null
2026-06-05 21:35:39,328 [WARN] ModelIntegratedComponent:63 - No mode defined for component null
2026-06-05 21:35:39,328 [WARN] ModelIntegratedComponent:63 - No mode defined for component null
2026-06-05 21:35:39,328 [WARN] ModelIntegratedComponent:63 - No mode defined for component null
2026-06-05 21:35:39,328 [WARN] ModelIntegratedComponent:63 - No mode defined for component null
2026-06-05 21:35:39,328 [WARN] ModelIntegratedComponent:63 - No mode defined for component null
2026-06-05 21:35:39,328 [WARN] ModelIntegratedComponent:63 - No mode defined for component null
2026-06-05 21:35:39,328 [WARN] ModelIntegratedComponent:63 - No mode defined for component null
2026-06-05 21:35:39,328 [WARN] ModelIntegratedComponent:63 - No mode defined for component null
2026-06-05 21:35:39,328 [WARN] ModelIntegratedComponent:63 - No mode defined for component null
2026-06-05 21:35:39,328 [WARN] ModelIntegratedComponent:63 - No mode defined for component null
2026-06-05 21:35:39,328 [WARN] ModelIntegratedComponent:63 - No mode defined for component null
2026-06-05 21:35:39,328 [WARN] ModelIntegratedComponent:63 - No mode defined for component null
2026-06-05 21:35:39,328 [WARN] ModelIntegratedComponent:63 - No mode defined for component null
2026-06-05 21:35:39,328 [WARN] ModelIntegratedComponent:63 - No mode defined for component null
2026-06-05 21:35:39,328 [WARN] ModelIntegratedComponent:63 - No mode defined for component null
2026-06-05 21:35:39,328 [WARN] ModelIntegratedComponent:63 - No mode defined for component null
2026-06-05 21:35:39,328 [WARN] ModelIntegratedComponent:63 - No mode defined for component null
2026-06-05 21:35:39,328 [WARN] ModelIntegratedComponent:63 - No mode defined for component null
2026-06-05 21:35:39,328 [WARN] ModelIntegratedComponent:63 - No mode defined for component null
2026-06-05 21:35:39,328 [WARN] ModelIntegratedComponent:63 - No mode defined for component null
2026-06-05 21:35:39,328 [WARN] ModelIntegratedComponent:63 - No mode defined for component null
2026-06-05 21:35:39,328 [WARN] ModelIntegratedComponent:63 - No mode defined for component null
2026-06-05 21:35:39,328 [WARN] ModelIntegratedComponent:63 - No mode defined for component null
2026-06-05 21:35:39,328 [WARN] ModelIntegratedComponent:63 - No mode defined for component null
2026-06-05 21:35:39,328 [WARN] ModelIntegratedComponent:63 - No mode defined for component null
2026-06-05 21:35:39,328 [WARN] ModelIntegratedComponent:63 - No mode defined for component null
2026-06-05 21:35:39,328 [WARN] ModelIntegratedComponent:63 - No mode defined for component null
2026-06-05 21:35:39,328 [WARN] ModelIntegratedComponent:63 - No mode defined for component null
2026-06-05 21:35:39,328 [WARN] ModelIntegratedComponent:63 - No mode defined for component null
2026-06-05 21:35:39,328 [WARN] ModelPack:524 - Component already loaded: STMicroelectronics:HAL Drivers:0.0.0:STMicroelectronics:Device:STMicro_Driver:XSPI:HAL::0.0.1:HAL_XSPI
2026-06-05 21:35:39,562 [INFO] ThirdPartyModel:298 - Start build external matchings
2026-06-05 21:35:40,232 [INFO] ThirdPartyModel:316 - End build external matchings
2026-06-05 21:35:40,245 [INFO] ImportTextPane:234 - (OptionalMessage_ERROR) IP (RCC) : Invalid parameter (LPUARTFreq_Value)
2026-06-05 21:35:40,245 [INFO] ImportTextPane:234 - (OptionalMessage_ERROR) IP (RCC) : Invalid parameter (FamilyName)
2026-06-05 21:35:40,245 [INFO] ImportTextPane:234 - (OptionalMessage_ERROR) IP (RCC) : Invalid parameter (PLLCLKFreq_Value)
2026-06-05 21:35:40,245 [INFO] ImportTextPane:234 - (OptionalMessage_ERROR) IP (RCC) : Invalid parameter (RTCHSEDivFreq_Value)
2026-06-05 21:35:40,245 [INFO] ImportTextPane:234 - (OptionalMessage_ERROR) IP (RCC) : Invalid parameter (LPTIMFreq_Value)
2026-06-05 21:35:40,245 [INFO] ImportTextPane:234 - (OptionalMessage_ERROR) IP (RCC) : Invalid parameter (TIMFreq_Value)
2026-06-05 21:35:40,246 [INFO] ImportTextPane:234 - (OptionalMessage_ERROR) IP (RCC) : Invalid parameter (HSI16_VALUE)
2026-06-05 21:35:40,246 [INFO] ImportTextPane:234 - (OptionalMessage_ERROR) IP (RCC) : Invalid parameter (48CLKFreq_Value)
2026-06-05 21:35:40,246 [INFO] ImportTextPane:234 - (OptionalMessage_ERROR) IP (RCC) : Invalid parameter (PLLMUL)
2026-06-05 21:35:40,246 [INFO] ImportTextPane:234 - (OptionalMessage_ERROR) IP (RCC) : Invalid parameter (TimerFreq_Value)
2026-06-05 21:35:40,246 [INFO] ImportTextPane:234 - (OptionalMessage_ERROR) IP (RCC) : Invalid parameter (MCOPinFreq_Value)
2026-06-05 21:35:40,383 [INFO] UtilMem:75 - End LoadConfig() Used Memory: 798431424 Bytes (1073741824)
2026-06-05 21:35:40,477 [WARN] ThirdParty:833 - waiting for thirdparty lock release [change project]
2026-06-05 21:35:40,477 [INFO] ThirdParty:835 - entering critical section [change project]
2026-06-05 21:35:40,477 [INFO] ThirdParty:1030 - CMSIS Pack Vendor :STMicroelectronics X-CUBE-AZRTOS-H7 3.5.0
2026-06-05 21:35:40,477 [INFO] ThirdParty:1030 - CMSIS Pack Vendor :STMicroelectronics X-CUBE-PM33A1 1.0.0
2026-06-05 21:35:40,477 [INFO] ThirdParty:1030 - CMSIS Pack Vendor :STMicroelectronics USBPD 4.1
2026-06-05 21:35:40,477 [INFO] ThirdParty:1030 - CMSIS Pack Vendor :STMicroelectronics USB_HOST 2.0.0
2026-06-05 21:35:40,477 [INFO] ThirdParty:1030 - CMSIS Pack Vendor :STMicroelectronics FP-SNS-MOTENVWB1 1.4.0
2026-06-05 21:35:40,477 [INFO] ThirdParty:1030 - CMSIS Pack Vendor :STMicroelectronics X-CUBE-AZRTOS-F4 1.1.0
2026-06-05 21:35:40,477 [INFO] ThirdParty:1030 - CMSIS Pack Vendor :STMicroelectronics LIBJPEG 8.0.0
2026-06-05 21:35:40,477 [INFO] ThirdParty:1030 - CMSIS Pack Vendor :STMicroelectronics FP-ATR-ASTRA1 2.0.2
2026-06-05 21:35:40,477 [INFO] ThirdParty:1030 - CMSIS Pack Vendor :Avnet-IotConnect X-CUBE-IoTC-DA16k-PMOD 1.0.0
2026-06-05 21:35:40,477 [INFO] ThirdParty:1030 - CMSIS Pack Vendor :STMicroelectronics X-CUBE-SMBUS 2.1.0
2026-06-05 21:35:40,477 [INFO] ThirdParty:1030 - CMSIS Pack Vendor :STMicroelectronics X-CUBE-ISPU 2.1.0
2026-06-05 21:35:40,477 [INFO] ThirdParty:1030 - CMSIS Pack Vendor :STMicroelectronics eDS-WB_DPC_TT-BIDIR 2.1.1
2026-06-05 21:35:40,477 [INFO] ThirdParty:1030 - CMSIS Pack Vendor :STMicroelectronics X-CUBE-ST60 1.0.0
2026-06-05 21:35:40,477 [INFO] ThirdParty:1030 - CMSIS Pack Vendor :STMicroelectronics X-CUBE-NFC12 1.0.0
2026-06-05 21:35:40,477 [INFO] ThirdParty:1030 - CMSIS Pack Vendor :STMicroelectronics X-CUBE-AZRTOS-F7 1.1.0
2026-06-05 21:35:40,477 [INFO] ThirdParty:1030 - CMSIS Pack Vendor :STMicroelectronics X-CUBE-AZRTOS-L5 2.0.0
2026-06-05 21:35:40,477 [INFO] ThirdParty:1030 - CMSIS Pack Vendor :STMicroelectronics USB_DEVICE 2.0.0
2026-06-05 21:35:40,477 [INFO] ThirdParty:1030 - CMSIS Pack Vendor :STMicroelectronics X-CUBE-NFC6 3.1.0
2026-06-05 21:35:40,477 [INFO] ThirdParty:1030 - CMSIS Pack Vendor :STMicroelectronics X-CUBE-ALGOBUILD 1.5.0
2026-06-05 21:35:40,477 [INFO] ThirdParty:1030 - CMSIS Pack Vendor :STMicroelectronics FP-SNS-MOTENV1 5.1.0
2026-06-05 21:35:40,477 [INFO] ThirdParty:1030 - CMSIS Pack Vendor :STMicroelectronics FreeRTOS 0.0.1
2026-06-05 21:35:40,477 [INFO] ThirdParty:1030 - CMSIS Pack Vendor :STMicroelectronics eDS-WB_DPC_VIENNA 1.2.0
2026-06-05 21:35:40,477 [INFO] ThirdParty:1030 - CMSIS Pack Vendor :STMicroelectronics eDS-WB_DPC_3PH2L-BIDIR 1.1.1
2026-06-05 21:35:40,477 [INFO] ThirdParty:1030 - CMSIS Pack Vendor :Infineon AIROC-Wi-Fi-Bluetooth-STM32 1.7.1
2026-06-05 21:35:40,477 [INFO] ThirdParty:1030 - CMSIS Pack Vendor :STMicroelectronics PDM2PCM 3.3.0
2026-06-05 21:35:40,477 [INFO] ThirdParty:1030 - CMSIS Pack Vendor :STMicroelectronics X-CUBE-AZRTOS-H7 3.4.0
2026-06-05 21:35:40,477 [INFO] ThirdParty:1030 - CMSIS Pack Vendor :STMicroelectronics X-CUBE-DISPLAY 3.0.0
2026-06-05 21:35:40,477 [INFO] ThirdParty:1030 - CMSIS Pack Vendor :STMicroelectronics X-CUBE-GNSS1 7.1.1
2026-06-05 21:35:40,477 [INFO] ThirdParty:1030 - CMSIS Pack Vendor :STMicroelectronics FP-SNS-MOTENVWB1 1.5.0
2026-06-05 21:35:40,477 [INFO] ThirdParty:1030 - CMSIS Pack Vendor :STMicroelectronics X-CUBE-NFC10 1.0.0
2026-06-05 21:35:40,477 [INFO] ThirdParty:1030 - CMSIS Pack Vendor :STMicroelectronics X-CUBE-BLEMGR 4.0.0
2026-06-05 21:35:40,477 [INFO] ThirdParty:1030 - CMSIS Pack Vendor :STMicroelectronics X-CUBE-FREERTOS 1.3.1
2026-06-05 21:35:40,477 [INFO] ThirdParty:1030 - CMSIS Pack Vendor :STMicroelectronics HAL Drivers 0.0.0
2026-06-05 21:35:40,477 [INFO] ThirdParty:1030 - CMSIS Pack Vendor :emotas I-CUBE-CANOPEN 1.3.0
2026-06-05 21:35:40,477 [INFO] ThirdParty:1030 - CMSIS Pack Vendor :STMicroelectronics MBEDTLS 2.14.1
2026-06-05 21:35:40,477 [INFO] ThirdParty:1030 - CMSIS Pack Vendor :STMicroelectronics X-CUBE-GNSS1 7.1.0
2026-06-05 21:35:40,477 [INFO] ThirdParty:1030 - CMSIS Pack Vendor :STMicroelectronics X-CUBE-TOUCHGFX 4.26.0
2026-06-05 21:35:40,477 [INFO] ThirdParty:1030 - CMSIS Pack Vendor :STMicroelectronics X-CUBE-TOUCHGFX 4.26.1
2026-06-05 21:35:40,477 [INFO] ThirdParty:1030 - CMSIS Pack Vendor :quantropi X-CUBE-qispace-sdk-base 2.0.0
2026-06-05 21:35:40,477 [INFO] ThirdParty:1030 - CMSIS Pack Vendor :STMicroelectronics FP-SNS-STBOX1 2.1.0
2026-06-05 21:35:40,477 [INFO] ThirdParty:1030 - CMSIS Pack Vendor :STMicroelectronics FP-SNS-STAIOTCFT 1.0.0
2026-06-05 21:35:40,477 [INFO] ThirdParty:1030 - CMSIS Pack Vendor :STMicroelectronics FP-SNS-SMARTAG2 1.2.0
2026-06-05 21:35:40,477 [INFO] ThirdParty:1030 - CMSIS Pack Vendor :STMicroelectronics FP-SNS-FLIGHT1 5.1.0
2026-06-05 21:35:40,477 [INFO] ThirdParty:1030 - CMSIS Pack Vendor :STMicroelectronics X-CUBE-AZRTOS-WL 2.0.0
2026-06-05 21:35:40,477 [INFO] ThirdParty:1030 - CMSIS Pack Vendor :STMicroelectronics X-CUBE-DPower 1.3.0
2026-06-05 21:35:40,477 [INFO] ThirdParty:1030 - CMSIS Pack Vendor :STMicroelectronics FP-SNS-MOTENV1 5.0.0
2026-06-05 21:35:40,477 [INFO] ThirdParty:1030 - CMSIS Pack Vendor :STMicroelectronics USB_DEVICE 1.0.0
2026-06-05 21:35:40,477 [INFO] ThirdParty:1030 - CMSIS Pack Vendor :STMicroelectronics X-CUBE-AZRTOS-H7RS 1.2.0
2026-06-05 21:35:40,477 [INFO] ThirdParty:1030 - CMSIS Pack Vendor :STMicroelectronics X-CUBE-AZRTOS-L4 2.0.0
2026-06-05 21:35:40,477 [INFO] ThirdParty:1030 - CMSIS Pack Vendor :STMicroelectronics ThreadX 0.0.2
2026-06-05 21:35:40,477 [INFO] ThirdParty:1030 - CMSIS Pack Vendor :WES I-CUBE-Cesium 1.3.0
2026-06-05 21:35:40,477 [INFO] ThirdParty:1030 - CMSIS Pack Vendor :STMicroelectronics lwIP 2.1.2
2026-06-05 21:35:40,477 [INFO] ThirdParty:1030 - CMSIS Pack Vendor :STMicroelectronics X-CUBE-SFXS2LP1 4.0.0
2026-06-05 21:35:40,477 [INFO] ThirdParty:1030 - CMSIS Pack Vendor :STMicroelectronics X-CUBE-BLE2 3.3.0
2026-06-05 21:35:40,477 [INFO] ThirdParty:1030 - CMSIS Pack Vendor :Avnet-IOTCONNECT X-CUBE-iotc-st67-sdk 1.0.0
2026-06-05 21:35:40,477 [INFO] ThirdParty:1030 - CMSIS Pack Vendor :STMicroelectronics PDM2PCM 3.2.0
2026-06-05 21:35:40,477 [INFO] ThirdParty:1030 - CMSIS Pack Vendor :STMicroelectronics X-CUBE-WB05N 2.1.0
2026-06-05 21:35:40,477 [INFO] ThirdParty:1030 - CMSIS Pack Vendor :STMicroelectronics X-CUBE-ST67W61 1.2.0
2026-06-05 21:35:40,477 [INFO] ThirdParty:1030 - CMSIS Pack Vendor :STMicroelectronics X-CUBE-NFC9 1.0.0
2026-06-05 21:35:40,477 [INFO] ThirdParty:1030 - CMSIS Pack Vendor :wolfSSL I-CUBE-wolfSSL 5.8.0
2026-06-05 21:35:40,477 [INFO] ThirdParty:1030 - CMSIS Pack Vendor :STMicroelectronics X-CUBE-BLE1 7.1.0
2026-06-05 21:35:40,477 [INFO] ThirdParty:1030 - CMSIS Pack Vendor :wolfSSL I-CUBE-wolfMQTT 1.19.2
2026-06-05 21:35:40,477 [INFO] ThirdParty:1030 - CMSIS Pack Vendor :STMicroelectronics USB_DEVICE 3.0.0
2026-06-05 21:35:40,477 [INFO] ThirdParty:1030 - CMSIS Pack Vendor :STMicroelectronics X-CUBE-FREERTOS 1.4.0
2026-06-05 21:35:40,477 [INFO] ThirdParty:1030 - CMSIS Pack Vendor :STMicroelectronics X-CUBE-EEPRMA1 5.2.0
2026-06-05 21:35:40,477 [INFO] ThirdParty:1030 - CMSIS Pack Vendor :STMicroelectronics X-CUBE-BLEMGR 4.1.0
2026-06-05 21:35:40,477 [INFO] ThirdParty:1030 - CMSIS Pack Vendor :STMicroelectronics X-CUBE-AZRTOS-WB 2.0.0
2026-06-05 21:35:40,477 [INFO] ThirdParty:1030 - CMSIS Pack Vendor :STMicroelectronics X-CUBE-GNSS1 7.0.1
2026-06-05 21:35:40,477 [INFO] ThirdParty:1030 - CMSIS Pack Vendor :STMicroelectronics X-CUBE-TOUCHGFX 4.25.0
2026-06-05 21:35:40,477 [INFO] ThirdParty:1030 - CMSIS Pack Vendor :STMicroelectronics X-CUBE-AI 10.1.0
2026-06-05 21:35:40,477 [INFO] ThirdParty:1030 - CMSIS Pack Vendor :STMicroelectronics FP-SNS-STBOX1 2.0.0
2026-06-05 21:35:40,477 [INFO] ThirdParty:1030 - CMSIS Pack Vendor :STMicroelectronics FP-SNS-STAIOTCFT 1.1.0
2026-06-05 21:35:40,477 [INFO] ThirdParty:1030 - CMSIS Pack Vendor :STMicroelectronics X-CUBE-MEMS1 12.0.0
2026-06-05 21:35:40,477 [INFO] ThirdParty:1030 - CMSIS Pack Vendor :STMicroelectronics X-CUBE-STSE01 2.0.0
2026-06-05 21:35:40,477 [INFO] ThirdParty:1030 - CMSIS Pack Vendor :STMicroelectronics X-CUBE-AZRTOS-G0 1.1.0
2026-06-05 21:35:40,477 [INFO] ThirdParty:1030 - CMSIS Pack Vendor :STMicroelectronics X-CUBE-SAFEA1 1.2.2
2026-06-05 21:35:40,477 [INFO] ThirdParty:1030 - CMSIS Pack Vendor :STMicroelectronics X-CUBE-NFC4 3.0.0
2026-06-05 21:35:40,477 [INFO] ThirdParty:1030 - CMSIS Pack Vendor :STMicroelectronics X-CUBE-SUBG2 5.0.0
2026-06-05 21:35:40,477 [INFO] ThirdParty:1030 - CMSIS Pack Vendor :STMicroelectronics X-CUBE-AZRTOS-H7RS 1.1.0
2026-06-05 21:35:40,477 [INFO] ThirdParty:1030 - CMSIS Pack Vendor :STMicroelectronics STM32_WPAN 1.0.0
2026-06-05 21:35:40,477 [INFO] ThirdParty:1030 - CMSIS Pack Vendor :EmbeddedOffice I-CUBE-FS-RTOS 1.0.1
2026-06-05 21:35:40,477 [INFO] ThirdParty:1030 - CMSIS Pack Vendor :STMicroelectronics lwIP 2.0.3
2026-06-05 21:35:40,477 [INFO] ThirdParty:1030 - CMSIS Pack Vendor :Cesanta I-CUBE-Mongoose 7.13.0
2026-06-05 21:35:40,477 [INFO] ThirdParty:1030 - CMSIS Pack Vendor :STMicroelectronics USB_HOST 1.0.0
2026-06-05 21:35:40,477 [INFO] ThirdParty:1030 - CMSIS Pack Vendor :STMicroelectronics X-CUBE-AZRTOS-G4 2.0.0
2026-06-05 21:35:40,478 [INFO] ThirdParty:1030 - CMSIS Pack Vendor :STMicroelectronics X-CUBE-WB05N 2.0.0
2026-06-05 21:35:40,478 [INFO] ThirdParty:1030 - CMSIS Pack Vendor :STMicroelectronics PDM2PCM 3.1.0
2026-06-05 21:35:40,478 [INFO] ThirdParty:1030 - CMSIS Pack Vendor :wolfSSL I-CUBE-wolfTPM 3.8.0
2026-06-05 21:35:40,478 [INFO] ThirdParty:1030 - CMSIS Pack Vendor :wolfSSL I-CUBE-wolfSSH 1.4.20
2026-06-05 21:35:40,478 [INFO] ThirdParty:1030 - CMSIS Pack Vendor :STMicroelectronics X-CUBE-NFC7 2.0.0
2026-06-05 21:35:40,478 [INFO] ThirdParty:1030 - CMSIS Pack Vendor :STMicroelectronics X-CUBE-TCPP 4.2.0
2026-06-05 21:35:40,478 [INFO] ThirdParty:1030 - CMSIS Pack Vendor :RealThread X-CUBE-RT-Thread_Nano 4.1.1
2026-06-05 21:35:40,478 [INFO] ThirdParty:1030 - CMSIS Pack Vendor :STMicroelectronics FP-ATR-SIGFOX1 3.2.0
2026-06-05 21:35:40,478 [INFO] ThirdParty:1030 - CMSIS Pack Vendor :STMicroelectronics X-CUBE-EEPRMA1 5.1.0
2026-06-05 21:35:40,478 [INFO] ThirdParty:1030 - CMSIS Pack Vendor :STMicroelectronics X-CUBE-FREERTOS 1.5.0
2026-06-05 21:35:40,478 [INFO] ThirdParty:1030 - CMSIS Pack Vendor :STMicroelectronics MBEDTLS 2.16.2
2026-06-05 21:35:40,478 [INFO] ThirdParty:1030 - CMSIS Pack Vendor :STMicroelectronics X-CUBE-IPS 3.1.0
2026-06-05 21:35:40,478 [INFO] ThirdParty:1030 - CMSIS Pack Vendor :STMicroelectronics X-CUBE-ALS 1.0.2
2026-06-05 21:35:40,478 [INFO] ThirdParty:1030 - CMSIS Pack Vendor :ITTIA_DB I-CUBE-ITTIADB 8.9.0
2026-06-05 21:35:40,478 [INFO] ThirdParty:1030 - CMSIS Pack Vendor :STMicroelectronics X-CUBE-STSE01 1.0.0
2026-06-05 21:35:40,478 [INFO] ThirdParty:1030 - CMSIS Pack Vendor :portGmbH I-Cube-SoM-uGOAL 1.1.0
2026-06-05 21:35:40,478 [INFO] ThirdParty:1030 - CMSIS Pack Vendor :STMicroelectronics X-CUBE-NFC6 3.2.0
2026-06-05 21:35:40,478 [INFO] ThirdParty:1030 - CMSIS Pack Vendor :STMicroelectronics X-CUBE-ST67W61 1.0.0
2026-06-05 21:35:40,478 [INFO] ThirdParty:1030 - CMSIS Pack Vendor :STMicroelectronics X-CUBE-AI 10.2.0
2026-06-05 21:35:40,478 [INFO] ThirdParty:1030 - CMSIS Pack Vendor :STMicroelectronics ThreadX 1.0.0
2026-06-05 21:35:40,478 [INFO] ThirdParty:1030 - CMSIS Pack Vendor :STMicroelectronics X-CUBE-MEMS1 12.1.0
2026-06-05 21:35:40,478 [INFO] ThirdParty:1030 - CMSIS Pack Vendor :SEGGER I-CUBE-embOS 1.3.1
2026-06-05 21:35:40,478 [INFO] ThirdParty:1030 - CMSIS Pack Vendor :STMicroelectronics X-CUBE-ALGOBUILD 1.4.0
2026-06-05 21:35:40,478 [INFO] ThirdParty:1030 - CMSIS Pack Vendor :STMicroelectronics X-CUBE-MEMS1 11.3.0
2026-06-05 21:35:40,478 [INFO] ThirdParty:1030 - CMSIS Pack Vendor :STMicroelectronics X-CUBE-TOF1 3.4.3
2026-06-05 21:35:40,478 [INFO] ThirdParty:841 - exiting critical section [change project]
2026-06-05 21:35:40,698 [INFO] PinOutPanel:1589 - setPackage(No Configuration,No Configuration)
2026-06-05 21:35:40,699 [INFO] PinOutPanel:1589 - setPackage(STM32L432KCUx,UFQFPN32)
2026-06-05 21:35:41,209 [INFO] UtilMem:75 - Before build in PCC Used Memory: 699449464 Bytes (1073741824)
2026-06-05 21:35:41,939 [INFO] UtilMem:75 - After build in PCC Used Memory: 826103408 Bytes (1073741824)
2026-06-05 21:35:41,962 [INFO] IPUIPlugin:80 - create IPUIPlugin
2026-06-05 21:35:41,963 [INFO] IPUIPlugin:80 - create IPUIPlugin
2026-06-05 21:35:41,963 [INFO] IPUIPlugin:80 - create IPUIPlugin
2026-06-05 21:35:41,963 [INFO] IPUIPlugin:80 - create IPUIPlugin
2026-06-05 21:35:41,963 [INFO] IPUIPlugin:80 - create IPUIPlugin
2026-06-05 21:35:41,963 [INFO] IPUIPlugin:80 - create IPUIPlugin
2026-06-05 21:35:41,963 [INFO] IPUIPlugin:80 - create IPUIPlugin
2026-06-05 21:35:41,963 [INFO] IPUIPlugin:80 - create IPUIPlugin
2026-06-05 21:35:41,963 [INFO] IPUIPlugin:80 - create IPUIPlugin
2026-06-05 21:35:41,963 [INFO] IPUIPlugin:80 - create IPUIPlugin
2026-06-05 21:35:41,963 [INFO] IPUIPlugin:80 - create IPUIPlugin
2026-06-05 21:35:41,963 [INFO] IPUIPlugin:80 - create IPUIPlugin
2026-06-05 21:35:41,963 [INFO] IPUIPlugin:80 - create IPUIPlugin
2026-06-05 21:35:41,964 [INFO] IPUIPlugin:80 - create IPUIPlugin
2026-06-05 21:35:41,964 [INFO] IPUIPlugin:80 - create IPUIPlugin
2026-06-05 21:35:41,964 [INFO] IPUIPlugin:80 - create IPUIPlugin
2026-06-05 21:35:41,964 [INFO] IPUIPlugin:80 - create IPUIPlugin
2026-06-05 21:35:41,964 [INFO] IPUIPlugin:80 - create IPUIPlugin
2026-06-05 21:35:41,964 [INFO] IPUIPlugin:80 - create IPUIPlugin
2026-06-05 21:35:41,964 [INFO] IPUIPlugin:80 - create IPUIPlugin
2026-06-05 21:35:41,964 [INFO] IPUIPlugin:80 - create IPUIPlugin
2026-06-05 21:35:41,964 [INFO] IPUIPlugin:80 - create IPUIPlugin
2026-06-05 21:35:41,964 [INFO] IPUIPlugin:80 - create IPUIPlugin
2026-06-05 21:35:41,966 [INFO] IPUIPlugin:80 - create IPUIPlugin
2026-06-05 21:35:41,966 [INFO] IPUIPlugin:80 - create IPUIPlugin
2026-06-05 21:35:41,966 [INFO] IPUIPlugin:80 - create IPUIPlugin
2026-06-05 21:35:41,966 [INFO] IPUIPlugin:80 - create IPUIPlugin
2026-06-05 21:35:41,966 [INFO] IPUIPlugin:80 - create IPUIPlugin
2026-06-05 21:35:41,966 [INFO] IPUIPlugin:80 - create IPUIPlugin
2026-06-05 21:35:41,966 [INFO] IPUIPlugin:80 - create IPUIPlugin
2026-06-05 21:35:41,966 [INFO] IPUIPlugin:80 - create IPUIPlugin
2026-06-05 21:35:41,966 [INFO] IPUIPlugin:80 - create IPUIPlugin
2026-06-05 21:35:41,966 [INFO] IPUIPlugin:80 - create IPUIPlugin
2026-06-05 21:35:41,966 [INFO] IPUIPlugin:80 - create IPUIPlugin
2026-06-05 21:35:41,966 [INFO] IPUIPlugin:80 - create IPUIPlugin
2026-06-05 21:35:41,968 [INFO] IPUIPlugin:80 - create IPUIPlugin
2026-06-05 21:35:41,968 [INFO] IPUIPlugin:80 - create IPUIPlugin
2026-06-05 21:35:41,968 [INFO] IPUIPlugin:80 - create IPUIPlugin
2026-06-05 21:35:41,968 [INFO] IPUIPlugin:80 - create IPUIPlugin
2026-06-05 21:35:41,968 [INFO] IPUIPlugin:80 - create IPUIPlugin
2026-06-05 21:35:41,969 [INFO] IPUIPlugin:80 - create IPUIPlugin
2026-06-05 21:35:42,187 [INFO] CADModel:165 - CPN selected for project levelSTM32L432KCU3
2026-06-05 21:35:42,187 [INFO] CADModel:114 - Register for checkConnection events
2026-06-05 21:35:42,235 [INFO] OpenFileManager:386 - Restore cursor
2026-06-05 21:35:42,840 [INFO] UtilMem:75 - End SaveConfig() Used Memory: 941022360 Bytes (1073741824)
2026-06-05 21:35:42,904 [INFO] UtilMem:75 - End SaveConfig() Used Memory: 955267024 Bytes (1073741824)
2026-06-05 21:35:43,277 [INFO] BlockDiagram:2775 - set Specific Code input for plugin: NVIC
2026-06-05 21:35:43,277 [INFO] BlockDiagram:2775 - set Specific Code input for plugin: USART
2026-06-05 21:35:43,277 [INFO] BlockDiagram:2775 - set Specific Code input for plugin: SYS
2026-06-05 21:35:43,277 [INFO] BlockDiagram:2775 - set Specific Code input for plugin: GPIO
2026-06-05 21:35:43,277 [INFO] BlockDiagram:2775 - set Specific Code input for plugin: RCC
2026-06-05 21:35:43,278 [INFO] CodeGenerator:892 - code generatio: config db path: E:\STM32CubeIDE_1.19.0\STM32CubeIDE\plugins\com.st.stm32cube.common.mx_6.15.0.202507011659\\db\
2026-06-05 21:35:43,394 [INFO] CodeEngine:265 - oldGeneratedFile, E:\altium_projects\stm_projects\steppe_school_custom_bootloader_l432kc_bootloader\MXTmpFiles\license.tmp_save
2026-06-05 21:35:43,714 [INFO] CodeEngine:289 - Generated code: E:\altium_projects\stm_projects\steppe_school_custom_bootloader_l432kc_bootloader\MXTmpFiles\license.tmp
2026-06-05 21:35:43,801 [INFO] CodeEngine:265 - oldGeneratedFile, E:\altium_projects\stm_projects\steppe_school_custom_bootloader_l432kc_bootloader\MXTmpFiles\gpio.tmp_save
2026-06-05 21:35:43,910 [INFO] CodeEngine:289 - Generated code: E:\altium_projects\stm_projects\steppe_school_custom_bootloader_l432kc_bootloader\MXTmpFiles\gpio.tmp
2026-06-05 21:35:44,013 [INFO] CodeEngine:265 - oldGeneratedFile, E:\altium_projects\stm_projects\steppe_school_custom_bootloader_l432kc_bootloader\Core\Src\stm32l4xx_it.c_save
2026-06-05 21:35:44,100 [INFO] CodeEngine:289 - Generated code: E:\altium_projects\stm_projects\steppe_school_custom_bootloader_l432kc_bootloader\Core\Src\stm32l4xx_it.c
2026-06-05 21:35:44,109 [INFO] CodeEngine:265 - oldGeneratedFile, E:\altium_projects\stm_projects\steppe_school_custom_bootloader_l432kc_bootloader\Core\Inc\stm32l4xx_it.h_save
2026-06-05 21:35:44,164 [INFO] CodeEngine:289 - Generated code: E:\altium_projects\stm_projects\steppe_school_custom_bootloader_l432kc_bootloader\Core\Inc\stm32l4xx_it.h
2026-06-05 21:35:44,200 [INFO] CodeEngine:265 - oldGeneratedFile, E:\altium_projects\stm_projects\steppe_school_custom_bootloader_l432kc_bootloader\Core\Src\stm32l4xx_hal_msp.c_save
2026-06-05 21:35:44,304 [INFO] CodeEngine:289 - Generated code: E:\altium_projects\stm_projects\steppe_school_custom_bootloader_l432kc_bootloader\Core\Src\stm32l4xx_hal_msp.c
2026-06-05 21:35:44,320 [INFO] CodeEngine:265 - oldGeneratedFile, E:\altium_projects\stm_projects\steppe_school_custom_bootloader_l432kc_bootloader\MXTmpFiles\system.tmp_save
2026-06-05 21:35:44,373 [INFO] CodeEngine:289 - Generated code: E:\altium_projects\stm_projects\steppe_school_custom_bootloader_l432kc_bootloader\MXTmpFiles\system.tmp
2026-06-05 21:35:44,392 [INFO] CodeEngine:321 - oldGeneratedFile, E:\altium_projects\stm_projects\steppe_school_custom_bootloader_l432kc_bootloader\Core\Inc\stm32l4xx_hal_conf.h_save
2026-06-05 21:35:44,448 [INFO] CodeEngine:345 - Generated code: E:\altium_projects\stm_projects\steppe_school_custom_bootloader_l432kc_bootloader\Core\Inc\stm32l4xx_hal_conf.h
2026-06-05 21:35:44,491 [INFO] ApiDbMcu:532 - Load IP Config File for USART2
2026-06-05 21:35:44,495 [INFO] ApiDbMcu:532 - Load IP Config File for RCC
2026-06-05 21:35:44,509 [INFO] CodeEngine:265 - oldGeneratedFile, E:\altium_projects\stm_projects\steppe_school_custom_bootloader_l432kc_bootloader\Core\Inc\main.h_save
2026-06-05 21:35:44,583 [INFO] CodeEngine:289 - Generated code: E:\altium_projects\stm_projects\steppe_school_custom_bootloader_l432kc_bootloader\Core\Inc\main.h
2026-06-05 21:35:44,592 [INFO] CodeEngine:265 - oldGeneratedFile, E:\altium_projects\stm_projects\steppe_school_custom_bootloader_l432kc_bootloader\Core\Src\main.c_save
2026-06-05 21:35:44,719 [INFO] CodeEngine:289 - Generated code: E:\altium_projects\stm_projects\steppe_school_custom_bootloader_l432kc_bootloader\Core\Src\main.c
2026-06-05 21:35:45,115 [INFO] ProjectBuilder:3606 - Time for Copy HAL[1] : 211mS.
2026-06-05 21:35:45,123 [INFO] ProjectBuilder:5216 - Project Generator version: 4.7.0-B52
2026-06-05 21:35:45,209 [INFO] ConfigFileManager:1595 - The Die is : DIE435
2026-06-05 21:35:45,217 [INFO] ApiDbMcu:532 - Load IP Config File for FATFS
2026-06-05 21:35:45,221 [INFO] ApiDbMcu:532 - Load IP Config File for FREERTOS
2026-06-05 21:35:45,231 [INFO] ApiDbMcu:532 - Load IP Config File for TOUCHSENSING
2026-06-05 21:35:45,236 [INFO] ApiDbMcu:532 - Load IP Config File for USB_DEVICE
2026-06-05 21:35:45,534 [INFO] LogOutputStream:77 - [STDOUT_REDIRECT] 
2026-06-05 21:35:47,674 [INFO] ProjectBuilder:5496 - Time for Generating toolchain IDE Files: 2551mS.
2026-06-05 21:35:47,674 [INFO] ProjectBuilder:3463 - Time for Copy CMSIS : 0mS.
2026-06-05 21:35:47,677 [INFO] ProjectBuilder:3463 - Time for Copy CMSIS : 1mS.
2026-06-05 21:35:48,558 [INFO] McuFinderGlobals:76 - Set McuFinderConnectedMode to true
2026-06-05 21:35:48,561 [INFO] ApiDb:448 - Save user favorites file C:\Users\Josh/.stm32cubeide/favorites.mcus.txt: 0 item(s)
2026-06-05 21:35:48,561 [INFO] ApiDb:452 - User favorites MCUs=[]
2026-06-05 21:35:48,562 [INFO] ApiDb:448 - Save user favorites file C:\Users\Josh/.stm32cubeide/favorites.boards.txt: 0 item(s)
2026-06-05 21:35:48,562 [INFO] ApiDb:452 - User favorites Boards=[]
2026-06-05 21:42:19,501 [INFO] NvicIntPanel:101 - NVIC parent = com.st.microxplorer.plugins.ip.nvic.MultiNvicIntPanel[,0,0,534x450,layout=javax.swing.BoxLayout,alignmentX=0.0,alignmentY=0.0,border=,flags=9,maximumSize=,minimumSize=,preferredSize=]
2026-06-05 21:42:34,564 [INFO] NvicIntPanel:101 - NVIC parent = com.st.microxplorer.plugins.ip.nvic.MultiNvicIntPanel[,0,0,0x0,invalid,layout=javax.swing.BoxLayout,alignmentX=0.0,alignmentY=0.0,border=,flags=9,maximumSize=,minimumSize=,preferredSize=]
2026-06-05 21:42:36,981 [INFO] NvicIntPanel:101 - NVIC parent = com.st.microxplorer.plugins.ip.nvic.MultiNvicIntPanel[,0,0,0x0,invalid,layout=javax.swing.BoxLayout,alignmentX=0.0,alignmentY=0.0,border=,flags=9,maximumSize=,minimumSize=,preferredSize=]
2026-06-05 21:42:47,178 [INFO] NvicIntPanel:101 - NVIC parent = com.st.microxplorer.plugins.ip.nvic.MultiNvicIntPanel[,0,0,0x0,invalid,layout=javax.swing.BoxLayout,alignmentX=0.0,alignmentY=0.0,border=,flags=9,maximumSize=,minimumSize=,preferredSize=]
2026-06-05 21:44:38,348 [INFO] UtilMem:75 - End SaveConfig() Used Memory: 1004627808 Bytes (1073741824)
2026-06-05 21:44:39,644 [INFO] UtilMem:75 - End SaveConfig() Used Memory: 1022453600 Bytes (1073741824)
2026-06-05 21:44:41,307 [INFO] UtilMem:75 - End SaveConfig() Used Memory: 743535696 Bytes (1073741824)
2026-06-05 21:44:41,486 [INFO] BlockDiagram:2775 - set Specific Code input for plugin: NVIC
2026-06-05 21:44:41,486 [INFO] BlockDiagram:2775 - set Specific Code input for plugin: USART
2026-06-05 21:44:41,487 [INFO] BlockDiagram:2775 - set Specific Code input for plugin: DMA
2026-06-05 21:44:41,487 [INFO] BlockDiagram:2775 - set Specific Code input for plugin: SYS
2026-06-05 21:44:41,487 [INFO] BlockDiagram:2775 - set Specific Code input for plugin: GPIO
2026-06-05 21:44:41,487 [INFO] BlockDiagram:2775 - set Specific Code input for plugin: RCC
2026-06-05 21:44:41,487 [INFO] BlockDiagram:2775 - set Specific Code input for plugin: CRC
2026-06-05 21:44:41,488 [INFO] CodeGenerator:892 - code generatio: config db path: E:\STM32CubeIDE_1.19.0\STM32CubeIDE\plugins\com.st.stm32cube.common.mx_6.15.0.202507011659\\db\
2026-06-05 21:44:41,558 [INFO] CodeEngine:265 - oldGeneratedFile, E:\altium_projects\stm_projects\steppe_school_custom_bootloader_l432kc_bootloader\MXTmpFiles\license.tmp_save
2026-06-05 21:44:41,737 [INFO] CodeEngine:289 - Generated code: E:\altium_projects\stm_projects\steppe_school_custom_bootloader_l432kc_bootloader\MXTmpFiles\license.tmp
2026-06-05 21:44:41,770 [INFO] CodeEngine:265 - oldGeneratedFile, E:\altium_projects\stm_projects\steppe_school_custom_bootloader_l432kc_bootloader\MXTmpFiles\gpio.tmp_save
2026-06-05 21:44:41,839 [INFO] CodeEngine:289 - Generated code: E:\altium_projects\stm_projects\steppe_school_custom_bootloader_l432kc_bootloader\MXTmpFiles\gpio.tmp
2026-06-05 21:44:42,029 [INFO] CodeEngine:265 - oldGeneratedFile, E:\altium_projects\stm_projects\steppe_school_custom_bootloader_l432kc_bootloader\MXTmpFiles\dma.tmp_save
2026-06-05 21:44:42,071 [INFO] CodeEngine:289 - Generated code: E:\altium_projects\stm_projects\steppe_school_custom_bootloader_l432kc_bootloader\MXTmpFiles\dma.tmp
2026-06-05 21:44:42,074 [INFO] CodeEngine:265 - oldGeneratedFile, E:\altium_projects\stm_projects\steppe_school_custom_bootloader_l432kc_bootloader\MXTmpFiles\dma_GV.tmp_save
2026-06-05 21:44:42,111 [INFO] CodeEngine:289 - Generated code: E:\altium_projects\stm_projects\steppe_school_custom_bootloader_l432kc_bootloader\MXTmpFiles\dma_GV.tmp
2026-06-05 21:44:42,119 [INFO] CodeEngine:265 - oldGeneratedFile, E:\altium_projects\stm_projects\steppe_school_custom_bootloader_l432kc_bootloader\Core\Src\stm32l4xx_it.c_save
2026-06-05 21:44:42,276 [INFO] CodeEngine:289 - Generated code: E:\altium_projects\stm_projects\steppe_school_custom_bootloader_l432kc_bootloader\Core\Src\stm32l4xx_it.c
2026-06-05 21:44:42,279 [INFO] CodeEngine:265 - oldGeneratedFile, E:\altium_projects\stm_projects\steppe_school_custom_bootloader_l432kc_bootloader\Core\Inc\stm32l4xx_it.h_save
2026-06-05 21:44:42,322 [INFO] CodeEngine:289 - Generated code: E:\altium_projects\stm_projects\steppe_school_custom_bootloader_l432kc_bootloader\Core\Inc\stm32l4xx_it.h
2026-06-05 21:44:42,330 [INFO] CodeEngine:265 - oldGeneratedFile, E:\altium_projects\stm_projects\steppe_school_custom_bootloader_l432kc_bootloader\Core\Src\stm32l4xx_hal_msp.c_save
2026-06-05 21:44:42,409 [INFO] CodeEngine:289 - Generated code: E:\altium_projects\stm_projects\steppe_school_custom_bootloader_l432kc_bootloader\Core\Src\stm32l4xx_hal_msp.c
2026-06-05 21:44:42,413 [INFO] CodeEngine:265 - oldGeneratedFile, E:\altium_projects\stm_projects\steppe_school_custom_bootloader_l432kc_bootloader\MXTmpFiles\system.tmp_save
2026-06-05 21:44:42,447 [INFO] CodeEngine:289 - Generated code: E:\altium_projects\stm_projects\steppe_school_custom_bootloader_l432kc_bootloader\MXTmpFiles\system.tmp
2026-06-05 21:44:42,453 [INFO] CodeEngine:321 - oldGeneratedFile, E:\altium_projects\stm_projects\steppe_school_custom_bootloader_l432kc_bootloader\Core\Inc\stm32l4xx_hal_conf.h_save
2026-06-05 21:44:42,494 [INFO] CodeEngine:345 - Generated code: E:\altium_projects\stm_projects\steppe_school_custom_bootloader_l432kc_bootloader\Core\Inc\stm32l4xx_hal_conf.h
2026-06-05 21:44:42,511 [INFO] ApiDbMcu:532 - Load IP Config File for CRC
2026-06-05 21:44:42,517 [INFO] CodeEngine:265 - oldGeneratedFile, E:\altium_projects\stm_projects\steppe_school_custom_bootloader_l432kc_bootloader\Core\Inc\main.h_save
2026-06-05 21:44:42,571 [INFO] CodeEngine:289 - Generated code: E:\altium_projects\stm_projects\steppe_school_custom_bootloader_l432kc_bootloader\Core\Inc\main.h
2026-06-05 21:44:42,574 [INFO] CodeEngine:265 - oldGeneratedFile, E:\altium_projects\stm_projects\steppe_school_custom_bootloader_l432kc_bootloader\Core\Src\main.c_save
2026-06-05 21:44:42,636 [INFO] CodeEngine:289 - Generated code: E:\altium_projects\stm_projects\steppe_school_custom_bootloader_l432kc_bootloader\Core\Src\main.c
2026-06-05 21:44:42,827 [INFO] ProjectBuilder:3606 - Time for Copy HAL[1] : 101mS.
2026-06-05 21:44:42,830 [INFO] ProjectBuilder:5216 - Project Generator version: 4.7.0-B52
2026-06-05 21:44:42,898 [INFO] ConfigFileManager:1595 - The Die is : DIE435
2026-06-05 21:44:43,581 [INFO] ProjectBuilder:5496 - Time for Generating toolchain IDE Files: 751mS.
2026-06-05 21:44:43,581 [INFO] ProjectBuilder:3463 - Time for Copy CMSIS : 0mS.
2026-06-05 21:44:43,583 [INFO] ProjectBuilder:3463 - Time for Copy CMSIS : 0mS.
2026-06-05 22:07:59,262 [INFO] WebApp:194 - Connection lost
2026-06-05 22:07:59,639 [INFO] WebApp:191 - Connection restablished
2026-06-05 22:27:44,070 [INFO] MainUpdater:2872 - connection check result : 10
2026-06-05 22:27:44,070 [INFO] MainUpdater:2872 - connection check result : 10
2026-06-05 22:27:44,130 [INFO] MicroXplorer:468 - Change Database Path : 
2026-06-05 22:27:44,130 [INFO] MicroXplorer:498 - Change Database Version : DB.6.0.150
2026-06-05 22:27:44,146 [ERROR] ProjectManagerView:395 - 
java.lang.NullPointerException: Cannot invoke "javax.swing.JTextField.getText()" because the return value of "java.util.List.get(int)" is null
	at com.st.microxplorer.plugins.projectmanager.gui.ProjectChoiceTab$9.caretUpdate(ProjectChoiceTab.java:2706) ~[filemanager.jar:?]
	at javax.swing.text.JTextComponent.fireCaretUpdate(JTextComponent.java:408) ~[?:?]
	at javax.swing.text.JTextComponent$MutableCaretEvent.fire(JTextComponent.java:4484) ~[?:?]
	at javax.swing.text.JTextComponent$MutableCaretEvent.stateChanged(JTextComponent.java:4506) ~[?:?]
	at javax.swing.text.DefaultCaret.fireStateChanged(DefaultCaret.java:857) ~[?:?]
	at javax.swing.text.DefaultCaret.changeCaretPosition(DefaultCaret.java:1343) ~[?:?]
	at javax.swing.text.DefaultCaret.handleSetDot(DefaultCaret.java:1242) ~[?:?]
	at javax.swing.text.DefaultCaret.setDot(DefaultCaret.java:1223) ~[?:?]
	at javax.swing.text.DefaultCaret$Handler.insertUpdate(DefaultCaret.java:1819) ~[?:?]
	at javax.swing.text.AbstractDocument.fireInsertUpdate(AbstractDocument.java:227) ~[?:?]
	at javax.swing.text.AbstractDocument.handleInsertString(AbstractDocument.java:781) ~[?:?]
	at javax.swing.text.AbstractDocument.insertString(AbstractDocument.java:740) ~[?:?]
	at javax.swing.text.PlainDocument.insertString(PlainDocument.java:131) ~[?:?]
	at javax.swing.text.AbstractDocument.replace(AbstractDocument.java:699) ~[?:?]
	at javax.swing.text.JTextComponent.setText(JTextComponent.java:1725) ~[?:?]
	at com.st.microxplorer.plugins.projectmanager.gui.ProjectChoiceTab.createHeapStackFields(ProjectChoiceTab.java:993) ~[filemanager.jar:?]
	at com.st.microxplorer.plugins.projectmanager.gui.ProjectChoiceTab.buildLinkSettingsPanel(ProjectChoiceTab.java:3813) ~[filemanager.jar:?]
	at com.st.microxplorer.plugins.projectmanager.gui.ProjectChoiceTab.defineWindowsFields(ProjectChoiceTab.java:1987) ~[filemanager.jar:?]
	at com.st.microxplorer.plugins.projectmanager.gui.ProjectChoiceTab.updateSettings(ProjectChoiceTab.java:558) ~[filemanager.jar:?]
	at com.st.microxplorer.plugins.projectmanager.gui.ProjectSettingsPanel.UpdateDialog(ProjectSettingsPanel.java:247) ~[filemanager.jar:?]
	at com.st.microxplorer.plugins.projectmanager.ProjectManagerView.propertyChange(ProjectManagerView.java:392) ~[filemanager.jar:?]
	at java.beans.PropertyChangeSupport.fire(PropertyChangeSupport.java:343) ~[?:?]
	at java.beans.PropertyChangeSupport.firePropertyChange(PropertyChangeSupport.java:335) ~[?:?]
	at java.beans.PropertyChangeSupport.firePropertyChange(PropertyChangeSupport.java:268) ~[?:?]
	at com.st.microxplorer.util.MXPropertyChangeSupport.firePropertyChange(MXPropertyChangeSupport.java:54) ~[STM32CubeMX.jar:?]
	at com.st.microxplorer.mxsystem.MxSystem.closeConfig(MxSystem.java:899) ~[STM32CubeMX.jar:?]
	at com.st.microxplorer.maingui.MainPanel.closeConfig(MainPanel.java:792) ~[STM32CubeMX.jar:?]
	at com.st.microxplorer.plugins.filemanager.engine.OpenFileManager.loadConfigurationFile(OpenFileManager.java:288) ~[filemanager.jar:?]
	at com.st.microxplorer.plugins.filemanager.engine.MainFileManager.userLoadConfig(MainFileManager.java:364) ~[filemanager.jar:?]
	at com.st.microxplorer.plugins.filemanager.engine.MainFileManager.userLoadConfig(MainFileManager.java:342) ~[filemanager.jar:?]
	at com.st.microxplorer.plugins.filemanager.FileManagerView.getSpecificTask(FileManagerView.java:264) ~[filemanager.jar:?]
	at com.st.stm32cube.common.mx.editor.CubeMxEditor.getMxTabbedPaneInstance(CubeMxEditor.java:1198) ~[com.st.stm32cube.common.mx_6.15.0.202507011659/:?]
	at com.st.stm32cube.common.mx.editor.CubeMxEditor$12$1.createSwingComponent(CubeMxEditor.java:1068) ~[com.st.stm32cube.common.mx_6.15.0.202507011659/:?]
	at com.st.stm32cube.common.mx.oss.core.awtswtbridge.EmbeddedSwingComposite.doComponentCreation(EmbeddedSwingComposite.java:492) ~[com.st.stm32cube.common.mx.oss_6.15.0.202507011659/:?]
	at com.st.stm32cube.common.mx.oss.core.awtswtbridge.EmbeddedSwingComposite$4.run(EmbeddedSwingComposite.java:291) ~[com.st.stm32cube.common.mx.oss_6.15.0.202507011659/:?]
	at com.st.stm32cube.common.mx.oss.core.awtswtbridge.AwtEnvironment$2.run(AwtEnvironment.java:166) ~[com.st.stm32cube.common.mx.oss_6.15.0.202507011659/:?]
	at java.awt.event.InvocationEvent.dispatch(InvocationEvent.java:318) ~[?:?]
	at java.awt.EventQueue.dispatchEventImpl(EventQueue.java:773) ~[?:?]
	at java.awt.EventQueue$4.run(EventQueue.java:720) ~[?:?]
	at java.awt.EventQueue$4.run(EventQueue.java:714) ~[?:?]
	at java.security.AccessController.doPrivileged(AccessController.java:400) ~[?:?]
	at java.security.ProtectionDomain$JavaSecurityAccessImpl.doIntersectionPrivilege(ProtectionDomain.java:87) ~[?:?]
	at java.awt.EventQueue.dispatchEvent(EventQueue.java:742) ~[?:?]
	at java.awt.EventDispatchThread.pumpOneEventForFilters(EventDispatchThread.java:203) ~[?:?]
	at java.awt.EventDispatchThread.pumpEventsForFilter(EventDispatchThread.java:124) ~[?:?]
	at java.awt.EventDispatchThread.pumpEventsForHierarchy(EventDispatchThread.java:113) ~[?:?]
	at java.awt.EventDispatchThread.pumpEvents(EventDispatchThread.java:109) ~[?:?]
	at java.awt.EventDispatchThread.pumpEvents(EventDispatchThread.java:101) ~[?:?]
	at java.awt.EventDispatchThread.run(EventDispatchThread.java:90) ~[?:?]
2026-06-05 22:27:44,159 [WARN] ThirdParty:871 - waiting for thirdparty lock release [close project]
2026-06-05 22:27:44,159 [INFO] ThirdParty:873 - entering critical section [close project]
2026-06-05 22:27:44,159 [INFO] ThirdParty:883 - exiting critical section [close project]
2026-06-05 22:27:44,160 [INFO] PinOutPanel:1589 - setPackage(No Configuration,No Configuration)
2026-06-05 22:27:44,167 [INFO] UtilMem:75 - Begin LoadConfig() Used Memory: 732814000 Bytes (1073741824)
2026-06-05 22:27:44,169 [INFO] MicroXplorer:468 - Change Database Path : 
2026-06-05 22:27:44,169 [INFO] MicroXplorer:498 - Change Database Version : DB.6.0.150
2026-06-05 22:27:44,169 [INFO] OpenFileManager:355 - Change cursor
2026-06-05 22:27:44,188 [INFO] RulesReader:64 - Compatibility file has been processed (317 Rules)
2026-06-05 22:27:44,190 [INFO] Mcu:2029 - Initializing MCU STM32L432K(B-C)Ux STM32L432KCUx STM32L432KCU3
2026-06-05 22:27:44,909 [INFO] Context:786 - Trying to add GPIOservice into a context  which must be forbidden
2026-06-05 22:27:45,252 [INFO] ImportTextPane:234 - (OptionalMessage_ERROR) Pin10 (VP_RIF_VS_RIF1) cannot be retrieved for this MCU
2026-06-05 22:27:45,284 [INFO] RtosManager:558 - Registered RTOS mode: class=CMSIS, group=RTOS, mode=CMSIS_V1, owner=FREERTOS
2026-06-05 22:27:45,284 [INFO] RtosManager:558 - Registered RTOS mode: class=CMSIS, group=RTOS2, mode=CMSIS_V2, owner=FREERTOS
2026-06-05 22:27:45,284 [INFO] RtosManager:558 - Registered RTOS mode: class=RTOS, group=Core, mode=CMSIS_V1, owner=FREERTOS
2026-06-05 22:27:45,284 [INFO] RtosManager:558 - Registered RTOS mode: class=RTOS, group=Core, mode=CMSIS_V2, owner=FREERTOS
2026-06-05 22:27:45,284 [WARN] ModelIntegratedComponent:184 - Missing modes for component STMicroelectronics:FreeRTOS:0.0.1:STMicroelectronics:RTOS:FreeRTOS:Core:::10.2.0:
2026-06-05 22:27:45,296 [WARN] ModelIntegratedComponent:63 - No mode defined for component null
2026-06-05 22:27:45,296 [WARN] ModelIntegratedComponent:63 - No mode defined for component null
2026-06-05 22:27:45,296 [WARN] ModelIntegratedComponent:63 - No mode defined for component null
2026-06-05 22:27:45,296 [WARN] ModelIntegratedComponent:63 - No mode defined for component null
2026-06-05 22:27:45,296 [WARN] ModelIntegratedComponent:63 - No mode defined for component null
2026-06-05 22:27:45,296 [WARN] ModelIntegratedComponent:63 - No mode defined for component null
2026-06-05 22:27:45,296 [WARN] ModelIntegratedComponent:63 - No mode defined for component null
2026-06-05 22:27:45,296 [WARN] ModelIntegratedComponent:63 - No mode defined for component null
2026-06-05 22:27:45,296 [WARN] ModelIntegratedComponent:63 - No mode defined for component null
2026-06-05 22:27:45,298 [WARN] ModelIntegratedComponent:63 - No mode defined for component null
2026-06-05 22:27:45,298 [WARN] ModelIntegratedComponent:63 - No mode defined for component null
2026-06-05 22:27:45,298 [WARN] ModelIntegratedComponent:63 - No mode defined for component null
2026-06-05 22:27:45,298 [WARN] ModelIntegratedComponent:63 - No mode defined for component null
2026-06-05 22:27:45,298 [WARN] ModelIntegratedComponent:63 - No mode defined for component null
2026-06-05 22:27:45,298 [WARN] ModelIntegratedComponent:63 - No mode defined for component null
2026-06-05 22:27:45,298 [WARN] ModelIntegratedComponent:63 - No mode defined for component null
2026-06-05 22:27:45,298 [WARN] ModelIntegratedComponent:63 - No mode defined for component null
2026-06-05 22:27:45,298 [WARN] ModelIntegratedComponent:63 - No mode defined for component null
2026-06-05 22:27:45,298 [WARN] ModelIntegratedComponent:63 - No mode defined for component null
2026-06-05 22:27:45,298 [WARN] ModelIntegratedComponent:63 - No mode defined for component null
2026-06-05 22:27:45,298 [WARN] ModelIntegratedComponent:63 - No mode defined for component null
2026-06-05 22:27:45,299 [WARN] ModelIntegratedComponent:63 - No mode defined for component null
2026-06-05 22:27:45,299 [WARN] ModelIntegratedComponent:63 - No mode defined for component null
2026-06-05 22:27:45,299 [WARN] ModelIntegratedComponent:63 - No mode defined for component null
2026-06-05 22:27:45,299 [WARN] ModelIntegratedComponent:63 - No mode defined for component null
2026-06-05 22:27:45,299 [WARN] ModelIntegratedComponent:63 - No mode defined for component null
2026-06-05 22:27:45,299 [WARN] ModelIntegratedComponent:63 - No mode defined for component null
2026-06-05 22:27:45,299 [WARN] ModelIntegratedComponent:63 - No mode defined for component null
2026-06-05 22:27:45,299 [WARN] ModelIntegratedComponent:63 - No mode defined for component null
2026-06-05 22:27:45,299 [WARN] ModelIntegratedComponent:63 - No mode defined for component null
2026-06-05 22:27:45,299 [WARN] ModelIntegratedComponent:63 - No mode defined for component null
2026-06-05 22:27:45,299 [WARN] ModelIntegratedComponent:63 - No mode defined for component null
2026-06-05 22:27:45,299 [WARN] ModelIntegratedComponent:63 - No mode defined for component null
2026-06-05 22:27:45,299 [WARN] ModelIntegratedComponent:63 - No mode defined for component null
2026-06-05 22:27:45,299 [WARN] ModelIntegratedComponent:63 - No mode defined for component null
2026-06-05 22:27:45,299 [WARN] ModelPack:524 - Component already loaded: STMicroelectronics:HAL Drivers:0.0.0:STMicroelectronics:Device:STMicro_Driver:XSPI:HAL::0.0.1:HAL_XSPI
2026-06-05 22:27:45,478 [INFO] ThirdPartyModel:298 - Start build external matchings
2026-06-05 22:27:46,265 [INFO] ThirdPartyModel:316 - End build external matchings
2026-06-05 22:27:46,294 [INFO] ImportTextPane:234 - (OptionalMessage_ERROR) IP (DMA) : Parameter (Instance) has Id (USART2_RX) currently not set
2026-06-05 22:27:46,295 [INFO] ImportTextPane:234 - (OptionalMessage_ERROR) IP (DMA) : Parameter (Request) has Id (USART2_RX) currently not set
2026-06-05 22:27:46,295 [INFO] ImportTextPane:234 - (OptionalMessage_ERROR) IP (DMA) : Parameter (Direction) has Id (USART2_RX) currently not set
2026-06-05 22:27:46,295 [INFO] ImportTextPane:234 - (OptionalMessage_ERROR) IP (DMA) : Parameter (PeriphInc) has Id (USART2_RX) currently not set
2026-06-05 22:27:46,295 [INFO] ImportTextPane:234 - (OptionalMessage_ERROR) IP (DMA) : Parameter (MemInc) has Id (USART2_RX) currently not set
2026-06-05 22:27:46,295 [INFO] ImportTextPane:234 - (OptionalMessage_ERROR) IP (DMA) : Parameter (PeriphDataAlignment) has Id (USART2_RX) currently not set
2026-06-05 22:27:46,295 [INFO] ImportTextPane:234 - (OptionalMessage_ERROR) IP (DMA) : Parameter (MemDataAlignment) has Id (USART2_RX) currently not set
2026-06-05 22:27:46,296 [INFO] ImportTextPane:234 - (OptionalMessage_ERROR) IP (DMA) : Parameter (Mode) has Id (USART2_RX) currently not set
2026-06-05 22:27:46,296 [INFO] ImportTextPane:234 - (OptionalMessage_ERROR) IP (DMA) : Parameter (Priority) has Id (USART2_RX) currently not set
2026-06-05 22:27:46,296 [INFO] ImportTextPane:234 - (OptionalMessage_ERROR) IP (DMA) : Parameter (Instance) has Id (USART2_TX) currently not set
2026-06-05 22:27:46,296 [INFO] ImportTextPane:234 - (OptionalMessage_ERROR) IP (DMA) : Parameter (Request) has Id (USART2_TX) currently not set
2026-06-05 22:27:46,296 [INFO] ImportTextPane:234 - (OptionalMessage_ERROR) IP (DMA) : Parameter (Direction) has Id (USART2_TX) currently not set
2026-06-05 22:27:46,296 [INFO] ImportTextPane:234 - (OptionalMessage_ERROR) IP (DMA) : Parameter (PeriphInc) has Id (USART2_TX) currently not set
2026-06-05 22:27:46,296 [INFO] ImportTextPane:234 - (OptionalMessage_ERROR) IP (DMA) : Parameter (MemInc) has Id (USART2_TX) currently not set
2026-06-05 22:27:46,296 [INFO] ImportTextPane:234 - (OptionalMessage_ERROR) IP (DMA) : Parameter (PeriphDataAlignment) has Id (USART2_TX) currently not set
2026-06-05 22:27:46,296 [INFO] ImportTextPane:234 - (OptionalMessage_ERROR) IP (DMA) : Parameter (MemDataAlignment) has Id (USART2_TX) currently not set
2026-06-05 22:27:46,296 [INFO] ImportTextPane:234 - (OptionalMessage_ERROR) IP (DMA) : Parameter (Mode) has Id (USART2_TX) currently not set
2026-06-05 22:27:46,296 [INFO] ImportTextPane:234 - (OptionalMessage_ERROR) IP (DMA) : Parameter (Priority) has Id (USART2_TX) currently not set
2026-06-05 22:27:46,297 [INFO] ImportTextPane:234 - (OptionalMessage_ERROR) IP (RCC) : Invalid parameter (48CLKFreq_Value)
2026-06-05 22:27:46,297 [INFO] ImportTextPane:234 - (OptionalMessage_ERROR) IP (RCC) : Invalid parameter (FamilyName)
2026-06-05 22:27:46,297 [INFO] ImportTextPane:234 - (OptionalMessage_ERROR) IP (RCC) : Invalid parameter (HSI16_VALUE)
2026-06-05 22:27:46,297 [INFO] ImportTextPane:234 - (OptionalMessage_ERROR) IP (RCC) : Invalid parameter (LPTIMFreq_Value)
2026-06-05 22:27:46,297 [INFO] ImportTextPane:234 - (OptionalMessage_ERROR) IP (RCC) : Invalid parameter (LPUARTFreq_Value)
2026-06-05 22:27:46,297 [INFO] ImportTextPane:234 - (OptionalMessage_ERROR) IP (RCC) : Invalid parameter (MCOPinFreq_Value)
2026-06-05 22:27:46,297 [INFO] ImportTextPane:234 - (OptionalMessage_ERROR) IP (RCC) : Invalid parameter (PLLCLKFreq_Value)
2026-06-05 22:27:46,297 [INFO] ImportTextPane:234 - (OptionalMessage_ERROR) IP (RCC) : Invalid parameter (PLLMUL)
2026-06-05 22:27:46,299 [INFO] ImportTextPane:234 - (OptionalMessage_ERROR) IP (RCC) : Invalid parameter (RTCHSEDivFreq_Value)
2026-06-05 22:27:46,299 [INFO] ImportTextPane:234 - (OptionalMessage_ERROR) IP (RCC) : Invalid parameter (TIMFreq_Value)
2026-06-05 22:27:46,299 [INFO] ImportTextPane:234 - (OptionalMessage_ERROR) IP (RCC) : Invalid parameter (TimerFreq_Value)
2026-06-05 22:27:46,449 [INFO] UtilMem:75 - End LoadConfig() Used Memory: 968753592 Bytes (1073741824)
2026-06-05 22:27:46,487 [WARN] ThirdParty:833 - waiting for thirdparty lock release [change project]
2026-06-05 22:27:46,488 [INFO] ThirdParty:835 - entering critical section [change project]
2026-06-05 22:27:46,488 [INFO] ThirdParty:1030 - CMSIS Pack Vendor :STMicroelectronics X-CUBE-AZRTOS-H7 3.5.0
2026-06-05 22:27:46,488 [INFO] ThirdParty:1030 - CMSIS Pack Vendor :STMicroelectronics X-CUBE-PM33A1 1.0.0
2026-06-05 22:27:46,488 [INFO] ThirdParty:1030 - CMSIS Pack Vendor :STMicroelectronics USBPD 4.1
2026-06-05 22:27:46,488 [INFO] ThirdParty:1030 - CMSIS Pack Vendor :STMicroelectronics USB_HOST 2.0.0
2026-06-05 22:27:46,489 [INFO] ThirdParty:1030 - CMSIS Pack Vendor :STMicroelectronics FP-SNS-MOTENVWB1 1.4.0
2026-06-05 22:27:46,489 [INFO] ThirdParty:1030 - CMSIS Pack Vendor :STMicroelectronics X-CUBE-AZRTOS-F4 1.1.0
2026-06-05 22:27:46,489 [INFO] ThirdParty:1030 - CMSIS Pack Vendor :STMicroelectronics LIBJPEG 8.0.0
2026-06-05 22:27:46,489 [INFO] ThirdParty:1030 - CMSIS Pack Vendor :STMicroelectronics FP-ATR-ASTRA1 2.0.2
2026-06-05 22:27:46,489 [INFO] ThirdParty:1030 - CMSIS Pack Vendor :Avnet-IotConnect X-CUBE-IoTC-DA16k-PMOD 1.0.0
2026-06-05 22:27:46,489 [INFO] ThirdParty:1030 - CMSIS Pack Vendor :STMicroelectronics X-CUBE-SMBUS 2.1.0
2026-06-05 22:27:46,489 [INFO] ThirdParty:1030 - CMSIS Pack Vendor :STMicroelectronics X-CUBE-ISPU 2.1.0
2026-06-05 22:27:46,489 [INFO] ThirdParty:1030 - CMSIS Pack Vendor :STMicroelectronics eDS-WB_DPC_TT-BIDIR 2.1.1
2026-06-05 22:27:46,489 [INFO] ThirdParty:1030 - CMSIS Pack Vendor :STMicroelectronics X-CUBE-ST60 1.0.0
2026-06-05 22:27:46,489 [INFO] ThirdParty:1030 - CMSIS Pack Vendor :STMicroelectronics X-CUBE-NFC12 1.0.0
2026-06-05 22:27:46,489 [INFO] ThirdParty:1030 - CMSIS Pack Vendor :STMicroelectronics X-CUBE-AZRTOS-F7 1.1.0
2026-06-05 22:27:46,489 [INFO] ThirdParty:1030 - CMSIS Pack Vendor :STMicroelectronics X-CUBE-AZRTOS-L5 2.0.0
2026-06-05 22:27:46,489 [INFO] ThirdParty:1030 - CMSIS Pack Vendor :STMicroelectronics USB_DEVICE 2.0.0
2026-06-05 22:27:46,489 [INFO] ThirdParty:1030 - CMSIS Pack Vendor :STMicroelectronics X-CUBE-NFC6 3.1.0
2026-06-05 22:27:46,489 [INFO] ThirdParty:1030 - CMSIS Pack Vendor :STMicroelectronics X-CUBE-ALGOBUILD 1.5.0
2026-06-05 22:27:46,489 [INFO] ThirdParty:1030 - CMSIS Pack Vendor :STMicroelectronics FP-SNS-MOTENV1 5.1.0
2026-06-05 22:27:46,490 [INFO] ThirdParty:1030 - CMSIS Pack Vendor :STMicroelectronics FreeRTOS 0.0.1
2026-06-05 22:27:46,490 [INFO] ThirdParty:1030 - CMSIS Pack Vendor :STMicroelectronics eDS-WB_DPC_VIENNA 1.2.0
2026-06-05 22:27:46,490 [INFO] ThirdParty:1030 - CMSIS Pack Vendor :STMicroelectronics eDS-WB_DPC_3PH2L-BIDIR 1.1.1
2026-06-05 22:27:46,490 [INFO] ThirdParty:1030 - CMSIS Pack Vendor :Infineon AIROC-Wi-Fi-Bluetooth-STM32 1.7.1
2026-06-05 22:27:46,490 [INFO] ThirdParty:1030 - CMSIS Pack Vendor :STMicroelectronics PDM2PCM 3.3.0
2026-06-05 22:27:46,490 [INFO] ThirdParty:1030 - CMSIS Pack Vendor :STMicroelectronics X-CUBE-AZRTOS-H7 3.4.0
2026-06-05 22:27:46,490 [INFO] ThirdParty:1030 - CMSIS Pack Vendor :STMicroelectronics X-CUBE-DISPLAY 3.0.0
2026-06-05 22:27:46,490 [INFO] ThirdParty:1030 - CMSIS Pack Vendor :STMicroelectronics X-CUBE-GNSS1 7.1.1
2026-06-05 22:27:46,490 [INFO] ThirdParty:1030 - CMSIS Pack Vendor :STMicroelectronics FP-SNS-MOTENVWB1 1.5.0
2026-06-05 22:27:46,490 [INFO] ThirdParty:1030 - CMSIS Pack Vendor :STMicroelectronics X-CUBE-NFC10 1.0.0
2026-06-05 22:27:46,490 [INFO] ThirdParty:1030 - CMSIS Pack Vendor :STMicroelectronics X-CUBE-BLEMGR 4.0.0
2026-06-05 22:27:46,490 [INFO] ThirdParty:1030 - CMSIS Pack Vendor :STMicroelectronics X-CUBE-FREERTOS 1.3.1
2026-06-05 22:27:46,490 [INFO] ThirdParty:1030 - CMSIS Pack Vendor :STMicroelectronics HAL Drivers 0.0.0
2026-06-05 22:27:46,491 [INFO] ThirdParty:1030 - CMSIS Pack Vendor :emotas I-CUBE-CANOPEN 1.3.0
2026-06-05 22:27:46,491 [INFO] ThirdParty:1030 - CMSIS Pack Vendor :STMicroelectronics MBEDTLS 2.14.1
2026-06-05 22:27:46,491 [INFO] ThirdParty:1030 - CMSIS Pack Vendor :STMicroelectronics X-CUBE-GNSS1 7.1.0
2026-06-05 22:27:46,491 [INFO] ThirdParty:1030 - CMSIS Pack Vendor :STMicroelectronics X-CUBE-TOUCHGFX 4.26.0
2026-06-05 22:27:46,491 [INFO] ThirdParty:1030 - CMSIS Pack Vendor :STMicroelectronics X-CUBE-TOUCHGFX 4.26.1
2026-06-05 22:27:46,491 [INFO] ThirdParty:1030 - CMSIS Pack Vendor :quantropi X-CUBE-qispace-sdk-base 2.0.0
2026-06-05 22:27:46,491 [INFO] ThirdParty:1030 - CMSIS Pack Vendor :STMicroelectronics FP-SNS-STBOX1 2.1.0
2026-06-05 22:27:46,491 [INFO] ThirdParty:1030 - CMSIS Pack Vendor :STMicroelectronics FP-SNS-STAIOTCFT 1.0.0
2026-06-05 22:27:46,491 [INFO] ThirdParty:1030 - CMSIS Pack Vendor :STMicroelectronics FP-SNS-SMARTAG2 1.2.0
2026-06-05 22:27:46,491 [INFO] ThirdParty:1030 - CMSIS Pack Vendor :STMicroelectronics FP-SNS-FLIGHT1 5.1.0
2026-06-05 22:27:46,491 [INFO] ThirdParty:1030 - CMSIS Pack Vendor :STMicroelectronics X-CUBE-AZRTOS-WL 2.0.0
2026-06-05 22:27:46,491 [INFO] ThirdParty:1030 - CMSIS Pack Vendor :STMicroelectronics X-CUBE-DPower 1.3.0
2026-06-05 22:27:46,491 [INFO] ThirdParty:1030 - CMSIS Pack Vendor :STMicroelectronics FP-SNS-MOTENV1 5.0.0
2026-06-05 22:27:46,491 [INFO] ThirdParty:1030 - CMSIS Pack Vendor :STMicroelectronics USB_DEVICE 1.0.0
2026-06-05 22:27:46,491 [INFO] ThirdParty:1030 - CMSIS Pack Vendor :STMicroelectronics X-CUBE-AZRTOS-H7RS 1.2.0
2026-06-05 22:27:46,491 [INFO] ThirdParty:1030 - CMSIS Pack Vendor :STMicroelectronics X-CUBE-AZRTOS-L4 2.0.0
2026-06-05 22:27:46,491 [INFO] ThirdParty:1030 - CMSIS Pack Vendor :STMicroelectronics ThreadX 0.0.2
2026-06-05 22:27:46,491 [INFO] ThirdParty:1030 - CMSIS Pack Vendor :WES I-CUBE-Cesium 1.3.0
2026-06-05 22:27:46,491 [INFO] ThirdParty:1030 - CMSIS Pack Vendor :STMicroelectronics lwIP 2.1.2
2026-06-05 22:27:46,491 [INFO] ThirdParty:1030 - CMSIS Pack Vendor :STMicroelectronics X-CUBE-SFXS2LP1 4.0.0
2026-06-05 22:27:46,491 [INFO] ThirdParty:1030 - CMSIS Pack Vendor :STMicroelectronics X-CUBE-BLE2 3.3.0
2026-06-05 22:27:46,491 [INFO] ThirdParty:1030 - CMSIS Pack Vendor :Avnet-IOTCONNECT X-CUBE-iotc-st67-sdk 1.0.0
2026-06-05 22:27:46,492 [INFO] ThirdParty:1030 - CMSIS Pack Vendor :STMicroelectronics PDM2PCM 3.2.0
2026-06-05 22:27:46,492 [INFO] ThirdParty:1030 - CMSIS Pack Vendor :STMicroelectronics X-CUBE-WB05N 2.1.0
2026-06-05 22:27:46,492 [INFO] ThirdParty:1030 - CMSIS Pack Vendor :STMicroelectronics X-CUBE-ST67W61 1.2.0
2026-06-05 22:27:46,492 [INFO] ThirdParty:1030 - CMSIS Pack Vendor :STMicroelectronics X-CUBE-NFC9 1.0.0
2026-06-05 22:27:46,492 [INFO] ThirdParty:1030 - CMSIS Pack Vendor :wolfSSL I-CUBE-wolfSSL 5.8.0
2026-06-05 22:27:46,492 [INFO] ThirdParty:1030 - CMSIS Pack Vendor :STMicroelectronics X-CUBE-BLE1 7.1.0
2026-06-05 22:27:46,492 [INFO] ThirdParty:1030 - CMSIS Pack Vendor :wolfSSL I-CUBE-wolfMQTT 1.19.2
2026-06-05 22:27:46,492 [INFO] ThirdParty:1030 - CMSIS Pack Vendor :STMicroelectronics USB_DEVICE 3.0.0
2026-06-05 22:27:46,492 [INFO] ThirdParty:1030 - CMSIS Pack Vendor :STMicroelectronics X-CUBE-FREERTOS 1.4.0
2026-06-05 22:27:46,492 [INFO] ThirdParty:1030 - CMSIS Pack Vendor :STMicroelectronics X-CUBE-EEPRMA1 5.2.0
2026-06-05 22:27:46,492 [INFO] ThirdParty:1030 - CMSIS Pack Vendor :STMicroelectronics X-CUBE-BLEMGR 4.1.0
2026-06-05 22:27:46,492 [INFO] ThirdParty:1030 - CMSIS Pack Vendor :STMicroelectronics X-CUBE-AZRTOS-WB 2.0.0
2026-06-05 22:27:46,492 [INFO] ThirdParty:1030 - CMSIS Pack Vendor :STMicroelectronics X-CUBE-GNSS1 7.0.1
2026-06-05 22:27:46,492 [INFO] ThirdParty:1030 - CMSIS Pack Vendor :STMicroelectronics X-CUBE-TOUCHGFX 4.25.0
2026-06-05 22:27:46,492 [INFO] ThirdParty:1030 - CMSIS Pack Vendor :STMicroelectronics X-CUBE-AI 10.1.0
2026-06-05 22:27:46,492 [INFO] ThirdParty:1030 - CMSIS Pack Vendor :STMicroelectronics FP-SNS-STBOX1 2.0.0
2026-06-05 22:27:46,492 [INFO] ThirdParty:1030 - CMSIS Pack Vendor :STMicroelectronics FP-SNS-STAIOTCFT 1.1.0
2026-06-05 22:27:46,492 [INFO] ThirdParty:1030 - CMSIS Pack Vendor :STMicroelectronics X-CUBE-MEMS1 12.0.0
2026-06-05 22:27:46,492 [INFO] ThirdParty:1030 - CMSIS Pack Vendor :STMicroelectronics X-CUBE-STSE01 2.0.0
2026-06-05 22:27:46,492 [INFO] ThirdParty:1030 - CMSIS Pack Vendor :STMicroelectronics X-CUBE-AZRTOS-G0 1.1.0
2026-06-05 22:27:46,492 [INFO] ThirdParty:1030 - CMSIS Pack Vendor :STMicroelectronics X-CUBE-SAFEA1 1.2.2
2026-06-05 22:27:46,492 [INFO] ThirdParty:1030 - CMSIS Pack Vendor :STMicroelectronics X-CUBE-NFC4 3.0.0
2026-06-05 22:27:46,492 [INFO] ThirdParty:1030 - CMSIS Pack Vendor :STMicroelectronics X-CUBE-SUBG2 5.0.0
2026-06-05 22:27:46,492 [INFO] ThirdParty:1030 - CMSIS Pack Vendor :STMicroelectronics X-CUBE-AZRTOS-H7RS 1.1.0
2026-06-05 22:27:46,492 [INFO] ThirdParty:1030 - CMSIS Pack Vendor :STMicroelectronics STM32_WPAN 1.0.0
2026-06-05 22:27:46,493 [INFO] ThirdParty:1030 - CMSIS Pack Vendor :EmbeddedOffice I-CUBE-FS-RTOS 1.0.1
2026-06-05 22:27:46,493 [INFO] ThirdParty:1030 - CMSIS Pack Vendor :STMicroelectronics lwIP 2.0.3
2026-06-05 22:27:46,493 [INFO] ThirdParty:1030 - CMSIS Pack Vendor :Cesanta I-CUBE-Mongoose 7.13.0
2026-06-05 22:27:46,493 [INFO] ThirdParty:1030 - CMSIS Pack Vendor :STMicroelectronics USB_HOST 1.0.0
2026-06-05 22:27:46,493 [INFO] ThirdParty:1030 - CMSIS Pack Vendor :STMicroelectronics X-CUBE-AZRTOS-G4 2.0.0
2026-06-05 22:27:46,493 [INFO] ThirdParty:1030 - CMSIS Pack Vendor :STMicroelectronics X-CUBE-WB05N 2.0.0
2026-06-05 22:27:46,493 [INFO] ThirdParty:1030 - CMSIS Pack Vendor :STMicroelectronics PDM2PCM 3.1.0
2026-06-05 22:27:46,493 [INFO] ThirdParty:1030 - CMSIS Pack Vendor :wolfSSL I-CUBE-wolfTPM 3.8.0
2026-06-05 22:27:46,493 [INFO] ThirdParty:1030 - CMSIS Pack Vendor :wolfSSL I-CUBE-wolfSSH 1.4.20
2026-06-05 22:27:46,493 [INFO] ThirdParty:1030 - CMSIS Pack Vendor :STMicroelectronics X-CUBE-NFC7 2.0.0
2026-06-05 22:27:46,493 [INFO] ThirdParty:1030 - CMSIS Pack Vendor :STMicroelectronics X-CUBE-TCPP 4.2.0
2026-06-05 22:27:46,493 [INFO] ThirdParty:1030 - CMSIS Pack Vendor :RealThread X-CUBE-RT-Thread_Nano 4.1.1
2026-06-05 22:27:46,493 [INFO] ThirdParty:1030 - CMSIS Pack Vendor :STMicroelectronics FP-ATR-SIGFOX1 3.2.0
2026-06-05 22:27:46,493 [INFO] ThirdParty:1030 - CMSIS Pack Vendor :STMicroelectronics X-CUBE-EEPRMA1 5.1.0
2026-06-05 22:27:46,493 [INFO] ThirdParty:1030 - CMSIS Pack Vendor :STMicroelectronics X-CUBE-FREERTOS 1.5.0
2026-06-05 22:27:46,493 [INFO] ThirdParty:1030 - CMSIS Pack Vendor :STMicroelectronics MBEDTLS 2.16.2
2026-06-05 22:27:46,493 [INFO] ThirdParty:1030 - CMSIS Pack Vendor :STMicroelectronics X-CUBE-IPS 3.1.0
2026-06-05 22:27:46,493 [INFO] ThirdParty:1030 - CMSIS Pack Vendor :STMicroelectronics X-CUBE-ALS 1.0.2
2026-06-05 22:27:46,493 [INFO] ThirdParty:1030 - CMSIS Pack Vendor :ITTIA_DB I-CUBE-ITTIADB 8.9.0
2026-06-05 22:27:46,493 [INFO] ThirdParty:1030 - CMSIS Pack Vendor :STMicroelectronics X-CUBE-STSE01 1.0.0
2026-06-05 22:27:46,493 [INFO] ThirdParty:1030 - CMSIS Pack Vendor :portGmbH I-Cube-SoM-uGOAL 1.1.0
2026-06-05 22:27:46,493 [INFO] ThirdParty:1030 - CMSIS Pack Vendor :STMicroelectronics X-CUBE-NFC6 3.2.0
2026-06-05 22:27:46,493 [INFO] ThirdParty:1030 - CMSIS Pack Vendor :STMicroelectronics X-CUBE-ST67W61 1.0.0
2026-06-05 22:27:46,494 [INFO] ThirdParty:1030 - CMSIS Pack Vendor :STMicroelectronics X-CUBE-AI 10.2.0
2026-06-05 22:27:46,494 [INFO] ThirdParty:1030 - CMSIS Pack Vendor :STMicroelectronics ThreadX 1.0.0
2026-06-05 22:27:46,494 [INFO] ThirdParty:1030 - CMSIS Pack Vendor :STMicroelectronics X-CUBE-MEMS1 12.1.0
2026-06-05 22:27:46,494 [INFO] ThirdParty:1030 - CMSIS Pack Vendor :SEGGER I-CUBE-embOS 1.3.1
2026-06-05 22:27:46,494 [INFO] ThirdParty:1030 - CMSIS Pack Vendor :STMicroelectronics X-CUBE-ALGOBUILD 1.4.0
2026-06-05 22:27:46,494 [INFO] ThirdParty:1030 - CMSIS Pack Vendor :STMicroelectronics X-CUBE-MEMS1 11.3.0
2026-06-05 22:27:46,494 [INFO] ThirdParty:1030 - CMSIS Pack Vendor :STMicroelectronics X-CUBE-TOF1 3.4.3
2026-06-05 22:27:46,494 [INFO] ThirdParty:841 - exiting critical section [change project]
2026-06-05 22:27:46,616 [INFO] PinOutPanel:1589 - setPackage(No Configuration,No Configuration)
2026-06-05 22:27:46,617 [INFO] PinOutPanel:1589 - setPackage(STM32L432KCUx,UFQFPN32)
2026-06-05 22:27:46,817 [INFO] UtilMem:75 - Before build in PCC Used Memory: 754735984 Bytes (1073741824)
2026-06-05 22:27:47,231 [INFO] UtilMem:75 - After build in PCC Used Memory: 852253552 Bytes (1073741824)
2026-06-05 22:27:47,243 [INFO] IPUIPlugin:80 - create IPUIPlugin
2026-06-05 22:27:47,243 [INFO] IPUIPlugin:80 - create IPUIPlugin
2026-06-05 22:27:47,244 [INFO] IPUIPlugin:80 - create IPUIPlugin
2026-06-05 22:27:47,244 [INFO] IPUIPlugin:80 - create IPUIPlugin
2026-06-05 22:27:47,244 [INFO] IPUIPlugin:80 - create IPUIPlugin
2026-06-05 22:27:47,244 [INFO] IPUIPlugin:80 - create IPUIPlugin
2026-06-05 22:27:47,244 [INFO] IPUIPlugin:80 - create IPUIPlugin
2026-06-05 22:27:47,244 [INFO] IPUIPlugin:80 - create IPUIPlugin
2026-06-05 22:27:47,244 [INFO] IPUIPlugin:80 - create IPUIPlugin
2026-06-05 22:27:47,244 [INFO] IPUIPlugin:80 - create IPUIPlugin
2026-06-05 22:27:47,244 [INFO] IPUIPlugin:80 - create IPUIPlugin
2026-06-05 22:27:47,244 [INFO] IPUIPlugin:80 - create IPUIPlugin
2026-06-05 22:27:47,244 [INFO] IPUIPlugin:80 - create IPUIPlugin
2026-06-05 22:27:47,244 [INFO] IPUIPlugin:80 - create IPUIPlugin
2026-06-05 22:27:47,244 [INFO] IPUIPlugin:80 - create IPUIPlugin
2026-06-05 22:27:47,244 [INFO] IPUIPlugin:80 - create IPUIPlugin
2026-06-05 22:27:47,244 [INFO] IPUIPlugin:80 - create IPUIPlugin
2026-06-05 22:27:47,244 [INFO] IPUIPlugin:80 - create IPUIPlugin
2026-06-05 22:27:47,244 [INFO] IPUIPlugin:80 - create IPUIPlugin
2026-06-05 22:27:47,244 [INFO] IPUIPlugin:80 - create IPUIPlugin
2026-06-05 22:27:47,244 [INFO] IPUIPlugin:80 - create IPUIPlugin
2026-06-05 22:27:47,244 [INFO] IPUIPlugin:80 - create IPUIPlugin
2026-06-05 22:27:47,244 [INFO] IPUIPlugin:80 - create IPUIPlugin
2026-06-05 22:27:47,246 [INFO] IPUIPlugin:80 - create IPUIPlugin
2026-06-05 22:27:47,246 [INFO] IPUIPlugin:80 - create IPUIPlugin
2026-06-05 22:27:47,246 [INFO] IPUIPlugin:80 - create IPUIPlugin
2026-06-05 22:27:47,246 [INFO] IPUIPlugin:80 - create IPUIPlugin
2026-06-05 22:27:47,246 [INFO] IPUIPlugin:80 - create IPUIPlugin
2026-06-05 22:27:47,246 [INFO] IPUIPlugin:80 - create IPUIPlugin
2026-06-05 22:27:47,246 [INFO] IPUIPlugin:80 - create IPUIPlugin
2026-06-05 22:27:47,246 [INFO] IPUIPlugin:80 - create IPUIPlugin
2026-06-05 22:27:47,246 [INFO] IPUIPlugin:80 - create IPUIPlugin
2026-06-05 22:27:47,247 [INFO] IPUIPlugin:80 - create IPUIPlugin
2026-06-05 22:27:47,247 [INFO] IPUIPlugin:80 - create IPUIPlugin
2026-06-05 22:27:47,247 [INFO] IPUIPlugin:80 - create IPUIPlugin
2026-06-05 22:27:47,247 [INFO] IPUIPlugin:80 - create IPUIPlugin
2026-06-05 22:27:47,247 [INFO] IPUIPlugin:80 - create IPUIPlugin
2026-06-05 22:27:47,247 [INFO] IPUIPlugin:80 - create IPUIPlugin
2026-06-05 22:27:47,247 [INFO] IPUIPlugin:80 - create IPUIPlugin
2026-06-05 22:27:47,248 [INFO] IPUIPlugin:80 - create IPUIPlugin
2026-06-05 22:27:47,248 [INFO] IPUIPlugin:80 - create IPUIPlugin
2026-06-05 22:27:47,284 [INFO] CADModel:165 - CPN selected for project levelSTM32L432KCU3
2026-06-05 22:27:47,284 [INFO] CADModel:114 - Register for checkConnection events
2026-06-05 22:27:47,341 [INFO] OpenFileManager:386 - Restore cursor
2026-06-05 22:27:58,250 [INFO] NvicIntPanel:101 - NVIC parent = com.st.microxplorer.plugins.ip.nvic.MultiNvicIntPanel[,0,0,0x0,invalid,layout=javax.swing.BoxLayout,alignmentX=0.0,alignmentY=0.0,border=,flags=9,maximumSize=,minimumSize=,preferredSize=]
2026-06-05 22:28:20,997 [INFO] UtilMem:75 - End SaveConfig() Used Memory: 890132632 Bytes (1073741824)
2026-06-05 22:28:22,097 [INFO] UtilMem:75 - End SaveConfig() Used Memory: 907432088 Bytes (1073741824)
2026-06-05 22:28:23,857 [INFO] UtilMem:75 - End SaveConfig() Used Memory: 987123864 Bytes (1073741824)
2026-06-05 22:28:24,018 [INFO] BlockDiagram:2775 - set Specific Code input for plugin: NVIC
2026-06-05 22:28:24,018 [INFO] BlockDiagram:2775 - set Specific Code input for plugin: USART
2026-06-05 22:28:24,018 [INFO] BlockDiagram:2775 - set Specific Code input for plugin: USART
2026-06-05 22:28:24,018 [INFO] BlockDiagram:2775 - set Specific Code input for plugin: DMA
2026-06-05 22:28:24,018 [INFO] BlockDiagram:2775 - set Specific Code input for plugin: SYS
2026-06-05 22:28:24,018 [INFO] BlockDiagram:2775 - set Specific Code input for plugin: GPIO
2026-06-05 22:28:24,018 [INFO] BlockDiagram:2775 - set Specific Code input for plugin: RCC
2026-06-05 22:28:24,018 [INFO] BlockDiagram:2775 - set Specific Code input for plugin: CRC
2026-06-05 22:28:24,020 [INFO] CodeGenerator:892 - code generatio: config db path: E:\STM32CubeIDE_1.19.0\STM32CubeIDE\plugins\com.st.stm32cube.common.mx_6.15.0.202507011659\\db\
2026-06-05 22:28:24,029 [INFO] Argument:325 - Argument : hdmavalue: null
2026-06-05 22:28:24,029 [INFO] Argument:327 - 	 sub Args: 
2026-06-05 22:28:24,030 [INFO] Argument:325 - Argument : Instancevalue: DMA1_Channel6
2026-06-05 22:28:24,030 [INFO] Argument:335 - Argument : Instancevalue: DMA1_Channel6
2026-06-05 22:28:24,030 [INFO] Argument:325 - Argument : Initvalue: null
2026-06-05 22:28:24,030 [INFO] Argument:327 - 	 sub Args: 
2026-06-05 22:28:24,030 [INFO] Argument:325 - Argument : Requestvalue: DMA_REQUEST_2
2026-06-05 22:28:24,030 [INFO] Argument:335 - Argument : Requestvalue: DMA_REQUEST_2
2026-06-05 22:28:24,030 [INFO] Argument:325 - Argument : Directionvalue: DMA_PERIPH_TO_MEMORY
2026-06-05 22:28:24,030 [INFO] Argument:335 - Argument : Directionvalue: DMA_PERIPH_TO_MEMORY
2026-06-05 22:28:24,030 [INFO] Argument:325 - Argument : PeriphIncvalue: DMA_PINC_DISABLE
2026-06-05 22:28:24,030 [INFO] Argument:335 - Argument : PeriphIncvalue: DMA_PINC_DISABLE
2026-06-05 22:28:24,030 [INFO] Argument:325 - Argument : MemIncvalue: DMA_MINC_ENABLE
2026-06-05 22:28:24,030 [INFO] Argument:335 - Argument : MemIncvalue: DMA_MINC_ENABLE
2026-06-05 22:28:24,030 [INFO] Argument:325 - Argument : PeriphDataAlignmentvalue: DMA_PDATAALIGN_BYTE
2026-06-05 22:28:24,030 [INFO] Argument:335 - Argument : PeriphDataAlignmentvalue: DMA_PDATAALIGN_BYTE
2026-06-05 22:28:24,030 [INFO] Argument:325 - Argument : MemDataAlignmentvalue: DMA_MDATAALIGN_BYTE
2026-06-05 22:28:24,030 [INFO] Argument:335 - Argument : MemDataAlignmentvalue: DMA_MDATAALIGN_BYTE
2026-06-05 22:28:24,030 [INFO] Argument:325 - Argument : Modevalue: DMA_NORMAL
2026-06-05 22:28:24,030 [INFO] Argument:335 - Argument : Modevalue: DMA_NORMAL
2026-06-05 22:28:24,030 [INFO] Argument:325 - Argument : Priorityvalue: DMA_PRIORITY_LOW
2026-06-05 22:28:24,030 [INFO] Argument:335 - Argument : Priorityvalue: DMA_PRIORITY_LOW
2026-06-05 22:28:24,030 [INFO] Argument:325 - Argument : Lockvalue: null
2026-06-05 22:28:24,030 [INFO] Argument:335 - Argument : Lockvalue: null
2026-06-05 22:28:24,030 [INFO] Argument:325 - Argument : Statevalue: null
2026-06-05 22:28:24,030 [INFO] Argument:335 - Argument : Statevalue: null
2026-06-05 22:28:24,030 [INFO] Argument:325 - Argument : Parentvalue: null
2026-06-05 22:28:24,030 [INFO] Argument:335 - Argument : Parentvalue: null
2026-06-05 22:28:24,030 [INFO] Argument:325 - Argument : XferCpltCallbackvalue: null
2026-06-05 22:28:24,030 [INFO] Argument:335 - Argument : XferCpltCallbackvalue: null
2026-06-05 22:28:24,030 [INFO] Argument:325 - Argument : XferHalfCpltCallbackvalue: null
2026-06-05 22:28:24,030 [INFO] Argument:335 - Argument : XferHalfCpltCallbackvalue: null
2026-06-05 22:28:24,030 [INFO] Argument:325 - Argument : XferErrorCallbackvalue: null
2026-06-05 22:28:24,030 [INFO] Argument:335 - Argument : XferErrorCallbackvalue: null
2026-06-05 22:28:24,030 [INFO] Argument:325 - Argument : XferAbortCallbackvalue: null
2026-06-05 22:28:24,030 [INFO] Argument:335 - Argument : XferAbortCallbackvalue: null
2026-06-05 22:28:24,030 [INFO] Argument:325 - Argument : ErrorCodevalue: null
2026-06-05 22:28:24,030 [INFO] Argument:335 - Argument : ErrorCodevalue: null
2026-06-05 22:28:24,030 [INFO] Argument:325 - Argument : DmaBaseAddressvalue: null
2026-06-05 22:28:24,030 [INFO] Argument:335 - Argument : DmaBaseAddressvalue: null
2026-06-05 22:28:24,030 [INFO] Argument:325 - Argument : ChannelIndexvalue: null
2026-06-05 22:28:24,030 [INFO] Argument:335 - Argument : ChannelIndexvalue: null
2026-06-05 22:28:24,030 [INFO] Argument:325 - Argument : hdmavalue: null
2026-06-05 22:28:24,030 [INFO] Argument:327 - 	 sub Args: 
2026-06-05 22:28:24,030 [INFO] Argument:325 - Argument : Instancevalue: DMA1_Channel6
2026-06-05 22:28:24,030 [INFO] Argument:335 - Argument : Instancevalue: DMA1_Channel6
2026-06-05 22:28:24,031 [INFO] Argument:325 - Argument : Initvalue: null
2026-06-05 22:28:24,031 [INFO] Argument:327 - 	 sub Args: 
2026-06-05 22:28:24,031 [INFO] Argument:325 - Argument : Requestvalue: DMA_REQUEST_2
2026-06-05 22:28:24,031 [INFO] Argument:335 - Argument : Requestvalue: DMA_REQUEST_2
2026-06-05 22:28:24,031 [INFO] Argument:325 - Argument : Directionvalue: DMA_PERIPH_TO_MEMORY
2026-06-05 22:28:24,031 [INFO] Argument:335 - Argument : Directionvalue: DMA_PERIPH_TO_MEMORY
2026-06-05 22:28:24,031 [INFO] Argument:325 - Argument : PeriphIncvalue: DMA_PINC_DISABLE
2026-06-05 22:28:24,031 [INFO] Argument:335 - Argument : PeriphIncvalue: DMA_PINC_DISABLE
2026-06-05 22:28:24,031 [INFO] Argument:325 - Argument : MemIncvalue: DMA_MINC_ENABLE
2026-06-05 22:28:24,031 [INFO] Argument:335 - Argument : MemIncvalue: DMA_MINC_ENABLE
2026-06-05 22:28:24,031 [INFO] Argument:325 - Argument : PeriphDataAlignmentvalue: DMA_PDATAALIGN_BYTE
2026-06-05 22:28:24,031 [INFO] Argument:335 - Argument : PeriphDataAlignmentvalue: DMA_PDATAALIGN_BYTE
2026-06-05 22:28:24,031 [INFO] Argument:325 - Argument : MemDataAlignmentvalue: DMA_MDATAALIGN_BYTE
2026-06-05 22:28:24,031 [INFO] Argument:335 - Argument : MemDataAlignmentvalue: DMA_MDATAALIGN_BYTE
2026-06-05 22:28:24,031 [INFO] Argument:325 - Argument : Modevalue: DMA_NORMAL
2026-06-05 22:28:24,031 [INFO] Argument:335 - Argument : Modevalue: DMA_NORMAL
2026-06-05 22:28:24,031 [INFO] Argument:325 - Argument : Priorityvalue: DMA_PRIORITY_LOW
2026-06-05 22:28:24,031 [INFO] Argument:335 - Argument : Priorityvalue: DMA_PRIORITY_LOW
2026-06-05 22:28:24,031 [INFO] Argument:325 - Argument : Lockvalue: null
2026-06-05 22:28:24,031 [INFO] Argument:335 - Argument : Lockvalue: null
2026-06-05 22:28:24,031 [INFO] Argument:325 - Argument : Statevalue: null
2026-06-05 22:28:24,031 [INFO] Argument:335 - Argument : Statevalue: null
2026-06-05 22:28:24,031 [INFO] Argument:325 - Argument : Parentvalue: null
2026-06-05 22:28:24,031 [INFO] Argument:335 - Argument : Parentvalue: null
2026-06-05 22:28:24,031 [INFO] Argument:325 - Argument : XferCpltCallbackvalue: null
2026-06-05 22:28:24,031 [INFO] Argument:335 - Argument : XferCpltCallbackvalue: null
2026-06-05 22:28:24,031 [INFO] Argument:325 - Argument : XferHalfCpltCallbackvalue: null
2026-06-05 22:28:24,031 [INFO] Argument:335 - Argument : XferHalfCpltCallbackvalue: null
2026-06-05 22:28:24,031 [INFO] Argument:325 - Argument : XferErrorCallbackvalue: null
2026-06-05 22:28:24,031 [INFO] Argument:335 - Argument : XferErrorCallbackvalue: null
2026-06-05 22:28:24,031 [INFO] Argument:325 - Argument : XferAbortCallbackvalue: null
2026-06-05 22:28:24,031 [INFO] Argument:335 - Argument : XferAbortCallbackvalue: null
2026-06-05 22:28:24,031 [INFO] Argument:325 - Argument : ErrorCodevalue: null
2026-06-05 22:28:24,031 [INFO] Argument:335 - Argument : ErrorCodevalue: null
2026-06-05 22:28:24,031 [INFO] Argument:325 - Argument : DmaBaseAddressvalue: null
2026-06-05 22:28:24,031 [INFO] Argument:335 - Argument : DmaBaseAddressvalue: null
2026-06-05 22:28:24,031 [INFO] Argument:325 - Argument : ChannelIndexvalue: null
2026-06-05 22:28:24,031 [INFO] Argument:335 - Argument : ChannelIndexvalue: null
2026-06-05 22:28:24,031 [INFO] Argument:325 - Argument : pSyncConfigvalue: null
2026-06-05 22:28:24,031 [INFO] Argument:327 - 	 sub Args: 
2026-06-05 22:28:24,031 [INFO] Argument:325 - Argument : SyncSignalIDvalue: null
2026-06-05 22:28:24,031 [INFO] Argument:335 - Argument : SyncSignalIDvalue: null
2026-06-05 22:28:24,031 [INFO] Argument:325 - Argument : SyncPolarityvalue: null
2026-06-05 22:28:24,031 [INFO] Argument:335 - Argument : SyncPolarityvalue: null
2026-06-05 22:28:24,031 [INFO] Argument:325 - Argument : SyncEnablevalue: null
2026-06-05 22:28:24,031 [INFO] Argument:335 - Argument : SyncEnablevalue: null
2026-06-05 22:28:24,031 [INFO] Argument:325 - Argument : EventEnablevalue: null
2026-06-05 22:28:24,031 [INFO] Argument:335 - Argument : EventEnablevalue: null
2026-06-05 22:28:24,031 [INFO] Argument:325 - Argument : RequestNumbervalue: null
2026-06-05 22:28:24,031 [INFO] Argument:335 - Argument : RequestNumbervalue: null
2026-06-05 22:28:24,031 [INFO] Argument:325 - Argument : hdmavalue: null
2026-06-05 22:28:24,031 [INFO] Argument:327 - 	 sub Args: 
2026-06-05 22:28:24,031 [INFO] Argument:325 - Argument : Instancevalue: DMA1_Channel7
2026-06-05 22:28:24,031 [INFO] Argument:335 - Argument : Instancevalue: DMA1_Channel7
2026-06-05 22:28:24,031 [INFO] Argument:325 - Argument : Initvalue: null
2026-06-05 22:28:24,031 [INFO] Argument:327 - 	 sub Args: 
2026-06-05 22:28:24,032 [INFO] Argument:325 - Argument : Requestvalue: DMA_REQUEST_2
2026-06-05 22:28:24,032 [INFO] Argument:335 - Argument : Requestvalue: DMA_REQUEST_2
2026-06-05 22:28:24,032 [INFO] Argument:325 - Argument : Directionvalue: DMA_MEMORY_TO_PERIPH
2026-06-05 22:28:24,032 [INFO] Argument:335 - Argument : Directionvalue: DMA_MEMORY_TO_PERIPH
2026-06-05 22:28:24,032 [INFO] Argument:325 - Argument : PeriphIncvalue: DMA_PINC_DISABLE
2026-06-05 22:28:24,032 [INFO] Argument:335 - Argument : PeriphIncvalue: DMA_PINC_DISABLE
2026-06-05 22:28:24,032 [INFO] Argument:325 - Argument : MemIncvalue: DMA_MINC_ENABLE
2026-06-05 22:28:24,032 [INFO] Argument:335 - Argument : MemIncvalue: DMA_MINC_ENABLE
2026-06-05 22:28:24,032 [INFO] Argument:325 - Argument : PeriphDataAlignmentvalue: DMA_PDATAALIGN_BYTE
2026-06-05 22:28:24,032 [INFO] Argument:335 - Argument : PeriphDataAlignmentvalue: DMA_PDATAALIGN_BYTE
2026-06-05 22:28:24,032 [INFO] Argument:325 - Argument : MemDataAlignmentvalue: DMA_MDATAALIGN_BYTE
2026-06-05 22:28:24,032 [INFO] Argument:335 - Argument : MemDataAlignmentvalue: DMA_MDATAALIGN_BYTE
2026-06-05 22:28:24,032 [INFO] Argument:325 - Argument : Modevalue: DMA_NORMAL
2026-06-05 22:28:24,032 [INFO] Argument:335 - Argument : Modevalue: DMA_NORMAL
2026-06-05 22:28:24,032 [INFO] Argument:325 - Argument : Priorityvalue: DMA_PRIORITY_LOW
2026-06-05 22:28:24,032 [INFO] Argument:335 - Argument : Priorityvalue: DMA_PRIORITY_LOW
2026-06-05 22:28:24,032 [INFO] Argument:325 - Argument : Lockvalue: null
2026-06-05 22:28:24,032 [INFO] Argument:335 - Argument : Lockvalue: null
2026-06-05 22:28:24,032 [INFO] Argument:325 - Argument : Statevalue: null
2026-06-05 22:28:24,032 [INFO] Argument:335 - Argument : Statevalue: null
2026-06-05 22:28:24,032 [INFO] Argument:325 - Argument : Parentvalue: null
2026-06-05 22:28:24,032 [INFO] Argument:335 - Argument : Parentvalue: null
2026-06-05 22:28:24,032 [INFO] Argument:325 - Argument : XferCpltCallbackvalue: null
2026-06-05 22:28:24,032 [INFO] Argument:335 - Argument : XferCpltCallbackvalue: null
2026-06-05 22:28:24,032 [INFO] Argument:325 - Argument : XferHalfCpltCallbackvalue: null
2026-06-05 22:28:24,032 [INFO] Argument:335 - Argument : XferHalfCpltCallbackvalue: null
2026-06-05 22:28:24,032 [INFO] Argument:325 - Argument : XferErrorCallbackvalue: null
2026-06-05 22:28:24,032 [INFO] Argument:335 - Argument : XferErrorCallbackvalue: null
2026-06-05 22:28:24,032 [INFO] Argument:325 - Argument : XferAbortCallbackvalue: null
2026-06-05 22:28:24,032 [INFO] Argument:335 - Argument : XferAbortCallbackvalue: null
2026-06-05 22:28:24,032 [INFO] Argument:325 - Argument : ErrorCodevalue: null
2026-06-05 22:28:24,032 [INFO] Argument:335 - Argument : ErrorCodevalue: null
2026-06-05 22:28:24,032 [INFO] Argument:325 - Argument : DmaBaseAddressvalue: null
2026-06-05 22:28:24,032 [INFO] Argument:335 - Argument : DmaBaseAddressvalue: null
2026-06-05 22:28:24,032 [INFO] Argument:325 - Argument : ChannelIndexvalue: null
2026-06-05 22:28:24,032 [INFO] Argument:335 - Argument : ChannelIndexvalue: null
2026-06-05 22:28:24,032 [INFO] Argument:325 - Argument : hdmavalue: null
2026-06-05 22:28:24,032 [INFO] Argument:327 - 	 sub Args: 
2026-06-05 22:28:24,032 [INFO] Argument:325 - Argument : Instancevalue: DMA1_Channel7
2026-06-05 22:28:24,032 [INFO] Argument:335 - Argument : Instancevalue: DMA1_Channel7
2026-06-05 22:28:24,032 [INFO] Argument:325 - Argument : Initvalue: null
2026-06-05 22:28:24,032 [INFO] Argument:327 - 	 sub Args: 
2026-06-05 22:28:24,032 [INFO] Argument:325 - Argument : Requestvalue: DMA_REQUEST_2
2026-06-05 22:28:24,032 [INFO] Argument:335 - Argument : Requestvalue: DMA_REQUEST_2
2026-06-05 22:28:24,032 [INFO] Argument:325 - Argument : Directionvalue: DMA_MEMORY_TO_PERIPH
2026-06-05 22:28:24,032 [INFO] Argument:335 - Argument : Directionvalue: DMA_MEMORY_TO_PERIPH
2026-06-05 22:28:24,032 [INFO] Argument:325 - Argument : PeriphIncvalue: DMA_PINC_DISABLE
2026-06-05 22:28:24,032 [INFO] Argument:335 - Argument : PeriphIncvalue: DMA_PINC_DISABLE
2026-06-05 22:28:24,032 [INFO] Argument:325 - Argument : MemIncvalue: DMA_MINC_ENABLE
2026-06-05 22:28:24,032 [INFO] Argument:335 - Argument : MemIncvalue: DMA_MINC_ENABLE
2026-06-05 22:28:24,032 [INFO] Argument:325 - Argument : PeriphDataAlignmentvalue: DMA_PDATAALIGN_BYTE
2026-06-05 22:28:24,032 [INFO] Argument:335 - Argument : PeriphDataAlignmentvalue: DMA_PDATAALIGN_BYTE
2026-06-05 22:28:24,032 [INFO] Argument:325 - Argument : MemDataAlignmentvalue: DMA_MDATAALIGN_BYTE
2026-06-05 22:28:24,032 [INFO] Argument:335 - Argument : MemDataAlignmentvalue: DMA_MDATAALIGN_BYTE
2026-06-05 22:28:24,032 [INFO] Argument:325 - Argument : Modevalue: DMA_NORMAL
2026-06-05 22:28:24,032 [INFO] Argument:335 - Argument : Modevalue: DMA_NORMAL
2026-06-05 22:28:24,032 [INFO] Argument:325 - Argument : Priorityvalue: DMA_PRIORITY_LOW
2026-06-05 22:28:24,032 [INFO] Argument:335 - Argument : Priorityvalue: DMA_PRIORITY_LOW
2026-06-05 22:28:24,032 [INFO] Argument:325 - Argument : Lockvalue: null
2026-06-05 22:28:24,032 [INFO] Argument:335 - Argument : Lockvalue: null
2026-06-05 22:28:24,032 [INFO] Argument:325 - Argument : Statevalue: null
2026-06-05 22:28:24,032 [INFO] Argument:335 - Argument : Statevalue: null
2026-06-05 22:28:24,032 [INFO] Argument:325 - Argument : Parentvalue: null
2026-06-05 22:28:24,032 [INFO] Argument:335 - Argument : Parentvalue: null
2026-06-05 22:28:24,032 [INFO] Argument:325 - Argument : XferCpltCallbackvalue: null
2026-06-05 22:28:24,032 [INFO] Argument:335 - Argument : XferCpltCallbackvalue: null
2026-06-05 22:28:24,032 [INFO] Argument:325 - Argument : XferHalfCpltCallbackvalue: null
2026-06-05 22:28:24,032 [INFO] Argument:335 - Argument : XferHalfCpltCallbackvalue: null
2026-06-05 22:28:24,032 [INFO] Argument:325 - Argument : XferErrorCallbackvalue: null
2026-06-05 22:28:24,033 [INFO] Argument:335 - Argument : XferErrorCallbackvalue: null
2026-06-05 22:28:24,033 [INFO] Argument:325 - Argument : XferAbortCallbackvalue: null
2026-06-05 22:28:24,033 [INFO] Argument:335 - Argument : XferAbortCallbackvalue: null
2026-06-05 22:28:24,033 [INFO] Argument:325 - Argument : ErrorCodevalue: null
2026-06-05 22:28:24,033 [INFO] Argument:335 - Argument : ErrorCodevalue: null
2026-06-05 22:28:24,033 [INFO] Argument:325 - Argument : DmaBaseAddressvalue: null
2026-06-05 22:28:24,033 [INFO] Argument:335 - Argument : DmaBaseAddressvalue: null
2026-06-05 22:28:24,033 [INFO] Argument:325 - Argument : ChannelIndexvalue: null
2026-06-05 22:28:24,033 [INFO] Argument:335 - Argument : ChannelIndexvalue: null
2026-06-05 22:28:24,033 [INFO] Argument:325 - Argument : pSyncConfigvalue: null
2026-06-05 22:28:24,033 [INFO] Argument:327 - 	 sub Args: 
2026-06-05 22:28:24,033 [INFO] Argument:325 - Argument : SyncSignalIDvalue: null
2026-06-05 22:28:24,033 [INFO] Argument:335 - Argument : SyncSignalIDvalue: null
2026-06-05 22:28:24,033 [INFO] Argument:325 - Argument : SyncPolarityvalue: null
2026-06-05 22:28:24,033 [INFO] Argument:335 - Argument : SyncPolarityvalue: null
2026-06-05 22:28:24,033 [INFO] Argument:325 - Argument : SyncEnablevalue: null
2026-06-05 22:28:24,033 [INFO] Argument:335 - Argument : SyncEnablevalue: null
2026-06-05 22:28:24,033 [INFO] Argument:325 - Argument : EventEnablevalue: null
2026-06-05 22:28:24,033 [INFO] Argument:335 - Argument : EventEnablevalue: null
2026-06-05 22:28:24,033 [INFO] Argument:325 - Argument : RequestNumbervalue: null
2026-06-05 22:28:24,033 [INFO] Argument:335 - Argument : RequestNumbervalue: null
2026-06-05 22:28:24,090 [INFO] CodeEngine:265 - oldGeneratedFile, E:\altium_projects\stm_projects\steppe_school_custom_bootloader_l432kc_bootloader\MXTmpFiles\license.tmp_save
2026-06-05 22:28:24,254 [INFO] CodeEngine:289 - Generated code: E:\altium_projects\stm_projects\steppe_school_custom_bootloader_l432kc_bootloader\MXTmpFiles\license.tmp
2026-06-05 22:28:24,289 [INFO] CodeEngine:265 - oldGeneratedFile, E:\altium_projects\stm_projects\steppe_school_custom_bootloader_l432kc_bootloader\MXTmpFiles\gpio.tmp_save
2026-06-05 22:28:24,364 [INFO] CodeEngine:289 - Generated code: E:\altium_projects\stm_projects\steppe_school_custom_bootloader_l432kc_bootloader\MXTmpFiles\gpio.tmp
2026-06-05 22:28:24,526 [INFO] CodeEngine:265 - oldGeneratedFile, E:\altium_projects\stm_projects\steppe_school_custom_bootloader_l432kc_bootloader\MXTmpFiles\dma.tmp_save
2026-06-05 22:28:24,570 [INFO] CodeEngine:289 - Generated code: E:\altium_projects\stm_projects\steppe_school_custom_bootloader_l432kc_bootloader\MXTmpFiles\dma.tmp
2026-06-05 22:28:24,572 [INFO] CodeEngine:265 - oldGeneratedFile, E:\altium_projects\stm_projects\steppe_school_custom_bootloader_l432kc_bootloader\MXTmpFiles\dma_GV.tmp_save
2026-06-05 22:28:24,608 [INFO] CodeEngine:289 - Generated code: E:\altium_projects\stm_projects\steppe_school_custom_bootloader_l432kc_bootloader\MXTmpFiles\dma_GV.tmp
2026-06-05 22:28:24,615 [INFO] CodeEngine:265 - oldGeneratedFile, E:\altium_projects\stm_projects\steppe_school_custom_bootloader_l432kc_bootloader\Core\Src\stm32l4xx_it.c_save
2026-06-05 22:28:24,763 [INFO] CodeEngine:289 - Generated code: E:\altium_projects\stm_projects\steppe_school_custom_bootloader_l432kc_bootloader\Core\Src\stm32l4xx_it.c
2026-06-05 22:28:24,766 [INFO] CodeEngine:265 - oldGeneratedFile, E:\altium_projects\stm_projects\steppe_school_custom_bootloader_l432kc_bootloader\Core\Inc\stm32l4xx_it.h_save
2026-06-05 22:28:24,807 [INFO] CodeEngine:289 - Generated code: E:\altium_projects\stm_projects\steppe_school_custom_bootloader_l432kc_bootloader\Core\Inc\stm32l4xx_it.h
2026-06-05 22:28:24,815 [INFO] CodeEngine:265 - oldGeneratedFile, E:\altium_projects\stm_projects\steppe_school_custom_bootloader_l432kc_bootloader\Core\Src\stm32l4xx_hal_msp.c_save
2026-06-05 22:28:24,901 [INFO] CodeEngine:289 - Generated code: E:\altium_projects\stm_projects\steppe_school_custom_bootloader_l432kc_bootloader\Core\Src\stm32l4xx_hal_msp.c
2026-06-05 22:28:24,903 [INFO] CodeEngine:265 - oldGeneratedFile, E:\altium_projects\stm_projects\steppe_school_custom_bootloader_l432kc_bootloader\MXTmpFiles\system.tmp_save
2026-06-05 22:28:24,940 [INFO] CodeEngine:289 - Generated code: E:\altium_projects\stm_projects\steppe_school_custom_bootloader_l432kc_bootloader\MXTmpFiles\system.tmp
2026-06-05 22:28:24,947 [INFO] CodeEngine:321 - oldGeneratedFile, E:\altium_projects\stm_projects\steppe_school_custom_bootloader_l432kc_bootloader\Core\Inc\stm32l4xx_hal_conf.h_save
2026-06-05 22:28:24,986 [INFO] CodeEngine:345 - Generated code: E:\altium_projects\stm_projects\steppe_school_custom_bootloader_l432kc_bootloader\Core\Inc\stm32l4xx_hal_conf.h
2026-06-05 22:28:25,002 [INFO] ApiDbMcu:532 - Load IP Config File for CRC
2026-06-05 22:28:25,010 [INFO] ApiDbMcu:532 - Load IP Config File for USART1
2026-06-05 22:28:25,018 [INFO] ApiDbMcu:532 - Load IP Config File for USART2
2026-06-05 22:28:25,020 [INFO] ApiDbMcu:532 - Load IP Config File for RCC
2026-06-05 22:28:25,025 [INFO] CodeEngine:265 - oldGeneratedFile, E:\altium_projects\stm_projects\steppe_school_custom_bootloader_l432kc_bootloader\Core\Inc\main.h_save
2026-06-05 22:28:25,081 [INFO] CodeEngine:289 - Generated code: E:\altium_projects\stm_projects\steppe_school_custom_bootloader_l432kc_bootloader\Core\Inc\main.h
2026-06-05 22:28:25,084 [INFO] CodeEngine:265 - oldGeneratedFile, E:\altium_projects\stm_projects\steppe_school_custom_bootloader_l432kc_bootloader\Core\Src\main.c_save
2026-06-05 22:28:25,157 [INFO] CodeEngine:289 - Generated code: E:\altium_projects\stm_projects\steppe_school_custom_bootloader_l432kc_bootloader\Core\Src\main.c
2026-06-05 22:28:25,409 [INFO] ProjectBuilder:3606 - Time for Copy HAL[1] : 122mS.
2026-06-05 22:28:25,411 [INFO] ProjectBuilder:5216 - Project Generator version: 4.7.0-B52
2026-06-05 22:28:25,490 [INFO] ConfigFileManager:1595 - The Die is : DIE435
2026-06-05 22:28:25,492 [INFO] ApiDbMcu:532 - Load IP Config File for FATFS
2026-06-05 22:28:25,495 [INFO] ApiDbMcu:532 - Load IP Config File for FREERTOS
2026-06-05 22:28:25,504 [INFO] ApiDbMcu:532 - Load IP Config File for TOUCHSENSING
2026-06-05 22:28:25,507 [INFO] ApiDbMcu:532 - Load IP Config File for USB_DEVICE
2026-06-05 22:28:26,087 [INFO] ProjectBuilder:5496 - Time for Generating toolchain IDE Files: 676mS.
2026-06-05 22:28:26,088 [INFO] ProjectBuilder:3463 - Time for Copy CMSIS : 0mS.
2026-06-05 22:28:26,090 [INFO] ProjectBuilder:3463 - Time for Copy CMSIS : 0mS.
2026-06-05 23:09:02,155 [INFO] MainUpdater:2872 - connection check result : 10
2026-06-05 23:09:02,155 [INFO] McuFinderGlobals:76 - Set McuFinderConnectedMode to true
2026-06-05 23:09:02,498 [INFO] ServerAccessManage:452 - Complete download http(s) 200
2026-06-05 23:09:02,498 [INFO] ServerAccessManage:509 - Download File mcusAds.json._tmp_
2026-06-05 23:09:02,624 [INFO] LoadUrlFilesThread:156 - End of LoadUrlFiles Thread
2026-06-05 23:09:04,880 [INFO] ServerAccessManage:452 - Complete download http(s) 200
2026-06-05 23:09:04,881 [INFO] ServerAccessManage:509 - Download File cube-finder-db.zip
2026-06-05 23:09:13,560 [INFO] FileExtend:248 - Unzip File : cube-finder-db.zip
2026-06-05 23:09:13,560 [INFO] FileExtend:263 - Standard Zip Deflate
2026-06-05 23:09:14,180 [INFO] LoadUrlFilesThread:156 - End of LoadUrlFiles Thread
2026-06-05 23:09:15,454 [INFO] ServerAccessManage:452 - Complete download http(s) 200
2026-06-05 23:09:15,455 [INFO] ServerAccessManage:509 - Download File crdb.zip
2026-06-05 23:09:16,888 [INFO] FileExtend:248 - Unzip File : crdb.zip
2026-06-05 23:09:16,888 [INFO] FileExtend:263 - Standard Zip Deflate
2026-06-05 23:09:17,022 [INFO] LoadUrlFilesThread:156 - End of LoadUrlFiles Thread
2026-06-05 23:09:18,901 [INFO] ServerAccessManage:452 - Complete download http(s) 200
2026-06-05 23:09:18,902 [INFO] ServerAccessManage:509 - Download File tutoVideoDB.zip
2026-06-05 23:09:18,934 [INFO] FileExtend:248 - Unzip File : tutoVideoDB.zip
2026-06-05 23:09:18,934 [INFO] FileExtend:263 - Standard Zip Deflate
2026-06-05 23:09:19,058 [INFO] LoadUrlFilesThread:156 - End of LoadUrlFiles Thread
2026-06-05 23:09:19,059 [WARN] DbFile:41 - Overriding database path with different value: C:\Users\Josh\.stmcufinder\plugins\mcufinder/ => C:\Users\Josh\.stmcufinder\plugins\mcufinder
2026-06-05 23:09:20,045 [ERROR] ServerAccessManage:1212 - Problem, file not found on Server
2026-06-05 23:09:20,045 [ERROR] ServerAccessManage:740 - Problem, file not found on Server : api_config.json.
2026-06-05 23:09:27,631 [INFO] LoadUrlFilesThread:156 - End of LoadUrlFiles Thread
2026-06-05 23:09:33,062 [INFO] DbMcusAds:53 - JSON generation date=Fri May 29 02:08:17 AEST 2026 (1779984497073)
2026-06-05 23:09:33,064 [INFO] ApiDb:448 - Save user favorites file C:\Users\Josh/.stm32cubeide/favorites.mcus.txt: 0 item(s)
2026-06-05 23:09:33,064 [INFO] ApiDb:452 - User favorites MCUs=[]
2026-06-05 23:09:33,066 [INFO] ApiDb:581 - Connected to CubeFinder SQLite database (C:\Users\Josh\.stmcufinder\plugins\mcufinder\mcu\cube-finder-db.db)
2026-06-05 23:09:33,118 [INFO] ApiDb:668 - CubeFinder database Data Model version=2.1
2026-06-05 23:09:33,119 [INFO] ApiDb:669 - CubeFinder database Configuration version=3.0.42
2026-06-05 23:09:33,119 [INFO] ApiDb:670 - CubeFinder database generation date=2026-05-14 (1778746352)
2026-06-05 23:09:33,119 [INFO] ApiDb:671 - CubeFinder database FW Pack versions=[FP-ATR-ASTRA1_V2.0.0, FP-SNS-FLIGHT1_V5.1.0, FP-SNS-MOTENV1_V5.1.0, FP-SNS-MOTENVWB1_V1.5.0, FP-SNS-SMARTAG2_V1.2.0, FP-SNS-STBOX1_V2.1.0, STM32Cube_FW_C0_V1.4.0, STM32Cube_FW_F4_V1.28.3, STM32Cube_FW_F7_V1.17.4, STM32Cube_FW_G0_V1.6.3, STM32Cube_FW_G4_V1.6.2, STM32Cube_FW_H5_V1.6.0, STM32Cube_FW_H7RS_V1.3.0, STM32Cube_FW_H7_V1.13.0, STM32Cube_FW_L0_V1.12.2, STM32Cube_FW_L4_V1.18.2, STM32Cube_FW_L5_V1.6.0, STM32Cube_FW_N6_V1.3.0, STM32Cube_FW_U0_V1.3.0, STM32Cube_FW_U3_V1.3.0, STM32Cube_FW_U5_V1.8.0, STM32Cube_FW_WB0_V1.4.0, STM32Cube_FW_WBA_V1.9.0, STM32Cube_FW_WB_V1.24.0, STM32Cube_FW_WL3_V1.4.0, STM32Cube_FW_WL_V1.5.0, X-CUBE-ALGOBUILD_V1.4.0, X-CUBE-ALS_V1.0.2, X-CUBE-AZRTOS-F4_V1.1.0, X-CUBE-AZRTOS-F7_V1.1.0, X-CUBE-AZRTOS-G0_V1.1.0, X-CUBE-AZRTOS-G4_V2.0.0, X-CUBE-AZRTOS-H7RS_V1.1.0, X-CUBE-AZRTOS-H7_V3.5.0, X-CUBE-AZRTOS-L4_V2.0.0, X-CUBE-AZRTOS-L5_V2.0.0, X-CUBE-AZRTOS-WB_V2.0.0, X-CUBE-AZRTOS-WL_V2.0.0, X-CUBE-BLE1_V7.1.0, X-CUBE-BLE2_V3.3.0, X-CUBE-BLEMGR_V4.1.0, X-CUBE-EEPRMA1_V5.2.0, X-CUBE-FREERTOS_V1.5.0, X-CUBE-GNSS1_V7.1.1, X-CUBE-MEMS1_V12.1.0, X-CUBE-NFC4_V3.0.0, X-CUBE-NFC7_V2.0.0, X-CUBE-SFXS2LP1_V4.0.0, X-CUBE-ST67W61_V1.3.0, X-CUBE-SUBG2_V5.0.0, X-CUBE-TOF1_V3.4.3]
2026-06-05 23:09:34,778 [INFO] ApiDb:240 - Found 880 in-development CPN: [B-G473E-ZEST1S, B-WB1M-WPAN1, B-WBA5M-WPAN, B-WL5M-SUBG1, NUCLEO-C031C6, NUCLEO-C051C8, NUCLEO-C071RB, NUCLEO-C092RC, NUCLEO-H503RB, NUCLEO-H533RE, NUCLEO-H563ZI, NUCLEO-H7S3L8, NUCLEO-N657X0-Q, NUCLEO-U031R8, NUCLEO-U083RC, NUCLEO-U385RG-Q, NUCLEO-U545RE-Q, NUCLEO-U5A5ZJ-Q, NUCLEO-WB05KZ, NUCLEO-WB07CC, NUCLEO-WB09KE, NUCLEO-WBA52CG, NUCLEO-WBA55CG, NUCLEO-WL33CC1, NUCLEO-WL33CC2, STEVAL-PROTEUS1, STEVAL-SMARTAG2, STEVAL-STWINBX1, STM320518-EVAL, STM32C0116-DK, STM32C011D6Y3TR, STM32C011D6Y6TR, STM32C011F4P3, STM32C011F4P6, STM32C011F4U3, STM32C011F4U6TR, STM32C011F6P3, STM32C011F6P6, STM32C011F6U3, STM32C011F6U6TR, STM32C011J4M3, STM32C011J4M6, STM32C011J6M3, STM32C011J6M6, STM32C0316-DK, STM32C031C4T3, STM32C031C4T6, STM32C031C4U3, STM32C031C4U6, STM32C031C6T3, STM32C031C6T6, STM32C031C6U3, STM32C031C6U6, STM32C031F4P3, STM32C031F4P6, STM32C031F6P3, STM32C031F6P6, STM32C031G4U3, STM32C031G4U6, STM32C031G6U3, STM32C031G6U6, STM32C031K4T3, STM32C031K4T6, STM32C031K4U3, STM32C031K4U6, STM32C031K6T3, STM32C031K6T6, STM32C031K6U3, STM32C031K6U6, STM32C051C6T6, STM32C051C6U6, STM32C051C8T6, STM32C051C8U6, STM32C051D8Y6TR, STM32C051F6P6, STM32C051F8P6, STM32C051G6U6, STM32C051G8U6, STM32C051K6T6, STM32C051K6U6, STM32C051K8T6, STM32C071C8T6, STM32C071C8T6N, STM32C071C8U6, STM32C071C8U6N, STM32C071CBT6, STM32C071CBT6N, STM32C071CBU6, STM32C071CBU6N, STM32C071F8P6, STM32C071F8P6N, STM32C071FBP6, STM32C071FBP6N, STM32C071FBY6TR, STM32C071G8U6, STM32C071G8U6N, STM32C071GBU6, STM32C071GBU6N, STM32C071K8T6, STM32C071K8T6N, STM32C071K8U6, STM32C071K8U6N, STM32C071KBT6, STM32C071KBT6N, STM32C071KBU6, STM32C071KBU6N, STM32C071R8T6, STM32C071R8T6N, STM32C071RBI6N, STM32C071RBT6, STM32C071RBT6N, STM32C091CBT6, STM32C091CBU6, STM32C091CCT6, STM32C091CCU6, STM32C091ECY6TR, STM32C091FBP6, STM32C091FCP6, STM32C091GBU6, STM32C091GCU6, STM32C091KBT6, STM32C091KBU6, STM32C091KCT6, STM32C091KCU6, STM32C091RBT6, STM32C091RCI6, STM32C091RCT6, STM32C092CBT6, STM32C092CBU6, STM32C092CCT6, STM32C092CCU6, STM32C092ECY6TR, STM32C092FBP6, STM32C092FCP6, STM32C092GBU6, STM32C092GCU6, STM32C092KBT6, STM32C092KBU6, STM32C092KCT6, STM32C092KCU6, STM32C092RBT6, STM32C092RCI6, STM32C092RCT6, STM32G071K8TXN, STM32G071K8UXN, STM32G081GBU6N, STM32G081KBT6N, STM32G081KBUXN, STM32G0B1CCT6N, STM32G0B1KCT6, STM32G0B1NEY6TR, STM32G0B1RCT6N, STM32G0C1CCT6, STM32G0C1CCT6N, STM32G0C1CCU6N, STM32G0C1CET6N, STM32G0C1CEU6N, STM32G0C1KCT6, STM32G0C1NEY6TR, STM32G0C1RCI6N, STM32G0C1RCT6N, STM32G0C1REI6N, STM32G0C1RET6N, STM32G0C1VCI6, STM32G0C1VEI6, STM32G411C6T3, STM32G411C6T6, STM32G411C6U3, STM32G411C6U6, STM32G411C8T3, STM32G411C8T6, STM32G411C8U3, STM32G411C8U6, STM32G411CBT3, STM32G411CBT6, STM32G411CBU3, STM32G411CBU6, STM32G411K6T3, STM32G411K6T6, STM32G411K6U3, STM32G411K6U6, STM32G411K8T3, STM32G411K8T6, STM32G411K8U3, STM32G411K8U6, STM32G411KBT3, STM32G411KBT6, STM32G411KBU3, STM32G411KBU6, STM32G411M6T3, STM32G411M6T6, STM32G411M8T3, STM32G411M8T6, STM32G411MBT3, STM32G411MBT6, STM32G411R6T3, STM32G411R6T6, STM32G411R8T3, STM32G411R8T6, STM32G411RBT3, STM32G411RBT6, STM32G414CBT3, STM32G414CBT6, STM32G414CBU3, STM32G414CBU6, STM32G414CCT3, STM32G414CCT6, STM32G414CCU3, STM32G414CCU6, STM32G414MBT3, STM32G414MBT6, STM32G414MCT3, STM32G414MCT6, STM32G414RBT3, STM32G414RBT6, STM32G414RCT3, STM32G414RCT6, STM32G414VBT3, STM32G414VBT6, STM32G414VCT3, STM32G414VCT6, STM32G431CBT3Z, STM32G431RBT3Z, STM32G471CCT6, STM32G471CCU6, STM32G471CET3, STM32G471CET6, STM32G471CEU3, STM32G471CEU6, STM32G471MCT6, STM32G471MET3, STM32G471MET6, STM32G471MEY6TR, STM32G471QCT6, STM32G471QET3, STM32G471RCT6, STM32G471RET3, STM32G471RET6, STM32G471VCH6, STM32G471VCI6, STM32G471VCT6, STM32G471VEH3, STM32G471VEH6, STM32G471VEI3, STM32G471VEI6, STM32G471VET3, STM32G471VET6, STM32G473QET3Z, STM32G473RET3Z, STM32G474CCT6, STM32G491RET3Z, STM32H503CBT6, STM32H503CBU6, STM32H503EBY6TR, STM32H503KBU6, STM32H503RBT6, STM32H523CCT6, STM32H523CCU6, STM32H523CET6, STM32H523CEU6, STM32H523HEY6TR, STM32H523RCT6, STM32H523RET6, STM32H523VCI6, STM32H523VCT6, STM32H523VEI6, STM32H523VET6, STM32H523ZCJ6, STM32H523ZCT6, STM32H523ZEJ6, STM32H523ZET6, STM32H533CET6, STM32H533CEU6, STM32H533HEY6TR, STM32H533RET6, STM32H533VEI6, STM32H533VET6, STM32H533ZEJ6, STM32H533ZET6, STM32H562AGI6, STM32H562AII6, STM32H562IGK6, STM32H562IGT6, STM32H562IIK6, STM32H562IIT6, STM32H562RGT6, STM32H562RGV6, STM32H562RIT6, STM32H562RIV6, STM32H562VGT6, STM32H562VIT6, STM32H562ZGT6, STM32H562ZIT6, STM32H563AGI6, STM32H563AII3Q, STM32H563AII6, STM32H563IGK6, STM32H563IGT6, STM32H563IIK3Q, STM32H563IIK6, STM32H563IIT3Q, STM32H563IIT6, STM32H563MIY3QTR, STM32H563RGT6, STM32H563RGV6, STM32H563RIT6, STM32H563RIV6, STM32H563VGT6, STM32H563VIT3Q, STM32H563VIT6, STM32H563ZGT6, STM32H563ZIT3Q, STM32H563ZIT6, STM32H573AII3Q, STM32H573AII6, STM32H573I-DK, STM32H573IIK3Q, STM32H573IIK6, STM32H573IIT3Q, STM32H573IIT6, STM32H573MIY3QTR, STM32H573RIT6, STM32H573RIV6, STM32H573VIT3Q, STM32H573VIT6, STM32H573ZIT3Q, STM32H573ZIT6, STM32H7R3A8I6, STM32H7R3I8K6, STM32H7R3I8T6, STM32H7R3L8H6, STM32H7R3L8H6H, STM32H7R3R8V6, STM32H7R3V8H6, STM32H7R3V8T6, STM32H7R3V8Y6TR, STM32H7R3Z8J6, STM32H7R3Z8T6, STM32H7R7A8I6, STM32H7R7I8K6, STM32H7R7I8T6, STM32H7R7L8H6, STM32H7R7L8H6H, STM32H7R7Z8J6, STM32H7S3A8I6, STM32H7S3I8K6, STM32H7S3I8T6, STM32H7S3L8H6, STM32H7S3L8H6H, STM32H7S3R8V6, STM32H7S3V8H6, STM32H7S3V8T6, STM32H7S3V8Y6TR, STM32H7S3Z8J6, STM32H7S3Z8T6, STM32H7S78-DK, STM32H7S7A8I6, STM32H7S7I8K6, STM32H7S7I8T6, STM32H7S7L8H6, STM32H7S7L8H6H, STM32H7S7Z8J6, STM32L4R5QGI6STR, STM32MP131AAE3, STM32MP131AAF3, STM32MP131AAG3, STM32MP131CAE3, STM32MP131CAF3, STM32MP131CAG3, STM32MP131DAE7, STM32MP131DAF7, STM32MP131DAG7, STM32MP131FAE7, STM32MP131FAF7, STM32MP131FAG7, STM32MP133AAE3, STM32MP133AAF3, STM32MP133AAG3, STM32MP133CAE3, STM32MP133CAF3, STM32MP133CAG3, STM32MP133DAE7, STM32MP133DAF7, STM32MP133DAG7, STM32MP133FAE7, STM32MP133FAF7, STM32MP133FAG7, STM32MP135AAE3, STM32MP135AAF3, STM32MP135AAG3, STM32MP135CAE3, STM32MP135CAF3, STM32MP135CAG3, STM32MP135DAE7, STM32MP135DAF7, STM32MP135DAG7, STM32MP135F-DK, STM32MP135FAE7, STM32MP135FAF7, STM32MP135FAF7T, STM32MP135FAF7U, STM32MP135FAG7, STM32MP211AAL3, STM32MP211AAM3, STM32MP211AAN3, STM32MP211AAO3, STM32MP211CAL3, STM32MP211CAM3, STM32MP211CAN3, STM32MP211CAO3, STM32MP211DAL3, STM32MP211DAM3, STM32MP211DAN3, STM32MP211DAO3, STM32MP211FAL3, STM32MP211FAM3, STM32MP211FAN3, STM32MP211FAO3, STM32MP213AAL3, STM32MP213AAM3, STM32MP213AAN3, STM32MP213AAO3, STM32MP213CAL3, STM32MP213CAM3, STM32MP213CAN3, STM32MP213CAO3, STM32MP213DAL3, STM32MP213DAM3, STM32MP213DAN3, STM32MP213DAO3, STM32MP213FAL3, STM32MP213FAM3, STM32MP213FAN3, STM32MP213FAO3, STM32MP215AAL3, STM32MP215AAM3, STM32MP215AAN3, STM32MP215AAO3, STM32MP215CAL3, STM32MP215CAM3, STM32MP215CAN3, STM32MP215CAO3, STM32MP215DAL3, STM32MP215DAM3, STM32MP215DAN3, STM32MP215DAO3, STM32MP215F-DK, STM32MP215FAL3, STM32MP215FAM3, STM32MP215FAN3, STM32MP215FAO3, STM32MP231AAJ3, STM32MP231AAK3, STM32MP231AAL3, STM32MP231CAJ3, STM32MP231CAK3, STM32MP231CAL3, STM32MP231DAJ3, STM32MP231DAK3, STM32MP231DAL3, STM32MP231FAJ3, STM32MP231FAK3, STM32MP231FAL3, STM32MP233AAJ3, STM32MP233AAK3, STM32MP233AAL3, STM32MP233CAJ3, STM32MP233CAK3, STM32MP233CAL3, STM32MP233DAJ3, STM32MP233DAK3, STM32MP233DAL3, STM32MP233FAJ3, STM32MP233FAK3, STM32MP233FAL3, STM32MP235AAJ3, STM32MP235AAK3, STM32MP235AAL3, STM32MP235CAJ3, STM32MP235CAK3, STM32MP235CAL3, STM32MP235DAJ3, STM32MP235DAK3, STM32MP235DAL3, STM32MP235FAJ3, STM32MP235FAK3, STM32MP235FAL3, STM32MP251AAI3, STM32MP251AAK3, STM32MP251AAL3, STM32MP251CAI3, STM32MP251CAK3, STM32MP251CAL3, STM32MP251DAI3, STM32MP251DAK3, STM32MP251DAL3, STM32MP251FAI3, STM32MP251FAK3, STM32MP251FAL3, STM32MP253AAI3, STM32MP253AAK3, STM32MP253AAL3, STM32MP253CAI3, STM32MP253CAK3, STM32MP253CAL3, STM32MP253DAI3, STM32MP253DAK3, STM32MP253DAL3, STM32MP253FAI3, STM32MP253FAK3, STM32MP253FAL3, STM32MP255AAI3, STM32MP255AAK3, STM32MP255AAL3, STM32MP255CAI3, STM32MP255CAK3, STM32MP255CAL3, STM32MP255DAI3, STM32MP255DAK3, STM32MP255DAL3, STM32MP255FAI3, STM32MP255FAK3, STM32MP255FAL3, STM32MP257AAI3, STM32MP257AAK3, STM32MP257AAL3, STM32MP257CAI3, STM32MP257CAK3, STM32MP257CAL3, STM32MP257DAI3, STM32MP257DAK3, STM32MP257DAL3, STM32MP257F-DK, STM32MP257F-EV1, STM32MP257FAI3, STM32MP257FAK3, STM32MP257FAL3, STM32N645A0H3Q, STM32N645B0H3Q, STM32N645I0H3Q, STM32N645L0H3Q, STM32N645X0H3Q, STM32N645Z0H3Q, STM32N647A0H3Q, STM32N647B0H3Q, STM32N647I0H3Q, STM32N647L0H3Q, STM32N647X0H3Q, STM32N647Z0H3Q, STM32N655A0H3Q, STM32N655B0H3Q, STM32N655I0H3Q, STM32N655L0H3Q, STM32N655X0H3Q, STM32N655Z0H3Q, STM32N6570-DK, STM32N657A0H3Q, STM32N657B0H3Q, STM32N657I0H3Q, STM32N657L0H3Q, STM32N657X0H3Q, STM32N657Z0H3Q, STM32U031C6T6, STM32U031C6U6, STM32U031C8T6, STM32U031C8U6, STM32U031F4P6, STM32U031F6P6, STM32U031F8P6, STM32U031G6Y6TR, STM32U031G8Y6TR, STM32U031K4U6, STM32U031K6U6, STM32U031K8U6, STM32U031R6I6, STM32U031R6T6, STM32U031R8I6, STM32U031R8T6, STM32U073C8T6, STM32U073C8U6, STM32U073CBT6, STM32U073CBU6, STM32U073CCT6, STM32U073CCU6, STM32U073H8Y6TR, STM32U073HBY6TR, STM32U073HCY6TR, STM32U073K8U6, STM32U073KBU6, STM32U073KCU6, STM32U073M8I6, STM32U073M8T6, STM32U073MBI6, STM32U073MBT6, STM32U073MCI6, STM32U073MCT6, STM32U073R8I6, STM32U073R8T6, STM32U073RBI6, STM32U073RBT6, STM32U073RCI6, STM32U073RCT6, STM32U083C-DK, STM32U083CCT6, STM32U083CCU6, STM32U083HCY6TR, STM32U083KCU6, STM32U083MCI6, STM32U083MCT6, STM32U083RCI6, STM32U083RCT6, STM32U375CET6, STM32U375CET6Q, STM32U375CEU6, STM32U375CEU6Q, STM32U375CEY6QTR, STM32U375CGT6, STM32U375CGT6Q, STM32U375CGU6, STM32U375CGU6Q, STM32U375CGY6QTR, STM32U375KEU6, STM32U375KGU6, STM32U375REI6, STM32U375REI6Q, STM32U375RET6, STM32U375RET6Q, STM32U375REY6GTR, STM32U375REY6QTR, STM32U375RGI6, STM32U375RGI6Q, STM32U375RGT6, STM32U375RGT6Q, STM32U375RGY6GTR, STM32U375RGY6QTR, STM32U375VEI6, STM32U375VEI6Q, STM32U375VET6, STM32U375VET6Q, STM32U375VGI6, STM32U375VGI6Q, STM32U375VGT6, STM32U375VGT6Q, STM32U385CGT6, STM32U385CGT6Q, STM32U385CGU6, STM32U385CGU6Q, STM32U385CGY6QTR, STM32U385KGU6, STM32U385RGI6, STM32U385RGI6Q, STM32U385RGT6, STM32U385RGT6Q, STM32U385RGY6GTR, STM32U385RGY6QTR, STM32U385VGI6, STM32U385VGI6Q, STM32U385VGT6, STM32U385VGT6Q, STM32U535CBT6, STM32U535CBT6Q, STM32U535CBU6, STM32U535CBU6Q, STM32U535CCT6, STM32U535CCT6Q, STM32U535CCU6, STM32U535CCU6Q, STM32U535CET6, STM32U535CET6Q, STM32U535CEU6, STM32U535CEU6Q, STM32U535JEY6QTR, STM32U535NCY6QTR, STM32U535NEY6QTR, STM32U535RBI6, STM32U535RBI6Q, STM32U535RBT6, STM32U535RBT6Q, STM32U535RCI6, STM32U535RCI6Q, STM32U535RCT6, STM32U535RCT6Q, STM32U535REI6, STM32U535REI6Q, STM32U535RET6, STM32U535RET6Q, STM32U535VCI6, STM32U535VCI6Q, STM32U535VCT6, STM32U535VCT6Q, STM32U535VEI6, STM32U535VEI6Q, STM32U535VET6, STM32U535VET6Q, STM32U545CET6, STM32U545CET6Q, STM32U545CEU6, STM32U545CEU6Q, STM32U545JEY6QTR, STM32U545NEY6QTR, STM32U545REI6, STM32U545REI6Q, STM32U545RET6, STM32U545RET6Q, STM32U545VEI6, STM32U545VEI6Q, STM32U545VET6, STM32U545VET6Q, STM32U595AIH6, STM32U595AIH6Q, STM32U595AJH6, STM32U595AJH6Q, STM32U595QII6, STM32U595QII6Q, STM32U595QJI6, STM32U595QJI6Q, STM32U595RIT6, STM32U595RIT6Q, STM32U595RJT6, STM32U595RJT6Q, STM32U595VIT6, STM32U595VIT6Q, STM32U595VJT6, STM32U595VJT6Q, STM32U595ZIT6, STM32U595ZIT6Q, STM32U595ZIY6QTR, STM32U595ZJT6, STM32U595ZJT6Q, STM32U595ZJY6QTR, STM32U599BJY6QTR, STM32U599NIH6Q, STM32U599NJH6Q, STM32U599VIT6Q, STM32U599VJT6, STM32U599VJT6Q, STM32U599ZIT6Q, STM32U599ZIY6QTR, STM32U599ZJT6Q, STM32U599ZJY6QTR, STM32U5A5AJH6, STM32U5A5AJH6Q, STM32U5A5QII3Q , STM32U5A5QJI6, STM32U5A5QJI6Q, STM32U5A5RJT6, STM32U5A5RJT6Q, STM32U5A5VJT6, STM32U5A5VJT6Q, STM32U5A5ZJT6, STM32U5A5ZJT6Q, STM32U5A5ZJY6QTR, STM32U5A9BJY6QTR, STM32U5A9J-DK, STM32U5A9NJH6Q, STM32U5A9VJT6Q, STM32U5A9ZJT6Q, STM32U5A9ZJY6QTR, STM32U5F7VIT6, STM32U5F7VIT6Q, STM32U5F7VJT6, STM32U5F7VJT6Q, STM32U5F9BJY6QTR, STM32U5F9NJH6Q, STM32U5F9VIT6Q, STM32U5F9VJT6Q, STM32U5F9ZIJ6QTR, STM32U5F9ZIT6Q, STM32U5F9ZJJ6QTR, STM32U5F9ZJT6Q, STM32U5G7VJT6, STM32U5G7VJT6Q, STM32U5G9BJY6QTR, STM32U5G9J-DK1, STM32U5G9J-DK2, STM32U5G9NJH6Q, STM32U5G9VJT6Q, STM32U5G9ZJJ6QTR, STM32U5G9ZJT6Q, STM32WB05KZV6TR, STM32WB05KZV7TR, STM32WB05TZF6TR, STM32WB05TZF7TR, STM32WB06CCF6TR, STM32WB06CCF7TR, STM32WB06CCV6TR, STM32WB06CCV7TR, STM32WB06KCV6TR, STM32WB06KCV7TR, STM32WB07CCF6TR, STM32WB07CCF7TR, STM32WB07CCV6TR, STM32WB07CCV7TR, STM32WB07KCV6TR, STM32WB07KCV7TR, STM32WB09KEV6TR, STM32WB09KEV7TR, STM32WB09TEF6TR, STM32WB09TEF7TR, STM32WB1MMCH6, STM32WBA50KGU6, STM32WBA50KGU6TR, STM32WBA52CEU6, STM32WBA52CEU6TR, STM32WBA52CEU7, STM32WBA52CEU7TR, STM32WBA52CGU6, STM32WBA52CGU6TR, STM32WBA52CGU6U, STM32WBA52CGU7, STM32WBA52CGU7TR, STM32WBA52KEU6, STM32WBA52KEU6TR, STM32WBA52KGU6, STM32WBA52KGU6TR, STM32WBA54CEU6, STM32WBA54CEU6TR, STM32WBA54CEU7, STM32WBA54CEU7TR, STM32WBA54CGU6, STM32WBA54CGU6TR, STM32WBA54CGU7, STM32WBA54CGU7TR, STM32WBA54KEU6, STM32WBA54KEU6TR, STM32WBA54KEU7, STM32WBA54KEU7TR, STM32WBA54KGU6, STM32WBA54KGU6TR, STM32WBA54KGU7, STM32WBA54KGU7TR, STM32WBA55CEU6, STM32WBA55CEU6TR, STM32WBA55CEU7, STM32WBA55CEU7TR, STM32WBA55CGU6, STM32WBA55CGU6TR, STM32WBA55CGU6U, STM32WBA55CGU7, STM32WBA55CGU7TR, STM32WBA55G-DK1, STM32WBA55HEF6, STM32WBA55HEF7, STM32WBA55HGF6, STM32WBA55HGF7, STM32WBA55UEI6, STM32WBA55UEI6TR, STM32WBA55UEI7, STM32WBA55UEI7TR, STM32WBA55UGI6, STM32WBA55UGI6TR, STM32WBA55UGI7, STM32WBA55UGI7TR, STM32WBA5MMGH6TR, STM32WBA62MGF6, STM32WBA62MIF6, STM32WBA65MGF7, STM32WBA65MIF6, STM32WBA65MIF7, STM32WL30K8V6, STM32WL30KBV6, STM32WL31C8V6, STM32WL31CBV6, STM32WL31K8V6, STM32WL31KBV6, STM32WL33C8V6, STM32WL33C8V6X, STM32WL33CBV6, STM32WL33CBV6X, STM32WL33CCV6, STM32WL33CCV6A, STM32WL33CCV6X, STM32WL33K8V7, STM32WL33K8V7X, STM32WL33KBV7 , STM32WL33KBV7X, STM32WL33KCV7, STM32WL33KCV7X, STM32WL5MOCH6, STM32WL5MOCH6TR]
2026-06-05 23:09:34,780 [INFO] DbMcus:218 - Found 5086 MCUs, 4968 are supported
2026-06-05 23:09:34,781 [INFO] ApiDb:423 - Load user favorites file C:\Users\Josh/.stm32cubeide/favorites.mcus.txt: 0 item(s)
2026-06-05 23:09:34,781 [INFO] ApiDb:427 - User favorites MCUs=[]
2026-06-05 23:09:34,781 [INFO] DbMcus:224 - Set 0 / 0 favorites MCUs
2026-06-05 23:09:35,109 [INFO] ApiDb:448 - Save user favorites file C:\Users\Josh/.stm32cubeide/favorites.boards.txt: 0 item(s)
2026-06-05 23:09:35,110 [INFO] ApiDb:452 - User favorites Boards=[]
2026-06-05 23:09:35,111 [INFO] ApiDb:581 - Connected to CubeFinder SQLite database (C:\Users\Josh\.stmcufinder\plugins\mcufinder\mcu\cube-finder-db.db)
2026-06-05 23:09:35,164 [INFO] ApiDb:668 - CubeFinder database Data Model version=2.1
2026-06-05 23:09:35,164 [INFO] ApiDb:669 - CubeFinder database Configuration version=3.0.42
2026-06-05 23:09:35,164 [INFO] ApiDb:670 - CubeFinder database generation date=2026-05-14 (1778746352)
2026-06-05 23:09:35,164 [INFO] ApiDb:671 - CubeFinder database FW Pack versions=[FP-ATR-ASTRA1_V2.0.0, FP-SNS-FLIGHT1_V5.1.0, FP-SNS-MOTENV1_V5.1.0, FP-SNS-MOTENVWB1_V1.5.0, FP-SNS-SMARTAG2_V1.2.0, FP-SNS-STBOX1_V2.1.0, STM32Cube_FW_C0_V1.4.0, STM32Cube_FW_F4_V1.28.3, STM32Cube_FW_F7_V1.17.4, STM32Cube_FW_G0_V1.6.3, STM32Cube_FW_G4_V1.6.2, STM32Cube_FW_H5_V1.6.0, STM32Cube_FW_H7RS_V1.3.0, STM32Cube_FW_H7_V1.13.0, STM32Cube_FW_L0_V1.12.2, STM32Cube_FW_L4_V1.18.2, STM32Cube_FW_L5_V1.6.0, STM32Cube_FW_N6_V1.3.0, STM32Cube_FW_U0_V1.3.0, STM32Cube_FW_U3_V1.3.0, STM32Cube_FW_U5_V1.8.0, STM32Cube_FW_WB0_V1.4.0, STM32Cube_FW_WBA_V1.9.0, STM32Cube_FW_WB_V1.24.0, STM32Cube_FW_WL3_V1.4.0, STM32Cube_FW_WL_V1.5.0, X-CUBE-ALGOBUILD_V1.4.0, X-CUBE-ALS_V1.0.2, X-CUBE-AZRTOS-F4_V1.1.0, X-CUBE-AZRTOS-F7_V1.1.0, X-CUBE-AZRTOS-G0_V1.1.0, X-CUBE-AZRTOS-G4_V2.0.0, X-CUBE-AZRTOS-H7RS_V1.1.0, X-CUBE-AZRTOS-H7_V3.5.0, X-CUBE-AZRTOS-L4_V2.0.0, X-CUBE-AZRTOS-L5_V2.0.0, X-CUBE-AZRTOS-WB_V2.0.0, X-CUBE-AZRTOS-WL_V2.0.0, X-CUBE-BLE1_V7.1.0, X-CUBE-BLE2_V3.3.0, X-CUBE-BLEMGR_V4.1.0, X-CUBE-EEPRMA1_V5.2.0, X-CUBE-FREERTOS_V1.5.0, X-CUBE-GNSS1_V7.1.1, X-CUBE-MEMS1_V12.1.0, X-CUBE-NFC4_V3.0.0, X-CUBE-NFC7_V2.0.0, X-CUBE-SFXS2LP1_V4.0.0, X-CUBE-ST67W61_V1.3.0, X-CUBE-SUBG2_V5.0.0, X-CUBE-TOF1_V3.4.3]
2026-06-05 23:09:35,200 [INFO] DbBoardsSqlite:226 - include board P-NUCLEO-WB55-NUCLEO as a kit item of type 'Nucleo-64'
2026-06-05 23:09:35,201 [INFO] DbBoardsSqlite:226 - include board P-NUCLEO-WB55-USBDONGLE as a kit item of type 'Nucleo USB Dongle'
2026-06-05 23:09:35,201 [INFO] DbBoardsSqlite:226 - include board STEVAL-IDP005V1 as a kit item of type 'Evaluation Board'
2026-06-05 23:09:35,201 [INFO] DbBoardsSqlite:226 - include board STEVAL-IDP005V2 as a kit item of type 'Evaluation Board'
2026-06-05 23:09:35,255 [INFO] ApiDb:240 - Found 880 in-development CPN: [B-G473E-ZEST1S, B-WB1M-WPAN1, B-WBA5M-WPAN, B-WL5M-SUBG1, NUCLEO-C031C6, NUCLEO-C051C8, NUCLEO-C071RB, NUCLEO-C092RC, NUCLEO-H503RB, NUCLEO-H533RE, NUCLEO-H563ZI, NUCLEO-H7S3L8, NUCLEO-N657X0-Q, NUCLEO-U031R8, NUCLEO-U083RC, NUCLEO-U385RG-Q, NUCLEO-U545RE-Q, NUCLEO-U5A5ZJ-Q, NUCLEO-WB05KZ, NUCLEO-WB07CC, NUCLEO-WB09KE, NUCLEO-WBA52CG, NUCLEO-WBA55CG, NUCLEO-WL33CC1, NUCLEO-WL33CC2, STEVAL-PROTEUS1, STEVAL-SMARTAG2, STEVAL-STWINBX1, STM320518-EVAL, STM32C0116-DK, STM32C011D6Y3TR, STM32C011D6Y6TR, STM32C011F4P3, STM32C011F4P6, STM32C011F4U3, STM32C011F4U6TR, STM32C011F6P3, STM32C011F6P6, STM32C011F6U3, STM32C011F6U6TR, STM32C011J4M3, STM32C011J4M6, STM32C011J6M3, STM32C011J6M6, STM32C0316-DK, STM32C031C4T3, STM32C031C4T6, STM32C031C4U3, STM32C031C4U6, STM32C031C6T3, STM32C031C6T6, STM32C031C6U3, STM32C031C6U6, STM32C031F4P3, STM32C031F4P6, STM32C031F6P3, STM32C031F6P6, STM32C031G4U3, STM32C031G4U6, STM32C031G6U3, STM32C031G6U6, STM32C031K4T3, STM32C031K4T6, STM32C031K4U3, STM32C031K4U6, STM32C031K6T3, STM32C031K6T6, STM32C031K6U3, STM32C031K6U6, STM32C051C6T6, STM32C051C6U6, STM32C051C8T6, STM32C051C8U6, STM32C051D8Y6TR, STM32C051F6P6, STM32C051F8P6, STM32C051G6U6, STM32C051G8U6, STM32C051K6T6, STM32C051K6U6, STM32C051K8T6, STM32C071C8T6, STM32C071C8T6N, STM32C071C8U6, STM32C071C8U6N, STM32C071CBT6, STM32C071CBT6N, STM32C071CBU6, STM32C071CBU6N, STM32C071F8P6, STM32C071F8P6N, STM32C071FBP6, STM32C071FBP6N, STM32C071FBY6TR, STM32C071G8U6, STM32C071G8U6N, STM32C071GBU6, STM32C071GBU6N, STM32C071K8T6, STM32C071K8T6N, STM32C071K8U6, STM32C071K8U6N, STM32C071KBT6, STM32C071KBT6N, STM32C071KBU6, STM32C071KBU6N, STM32C071R8T6, STM32C071R8T6N, STM32C071RBI6N, STM32C071RBT6, STM32C071RBT6N, STM32C091CBT6, STM32C091CBU6, STM32C091CCT6, STM32C091CCU6, STM32C091ECY6TR, STM32C091FBP6, STM32C091FCP6, STM32C091GBU6, STM32C091GCU6, STM32C091KBT6, STM32C091KBU6, STM32C091KCT6, STM32C091KCU6, STM32C091RBT6, STM32C091RCI6, STM32C091RCT6, STM32C092CBT6, STM32C092CBU6, STM32C092CCT6, STM32C092CCU6, STM32C092ECY6TR, STM32C092FBP6, STM32C092FCP6, STM32C092GBU6, STM32C092GCU6, STM32C092KBT6, STM32C092KBU6, STM32C092KCT6, STM32C092KCU6, STM32C092RBT6, STM32C092RCI6, STM32C092RCT6, STM32G071K8TXN, STM32G071K8UXN, STM32G081GBU6N, STM32G081KBT6N, STM32G081KBUXN, STM32G0B1CCT6N, STM32G0B1KCT6, STM32G0B1NEY6TR, STM32G0B1RCT6N, STM32G0C1CCT6, STM32G0C1CCT6N, STM32G0C1CCU6N, STM32G0C1CET6N, STM32G0C1CEU6N, STM32G0C1KCT6, STM32G0C1NEY6TR, STM32G0C1RCI6N, STM32G0C1RCT6N, STM32G0C1REI6N, STM32G0C1RET6N, STM32G0C1VCI6, STM32G0C1VEI6, STM32G411C6T3, STM32G411C6T6, STM32G411C6U3, STM32G411C6U6, STM32G411C8T3, STM32G411C8T6, STM32G411C8U3, STM32G411C8U6, STM32G411CBT3, STM32G411CBT6, STM32G411CBU3, STM32G411CBU6, STM32G411K6T3, STM32G411K6T6, STM32G411K6U3, STM32G411K6U6, STM32G411K8T3, STM32G411K8T6, STM32G411K8U3, STM32G411K8U6, STM32G411KBT3, STM32G411KBT6, STM32G411KBU3, STM32G411KBU6, STM32G411M6T3, STM32G411M6T6, STM32G411M8T3, STM32G411M8T6, STM32G411MBT3, STM32G411MBT6, STM32G411R6T3, STM32G411R6T6, STM32G411R8T3, STM32G411R8T6, STM32G411RBT3, STM32G411RBT6, STM32G414CBT3, STM32G414CBT6, STM32G414CBU3, STM32G414CBU6, STM32G414CCT3, STM32G414CCT6, STM32G414CCU3, STM32G414CCU6, STM32G414MBT3, STM32G414MBT6, STM32G414MCT3, STM32G414MCT6, STM32G414RBT3, STM32G414RBT6, STM32G414RCT3, STM32G414RCT6, STM32G414VBT3, STM32G414VBT6, STM32G414VCT3, STM32G414VCT6, STM32G431CBT3Z, STM32G431RBT3Z, STM32G471CCT6, STM32G471CCU6, STM32G471CET3, STM32G471CET6, STM32G471CEU3, STM32G471CEU6, STM32G471MCT6, STM32G471MET3, STM32G471MET6, STM32G471MEY6TR, STM32G471QCT6, STM32G471QET3, STM32G471RCT6, STM32G471RET3, STM32G471RET6, STM32G471VCH6, STM32G471VCI6, STM32G471VCT6, STM32G471VEH3, STM32G471VEH6, STM32G471VEI3, STM32G471VEI6, STM32G471VET3, STM32G471VET6, STM32G473QET3Z, STM32G473RET3Z, STM32G474CCT6, STM32G491RET3Z, STM32H503CBT6, STM32H503CBU6, STM32H503EBY6TR, STM32H503KBU6, STM32H503RBT6, STM32H523CCT6, STM32H523CCU6, STM32H523CET6, STM32H523CEU6, STM32H523HEY6TR, STM32H523RCT6, STM32H523RET6, STM32H523VCI6, STM32H523VCT6, STM32H523VEI6, STM32H523VET6, STM32H523ZCJ6, STM32H523ZCT6, STM32H523ZEJ6, STM32H523ZET6, STM32H533CET6, STM32H533CEU6, STM32H533HEY6TR, STM32H533RET6, STM32H533VEI6, STM32H533VET6, STM32H533ZEJ6, STM32H533ZET6, STM32H562AGI6, STM32H562AII6, STM32H562IGK6, STM32H562IGT6, STM32H562IIK6, STM32H562IIT6, STM32H562RGT6, STM32H562RGV6, STM32H562RIT6, STM32H562RIV6, STM32H562VGT6, STM32H562VIT6, STM32H562ZGT6, STM32H562ZIT6, STM32H563AGI6, STM32H563AII3Q, STM32H563AII6, STM32H563IGK6, STM32H563IGT6, STM32H563IIK3Q, STM32H563IIK6, STM32H563IIT3Q, STM32H563IIT6, STM32H563MIY3QTR, STM32H563RGT6, STM32H563RGV6, STM32H563RIT6, STM32H563RIV6, STM32H563VGT6, STM32H563VIT3Q, STM32H563VIT6, STM32H563ZGT6, STM32H563ZIT3Q, STM32H563ZIT6, STM32H573AII3Q, STM32H573AII6, STM32H573I-DK, STM32H573IIK3Q, STM32H573IIK6, STM32H573IIT3Q, STM32H573IIT6, STM32H573MIY3QTR, STM32H573RIT6, STM32H573RIV6, STM32H573VIT3Q, STM32H573VIT6, STM32H573ZIT3Q, STM32H573ZIT6, STM32H7R3A8I6, STM32H7R3I8K6, STM32H7R3I8T6, STM32H7R3L8H6, STM32H7R3L8H6H, STM32H7R3R8V6, STM32H7R3V8H6, STM32H7R3V8T6, STM32H7R3V8Y6TR, STM32H7R3Z8J6, STM32H7R3Z8T6, STM32H7R7A8I6, STM32H7R7I8K6, STM32H7R7I8T6, STM32H7R7L8H6, STM32H7R7L8H6H, STM32H7R7Z8J6, STM32H7S3A8I6, STM32H7S3I8K6, STM32H7S3I8T6, STM32H7S3L8H6, STM32H7S3L8H6H, STM32H7S3R8V6, STM32H7S3V8H6, STM32H7S3V8T6, STM32H7S3V8Y6TR, STM32H7S3Z8J6, STM32H7S3Z8T6, STM32H7S78-DK, STM32H7S7A8I6, STM32H7S7I8K6, STM32H7S7I8T6, STM32H7S7L8H6, STM32H7S7L8H6H, STM32H7S7Z8J6, STM32L4R5QGI6STR, STM32MP131AAE3, STM32MP131AAF3, STM32MP131AAG3, STM32MP131CAE3, STM32MP131CAF3, STM32MP131CAG3, STM32MP131DAE7, STM32MP131DAF7, STM32MP131DAG7, STM32MP131FAE7, STM32MP131FAF7, STM32MP131FAG7, STM32MP133AAE3, STM32MP133AAF3, STM32MP133AAG3, STM32MP133CAE3, STM32MP133CAF3, STM32MP133CAG3, STM32MP133DAE7, STM32MP133DAF7, STM32MP133DAG7, STM32MP133FAE7, STM32MP133FAF7, STM32MP133FAG7, STM32MP135AAE3, STM32MP135AAF3, STM32MP135AAG3, STM32MP135CAE3, STM32MP135CAF3, STM32MP135CAG3, STM32MP135DAE7, STM32MP135DAF7, STM32MP135DAG7, STM32MP135F-DK, STM32MP135FAE7, STM32MP135FAF7, STM32MP135FAF7T, STM32MP135FAF7U, STM32MP135FAG7, STM32MP211AAL3, STM32MP211AAM3, STM32MP211AAN3, STM32MP211AAO3, STM32MP211CAL3, STM32MP211CAM3, STM32MP211CAN3, STM32MP211CAO3, STM32MP211DAL3, STM32MP211DAM3, STM32MP211DAN3, STM32MP211DAO3, STM32MP211FAL3, STM32MP211FAM3, STM32MP211FAN3, STM32MP211FAO3, STM32MP213AAL3, STM32MP213AAM3, STM32MP213AAN3, STM32MP213AAO3, STM32MP213CAL3, STM32MP213CAM3, STM32MP213CAN3, STM32MP213CAO3, STM32MP213DAL3, STM32MP213DAM3, STM32MP213DAN3, STM32MP213DAO3, STM32MP213FAL3, STM32MP213FAM3, STM32MP213FAN3, STM32MP213FAO3, STM32MP215AAL3, STM32MP215AAM3, STM32MP215AAN3, STM32MP215AAO3, STM32MP215CAL3, STM32MP215CAM3, STM32MP215CAN3, STM32MP215CAO3, STM32MP215DAL3, STM32MP215DAM3, STM32MP215DAN3, STM32MP215DAO3, STM32MP215F-DK, STM32MP215FAL3, STM32MP215FAM3, STM32MP215FAN3, STM32MP215FAO3, STM32MP231AAJ3, STM32MP231AAK3, STM32MP231AAL3, STM32MP231CAJ3, STM32MP231CAK3, STM32MP231CAL3, STM32MP231DAJ3, STM32MP231DAK3, STM32MP231DAL3, STM32MP231FAJ3, STM32MP231FAK3, STM32MP231FAL3, STM32MP233AAJ3, STM32MP233AAK3, STM32MP233AAL3, STM32MP233CAJ3, STM32MP233CAK3, STM32MP233CAL3, STM32MP233DAJ3, STM32MP233DAK3, STM32MP233DAL3, STM32MP233FAJ3, STM32MP233FAK3, STM32MP233FAL3, STM32MP235AAJ3, STM32MP235AAK3, STM32MP235AAL3, STM32MP235CAJ3, STM32MP235CAK3, STM32MP235CAL3, STM32MP235DAJ3, STM32MP235DAK3, STM32MP235DAL3, STM32MP235FAJ3, STM32MP235FAK3, STM32MP235FAL3, STM32MP251AAI3, STM32MP251AAK3, STM32MP251AAL3, STM32MP251CAI3, STM32MP251CAK3, STM32MP251CAL3, STM32MP251DAI3, STM32MP251DAK3, STM32MP251DAL3, STM32MP251FAI3, STM32MP251FAK3, STM32MP251FAL3, STM32MP253AAI3, STM32MP253AAK3, STM32MP253AAL3, STM32MP253CAI3, STM32MP253CAK3, STM32MP253CAL3, STM32MP253DAI3, STM32MP253DAK3, STM32MP253DAL3, STM32MP253FAI3, STM32MP253FAK3, STM32MP253FAL3, STM32MP255AAI3, STM32MP255AAK3, STM32MP255AAL3, STM32MP255CAI3, STM32MP255CAK3, STM32MP255CAL3, STM32MP255DAI3, STM32MP255DAK3, STM32MP255DAL3, STM32MP255FAI3, STM32MP255FAK3, STM32MP255FAL3, STM32MP257AAI3, STM32MP257AAK3, STM32MP257AAL3, STM32MP257CAI3, STM32MP257CAK3, STM32MP257CAL3, STM32MP257DAI3, STM32MP257DAK3, STM32MP257DAL3, STM32MP257F-DK, STM32MP257F-EV1, STM32MP257FAI3, STM32MP257FAK3, STM32MP257FAL3, STM32N645A0H3Q, STM32N645B0H3Q, STM32N645I0H3Q, STM32N645L0H3Q, STM32N645X0H3Q, STM32N645Z0H3Q, STM32N647A0H3Q, STM32N647B0H3Q, STM32N647I0H3Q, STM32N647L0H3Q, STM32N647X0H3Q, STM32N647Z0H3Q, STM32N655A0H3Q, STM32N655B0H3Q, STM32N655I0H3Q, STM32N655L0H3Q, STM32N655X0H3Q, STM32N655Z0H3Q, STM32N6570-DK, STM32N657A0H3Q, STM32N657B0H3Q, STM32N657I0H3Q, STM32N657L0H3Q, STM32N657X0H3Q, STM32N657Z0H3Q, STM32U031C6T6, STM32U031C6U6, STM32U031C8T6, STM32U031C8U6, STM32U031F4P6, STM32U031F6P6, STM32U031F8P6, STM32U031G6Y6TR, STM32U031G8Y6TR, STM32U031K4U6, STM32U031K6U6, STM32U031K8U6, STM32U031R6I6, STM32U031R6T6, STM32U031R8I6, STM32U031R8T6, STM32U073C8T6, STM32U073C8U6, STM32U073CBT6, STM32U073CBU6, STM32U073CCT6, STM32U073CCU6, STM32U073H8Y6TR, STM32U073HBY6TR, STM32U073HCY6TR, STM32U073K8U6, STM32U073KBU6, STM32U073KCU6, STM32U073M8I6, STM32U073M8T6, STM32U073MBI6, STM32U073MBT6, STM32U073MCI6, STM32U073MCT6, STM32U073R8I6, STM32U073R8T6, STM32U073RBI6, STM32U073RBT6, STM32U073RCI6, STM32U073RCT6, STM32U083C-DK, STM32U083CCT6, STM32U083CCU6, STM32U083HCY6TR, STM32U083KCU6, STM32U083MCI6, STM32U083MCT6, STM32U083RCI6, STM32U083RCT6, STM32U375CET6, STM32U375CET6Q, STM32U375CEU6, STM32U375CEU6Q, STM32U375CEY6QTR, STM32U375CGT6, STM32U375CGT6Q, STM32U375CGU6, STM32U375CGU6Q, STM32U375CGY6QTR, STM32U375KEU6, STM32U375KGU6, STM32U375REI6, STM32U375REI6Q, STM32U375RET6, STM32U375RET6Q, STM32U375REY6GTR, STM32U375REY6QTR, STM32U375RGI6, STM32U375RGI6Q, STM32U375RGT6, STM32U375RGT6Q, STM32U375RGY6GTR, STM32U375RGY6QTR, STM32U375VEI6, STM32U375VEI6Q, STM32U375VET6, STM32U375VET6Q, STM32U375VGI6, STM32U375VGI6Q, STM32U375VGT6, STM32U375VGT6Q, STM32U385CGT6, STM32U385CGT6Q, STM32U385CGU6, STM32U385CGU6Q, STM32U385CGY6QTR, STM32U385KGU6, STM32U385RGI6, STM32U385RGI6Q, STM32U385RGT6, STM32U385RGT6Q, STM32U385RGY6GTR, STM32U385RGY6QTR, STM32U385VGI6, STM32U385VGI6Q, STM32U385VGT6, STM32U385VGT6Q, STM32U535CBT6, STM32U535CBT6Q, STM32U535CBU6, STM32U535CBU6Q, STM32U535CCT6, STM32U535CCT6Q, STM32U535CCU6, STM32U535CCU6Q, STM32U535CET6, STM32U535CET6Q, STM32U535CEU6, STM32U535CEU6Q, STM32U535JEY6QTR, STM32U535NCY6QTR, STM32U535NEY6QTR, STM32U535RBI6, STM32U535RBI6Q, STM32U535RBT6, STM32U535RBT6Q, STM32U535RCI6, STM32U535RCI6Q, STM32U535RCT6, STM32U535RCT6Q, STM32U535REI6, STM32U535REI6Q, STM32U535RET6, STM32U535RET6Q, STM32U535VCI6, STM32U535VCI6Q, STM32U535VCT6, STM32U535VCT6Q, STM32U535VEI6, STM32U535VEI6Q, STM32U535VET6, STM32U535VET6Q, STM32U545CET6, STM32U545CET6Q, STM32U545CEU6, STM32U545CEU6Q, STM32U545JEY6QTR, STM32U545NEY6QTR, STM32U545REI6, STM32U545REI6Q, STM32U545RET6, STM32U545RET6Q, STM32U545VEI6, STM32U545VEI6Q, STM32U545VET6, STM32U545VET6Q, STM32U595AIH6, STM32U595AIH6Q, STM32U595AJH6, STM32U595AJH6Q, STM32U595QII6, STM32U595QII6Q, STM32U595QJI6, STM32U595QJI6Q, STM32U595RIT6, STM32U595RIT6Q, STM32U595RJT6, STM32U595RJT6Q, STM32U595VIT6, STM32U595VIT6Q, STM32U595VJT6, STM32U595VJT6Q, STM32U595ZIT6, STM32U595ZIT6Q, STM32U595ZIY6QTR, STM32U595ZJT6, STM32U595ZJT6Q, STM32U595ZJY6QTR, STM32U599BJY6QTR, STM32U599NIH6Q, STM32U599NJH6Q, STM32U599VIT6Q, STM32U599VJT6, STM32U599VJT6Q, STM32U599ZIT6Q, STM32U599ZIY6QTR, STM32U599ZJT6Q, STM32U599ZJY6QTR, STM32U5A5AJH6, STM32U5A5AJH6Q, STM32U5A5QII3Q , STM32U5A5QJI6, STM32U5A5QJI6Q, STM32U5A5RJT6, STM32U5A5RJT6Q, STM32U5A5VJT6, STM32U5A5VJT6Q, STM32U5A5ZJT6, STM32U5A5ZJT6Q, STM32U5A5ZJY6QTR, STM32U5A9BJY6QTR, STM32U5A9J-DK, STM32U5A9NJH6Q, STM32U5A9VJT6Q, STM32U5A9ZJT6Q, STM32U5A9ZJY6QTR, STM32U5F7VIT6, STM32U5F7VIT6Q, STM32U5F7VJT6, STM32U5F7VJT6Q, STM32U5F9BJY6QTR, STM32U5F9NJH6Q, STM32U5F9VIT6Q, STM32U5F9VJT6Q, STM32U5F9ZIJ6QTR, STM32U5F9ZIT6Q, STM32U5F9ZJJ6QTR, STM32U5F9ZJT6Q, STM32U5G7VJT6, STM32U5G7VJT6Q, STM32U5G9BJY6QTR, STM32U5G9J-DK1, STM32U5G9J-DK2, STM32U5G9NJH6Q, STM32U5G9VJT6Q, STM32U5G9ZJJ6QTR, STM32U5G9ZJT6Q, STM32WB05KZV6TR, STM32WB05KZV7TR, STM32WB05TZF6TR, STM32WB05TZF7TR, STM32WB06CCF6TR, STM32WB06CCF7TR, STM32WB06CCV6TR, STM32WB06CCV7TR, STM32WB06KCV6TR, STM32WB06KCV7TR, STM32WB07CCF6TR, STM32WB07CCF7TR, STM32WB07CCV6TR, STM32WB07CCV7TR, STM32WB07KCV6TR, STM32WB07KCV7TR, STM32WB09KEV6TR, STM32WB09KEV7TR, STM32WB09TEF6TR, STM32WB09TEF7TR, STM32WB1MMCH6, STM32WBA50KGU6, STM32WBA50KGU6TR, STM32WBA52CEU6, STM32WBA52CEU6TR, STM32WBA52CEU7, STM32WBA52CEU7TR, STM32WBA52CGU6, STM32WBA52CGU6TR, STM32WBA52CGU6U, STM32WBA52CGU7, STM32WBA52CGU7TR, STM32WBA52KEU6, STM32WBA52KEU6TR, STM32WBA52KGU6, STM32WBA52KGU6TR, STM32WBA54CEU6, STM32WBA54CEU6TR, STM32WBA54CEU7, STM32WBA54CEU7TR, STM32WBA54CGU6, STM32WBA54CGU6TR, STM32WBA54CGU7, STM32WBA54CGU7TR, STM32WBA54KEU6, STM32WBA54KEU6TR, STM32WBA54KEU7, STM32WBA54KEU7TR, STM32WBA54KGU6, STM32WBA54KGU6TR, STM32WBA54KGU7, STM32WBA54KGU7TR, STM32WBA55CEU6, STM32WBA55CEU6TR, STM32WBA55CEU7, STM32WBA55CEU7TR, STM32WBA55CGU6, STM32WBA55CGU6TR, STM32WBA55CGU6U, STM32WBA55CGU7, STM32WBA55CGU7TR, STM32WBA55G-DK1, STM32WBA55HEF6, STM32WBA55HEF7, STM32WBA55HGF6, STM32WBA55HGF7, STM32WBA55UEI6, STM32WBA55UEI6TR, STM32WBA55UEI7, STM32WBA55UEI7TR, STM32WBA55UGI6, STM32WBA55UGI6TR, STM32WBA55UGI7, STM32WBA55UGI7TR, STM32WBA5MMGH6TR, STM32WBA62MGF6, STM32WBA62MIF6, STM32WBA65MGF7, STM32WBA65MIF6, STM32WBA65MIF7, STM32WL30K8V6, STM32WL30KBV6, STM32WL31C8V6, STM32WL31CBV6, STM32WL31K8V6, STM32WL31KBV6, STM32WL33C8V6, STM32WL33C8V6X, STM32WL33CBV6, STM32WL33CBV6X, STM32WL33CCV6, STM32WL33CCV6A, STM32WL33CCV6X, STM32WL33K8V7, STM32WL33K8V7X, STM32WL33KBV7 , STM32WL33KBV7X, STM32WL33KCV7, STM32WL33KCV7X, STM32WL5MOCH6, STM32WL5MOCH6TR]
2026-06-05 23:09:35,301 [INFO] BoardInfo:889 - No configuration file found for board NUCLEO-H5E5ZJ
2026-06-05 23:09:35,302 [INFO] DbBoards:161 - Board is not supported: NUCLEO-H5E5ZJ
2026-06-05 23:09:35,324 [INFO] BoardInfo:889 - No configuration file found for board NUCLEO-U3C5ZI-Q
2026-06-05 23:09:35,324 [INFO] DbBoards:161 - Board is not supported: NUCLEO-U3C5ZI-Q
2026-06-05 23:09:35,332 [INFO] BoardInfo:889 - No configuration file found for board NUCLEO-WBA25CE1
2026-06-05 23:09:35,332 [INFO] DbBoards:161 - Board is not supported: NUCLEO-WBA25CE1
2026-06-05 23:09:35,346 [INFO] BoardInfo:889 - No configuration file found for board NUCLEO-WL3RKB1
2026-06-05 23:09:35,347 [INFO] DbBoards:161 - Board is not supported: NUCLEO-WL3RKB1
2026-06-05 23:09:35,348 [INFO] BoardInfo:889 - No configuration file found for board NUCLEO-WL3RKB2
2026-06-05 23:09:35,348 [INFO] DbBoards:161 - Board is not supported: NUCLEO-WL3RKB2
2026-06-05 23:09:35,354 [INFO] BoardInfo:889 - No configuration file found for board P-NUCLEO-WB55
2026-06-05 23:09:35,355 [INFO] DbBoards:161 - Kit is not supported: P-NUCLEO-WB55
2026-06-05 23:09:35,359 [INFO] BoardInfo:889 - No configuration file found for board STEVAL-BFA001V1B
2026-06-05 23:09:35,360 [INFO] DbBoards:161 - Kit is not supported: STEVAL-BFA001V1B
2026-06-05 23:09:35,361 [INFO] BoardInfo:889 - No configuration file found for board STEVAL-BFA001V2B
2026-06-05 23:09:35,361 [INFO] DbBoards:161 - Kit is not supported: STEVAL-BFA001V2B
2026-06-05 23:09:35,411 [INFO] BoardInfo:889 - No configuration file found for board STM32H5F5J-DK
2026-06-05 23:09:35,411 [INFO] DbBoards:161 - Board is not supported: STM32H5F5J-DK
2026-06-05 23:09:35,450 [INFO] DbBoards:168 - Found 218 boards, 209 are supported
2026-06-05 23:09:35,450 [INFO] DbBoards:169 - Found 218 boards, 43 of them is supported for  Bsp
2026-06-05 23:09:35,455 [INFO] ApiDb:423 - Load user favorites file C:\Users\Josh/.stm32cubeide/favorites.boards.txt: 0 item(s)
2026-06-05 23:09:35,455 [INFO] ApiDb:427 - User favorites Boards=[]
2026-06-05 23:09:35,455 [INFO] DbBoards:198 - Set 0 / 0 favorites Boards
2026-06-05 23:09:35,471 [ERROR] TargetSelectorAdapter:267 - Unable to refresh data
2026-06-05 23:09:35,530 [INFO] McuFinderGlobals:76 - Set McuFinderConnectedMode to true
2026-06-05 23:09:35,531 [INFO] MultiScanPanel:200 - Auto-refresh data requested => check proxy status ongoing
2026-06-05 23:09:35,531 [INFO] FinderPluginLoader:96 - Searching for filters in installed packs
2026-06-05 23:09:36,624 [INFO] LoadUrlFilesThread:185 - End of LoadServerUrlFiles without Thread
2026-06-05 23:09:36,625 [INFO] DetailPanel:341 - Set advertising image to C:/Users/Josh/STM32Cube/Repository/\en.prom-stm32wl3r-0526.jpg
2026-06-05 23:09:49,445 [INFO] MultiScanPanel:200 - Auto-refresh data requested => check proxy status ongoing
2026-06-05 23:09:49,506 [INFO] LoadUrlFilesThread:185 - End of LoadServerUrlFiles without Thread
2026-06-05 23:09:49,506 [INFO] DetailPanel:341 - Set advertising image to C:/Users/Josh/STM32Cube/Repository/\en.prom-stm32wl3r-0526.jpg
2026-06-05 23:09:49,511 [INFO] DbBoards:642 - Loading board mini-images...
2026-06-05 23:09:51,159 [INFO] DbBoards:665 - Loaded 218 board mini-images
2026-06-05 23:10:02,433 [INFO] MainUpdater:2872 - connection check result : 10
2026-06-05 23:10:02,433 [INFO] MainUpdater:2872 - connection check result : 10
2026-06-05 23:10:02,474 [INFO] MicroXplorer:468 - Change Database Path : 
2026-06-05 23:10:02,474 [INFO] MicroXplorer:498 - Change Database Version : DB.6.0.150
2026-06-05 23:10:02,496 [ERROR] ProjectManagerView:395 - 
java.lang.NullPointerException: Cannot invoke "javax.swing.JTextField.getText()" because the return value of "java.util.List.get(int)" is null
	at com.st.microxplorer.plugins.projectmanager.gui.ProjectChoiceTab$9.caretUpdate(ProjectChoiceTab.java:2706) ~[filemanager.jar:?]
	at javax.swing.text.JTextComponent.fireCaretUpdate(JTextComponent.java:408) ~[?:?]
	at javax.swing.text.JTextComponent$MutableCaretEvent.fire(JTextComponent.java:4484) ~[?:?]
	at javax.swing.text.JTextComponent$MutableCaretEvent.stateChanged(JTextComponent.java:4506) ~[?:?]
	at javax.swing.text.DefaultCaret.fireStateChanged(DefaultCaret.java:857) ~[?:?]
	at javax.swing.text.DefaultCaret.changeCaretPosition(DefaultCaret.java:1343) ~[?:?]
	at javax.swing.text.DefaultCaret.handleSetDot(DefaultCaret.java:1242) ~[?:?]
	at javax.swing.text.DefaultCaret.setDot(DefaultCaret.java:1223) ~[?:?]
	at javax.swing.text.DefaultCaret$Handler.insertUpdate(DefaultCaret.java:1819) ~[?:?]
	at javax.swing.text.AbstractDocument.fireInsertUpdate(AbstractDocument.java:227) ~[?:?]
	at javax.swing.text.AbstractDocument.handleInsertString(AbstractDocument.java:781) ~[?:?]
	at javax.swing.text.AbstractDocument.insertString(AbstractDocument.java:740) ~[?:?]
	at javax.swing.text.PlainDocument.insertString(PlainDocument.java:131) ~[?:?]
	at javax.swing.text.AbstractDocument.replace(AbstractDocument.java:699) ~[?:?]
	at javax.swing.text.JTextComponent.setText(JTextComponent.java:1725) ~[?:?]
	at com.st.microxplorer.plugins.projectmanager.gui.ProjectChoiceTab.createHeapStackFields(ProjectChoiceTab.java:993) ~[filemanager.jar:?]
	at com.st.microxplorer.plugins.projectmanager.gui.ProjectChoiceTab.buildLinkSettingsPanel(ProjectChoiceTab.java:3813) ~[filemanager.jar:?]
	at com.st.microxplorer.plugins.projectmanager.gui.ProjectChoiceTab.defineWindowsFields(ProjectChoiceTab.java:1987) ~[filemanager.jar:?]
	at com.st.microxplorer.plugins.projectmanager.gui.ProjectChoiceTab.updateSettings(ProjectChoiceTab.java:558) ~[filemanager.jar:?]
	at com.st.microxplorer.plugins.projectmanager.gui.ProjectSettingsPanel.UpdateDialog(ProjectSettingsPanel.java:247) ~[filemanager.jar:?]
	at com.st.microxplorer.plugins.projectmanager.ProjectManagerView.propertyChange(ProjectManagerView.java:392) ~[filemanager.jar:?]
	at java.beans.PropertyChangeSupport.fire(PropertyChangeSupport.java:343) ~[?:?]
	at java.beans.PropertyChangeSupport.firePropertyChange(PropertyChangeSupport.java:335) ~[?:?]
	at java.beans.PropertyChangeSupport.firePropertyChange(PropertyChangeSupport.java:268) ~[?:?]
	at com.st.microxplorer.util.MXPropertyChangeSupport.firePropertyChange(MXPropertyChangeSupport.java:54) ~[STM32CubeMX.jar:?]
	at com.st.microxplorer.mxsystem.MxSystem.closeConfig(MxSystem.java:899) ~[STM32CubeMX.jar:?]
	at com.st.microxplorer.maingui.MainPanel.closeConfig(MainPanel.java:792) ~[STM32CubeMX.jar:?]
	at com.st.microxplorer.plugins.filemanager.engine.OpenFileManager.loadConfigurationFile(OpenFileManager.java:288) ~[filemanager.jar:?]
	at com.st.microxplorer.plugins.filemanager.engine.MainFileManager.userLoadConfig(MainFileManager.java:364) ~[filemanager.jar:?]
	at com.st.microxplorer.plugins.filemanager.FileManagerView.getSpecificTask(FileManagerView.java:268) ~[filemanager.jar:?]
	at com.st.stm32cube.common.mx.editor.CubeMxEditor.getMxTabbedPaneInstance(CubeMxEditor.java:1191) ~[com.st.stm32cube.common.mx_6.15.0.202507011659/:?]
	at com.st.stm32cube.common.mx.editor.CubeMxEditor$12$1.createSwingComponent(CubeMxEditor.java:1068) ~[com.st.stm32cube.common.mx_6.15.0.202507011659/:?]
	at com.st.stm32cube.common.mx.oss.core.awtswtbridge.EmbeddedSwingComposite.doComponentCreation(EmbeddedSwingComposite.java:492) ~[com.st.stm32cube.common.mx.oss_6.15.0.202507011659/:?]
	at com.st.stm32cube.common.mx.oss.core.awtswtbridge.EmbeddedSwingComposite$4.run(EmbeddedSwingComposite.java:291) ~[com.st.stm32cube.common.mx.oss_6.15.0.202507011659/:?]
	at com.st.stm32cube.common.mx.oss.core.awtswtbridge.AwtEnvironment$2.run(AwtEnvironment.java:166) ~[com.st.stm32cube.common.mx.oss_6.15.0.202507011659/:?]
	at java.awt.event.InvocationEvent.dispatch(InvocationEvent.java:318) ~[?:?]
	at java.awt.EventQueue.dispatchEventImpl(EventQueue.java:773) ~[?:?]
	at java.awt.EventQueue$4.run(EventQueue.java:720) ~[?:?]
	at java.awt.EventQueue$4.run(EventQueue.java:714) ~[?:?]
	at java.security.AccessController.doPrivileged(AccessController.java:400) ~[?:?]
	at java.security.ProtectionDomain$JavaSecurityAccessImpl.doIntersectionPrivilege(ProtectionDomain.java:87) ~[?:?]
	at java.awt.EventQueue.dispatchEvent(EventQueue.java:742) ~[?:?]
	at java.awt.EventDispatchThread.pumpOneEventForFilters(EventDispatchThread.java:203) ~[?:?]
	at java.awt.EventDispatchThread.pumpEventsForFilter(EventDispatchThread.java:124) ~[?:?]
	at java.awt.EventDispatchThread.pumpEventsForHierarchy(EventDispatchThread.java:113) ~[?:?]
	at java.awt.EventDispatchThread.pumpEvents(EventDispatchThread.java:109) ~[?:?]
	at java.awt.EventDispatchThread.pumpEvents(EventDispatchThread.java:101) ~[?:?]
	at java.awt.EventDispatchThread.run(EventDispatchThread.java:90) ~[?:?]
2026-06-05 23:10:02,498 [WARN] ThirdParty:871 - waiting for thirdparty lock release [close project]
2026-06-05 23:10:02,498 [INFO] ThirdParty:873 - entering critical section [close project]
2026-06-05 23:10:02,498 [INFO] ThirdParty:883 - exiting critical section [close project]
2026-06-05 23:10:02,499 [INFO] PinOutPanel:1589 - setPackage(No Configuration,No Configuration)
2026-06-05 23:10:02,660 [INFO] UtilMem:75 - Begin LoadConfig() Used Memory: 736865224 Bytes (1073741824)
2026-06-05 23:10:02,661 [INFO] OpenFileManager:355 - Change cursor
2026-06-05 23:10:02,683 [INFO] RulesReader:64 - Compatibility file has been processed (317 Rules)
2026-06-05 23:10:02,686 [INFO] ProjectFactory:514 - No CPN specified for board NUCLEO-L432KC => set CPN to STM32L432KCU3
2026-06-05 23:10:02,687 [INFO] Mcu:2029 - Initializing MCU STM32L432K(B-C)Ux STM32L432KCUx STM32L432KCU3
2026-06-05 23:10:03,373 [INFO] Context:786 - Trying to add GPIOservice into a context  which must be forbidden
2026-06-05 23:10:03,675 [INFO] Rule:233 - rule 117617 - U5Cobra4M][GTZC] default value MPCBB3 and MPCBB5 - Not Secured memory - MPCBB1 is applicable
2026-06-05 23:10:03,675 [INFO] Rule:233 - rule 117617 - U5Cobra4M][GTZC] default value MPCBB3 and MPCBB5 - Not Secured memory - MPCBB1 is applicable
2026-06-05 23:10:03,675 [INFO] Rule:233 - rule 117617 - U5Cobra4M][GTZC] default value MPCBB3 and MPCBB5 - Not Secured memory - MPCBB2 is applicable
2026-06-05 23:10:03,675 [INFO] Rule:233 - rule 117617 - U5Cobra4M][GTZC] default value MPCBB3 and MPCBB5 - Not Secured memory - MPCBB2 is applicable
2026-06-05 23:10:03,675 [INFO] Rule:233 - rule 117617 - U5Cobra4M][GTZC] default value MPCBB3 and MPCBB5 - Not Secured memory - MPCBB3 is applicable
2026-06-05 23:10:03,675 [INFO] Rule:233 - rule 117617 - U5Cobra4M][GTZC] default value MPCBB3 and MPCBB5 - Not Secured memory - MPCBB3 is applicable
2026-06-05 23:10:03,675 [INFO] Rule:233 - rule 117617 - U5Cobra4M][GTZC] default value MPCBB3 and MPCBB5 - Not Secured memory - MPCBB4 is applicable
2026-06-05 23:10:03,675 [INFO] Rule:233 - rule 117617 - U5Cobra4M][GTZC] default value MPCBB3 and MPCBB5 - Not Secured memory - MPCBB4 is applicable
2026-06-05 23:10:03,675 [INFO] Rule:233 - rule 117617 - U5Cobra4M][GTZC] default value MPCBB3 and MPCBB5 - Secured memory - MPCBB1 is applicable
2026-06-05 23:10:03,675 [INFO] Rule:233 - rule 117617 - U5Cobra4M][GTZC] default value MPCBB3 and MPCBB5 - Secured memory - MPCBB2 is applicable
2026-06-05 23:10:03,675 [INFO] Rule:233 - rule 117617 - U5Cobra4M][GTZC] default value MPCBB3 and MPCBB5 - Secured memory - MPCBB3 is applicable
2026-06-05 23:10:03,675 [INFO] Rule:233 - rule 117617 - U5Cobra4M][GTZC] default value MPCBB3 and MPCBB5 - Secured memory - MPCBB4 is applicable
2026-06-05 23:10:03,675 [INFO] Rule:233 - rule 117617 - U5Cobra4M][GTZC] default value MPCBB3 and MPCBB5 - Privileged memory - MPCBB1 is applicable
2026-06-05 23:10:03,675 [INFO] Rule:233 - rule 117617 - U5Cobra4M][GTZC] default value MPCBB3 and MPCBB5 - Privileged memory - MPCBB2 is applicable
2026-06-05 23:10:03,675 [INFO] Rule:233 - rule 117617 - U5Cobra4M][GTZC] default value MPCBB3 and MPCBB5 - Privileged memory - MPCBB3 is applicable
2026-06-05 23:10:03,675 [INFO] Rule:233 - rule 117617 - U5Cobra4M][GTZC] default value MPCBB3 and MPCBB5 - Privileged memory - MPCBB4 is applicable
2026-06-05 23:10:03,675 [INFO] Rule:233 - rule 117617 - U5Cobra4M][GTZC] default value MPCBB3 and MPCBB5 - Not Privileged memory - MPCBB1 is applicable
2026-06-05 23:10:03,675 [INFO] Rule:233 - rule 117617 - U5Cobra4M][GTZC] default value MPCBB3 and MPCBB5 - Not Privileged memory - MPCBB2 is applicable
2026-06-05 23:10:03,675 [INFO] Rule:233 - rule 117617 - U5Cobra4M][GTZC] default value MPCBB3 and MPCBB5 - Not Privileged memory - MPCBB3 is applicable
2026-06-05 23:10:03,675 [INFO] Rule:233 - rule 117617 - U5Cobra4M][GTZC] default value MPCBB3 and MPCBB5 - Not Privileged memory - MPCBB4 is applicable
2026-06-05 23:10:03,675 [INFO] Rule:233 - rule 117617 - U5Cobra4M][GTZC] default value MPCBB3 and MPCBB5 - Privileged memory - MPCBB1 is applicable
2026-06-05 23:10:03,675 [INFO] Rule:233 - rule 117617 - U5Cobra4M][GTZC] default value MPCBB3 and MPCBB5 - Privileged memory - MPCBB2 is applicable
2026-06-05 23:10:03,675 [INFO] Rule:233 - rule 117617 - U5Cobra4M][GTZC] default value MPCBB3 and MPCBB5 - Privileged memory - MPCBB3 is applicable
2026-06-05 23:10:03,675 [INFO] Rule:233 - rule 117617 - U5Cobra4M][GTZC] default value MPCBB3 and MPCBB5 - Privileged memory - MPCBB4 is applicable
2026-06-05 23:10:03,675 [INFO] Rule:233 - rule 117617 - U5Cobra4M][GTZC] default value MPCBB3 and MPCBB5 - Privileged memory - MPCBB1 is applicable
2026-06-05 23:10:03,675 [INFO] Rule:233 - rule 117617 - U5Cobra4M][GTZC] default value MPCBB3 and MPCBB5 - Privileged memory - MPCBB2 is applicable
2026-06-05 23:10:03,675 [INFO] Rule:233 - rule 117617 - U5Cobra4M][GTZC] default value MPCBB3 and MPCBB5 - Privileged memory - MPCBB3 is applicable
2026-06-05 23:10:03,675 [INFO] Rule:233 - rule 117617 - U5Cobra4M][GTZC] default value MPCBB3 and MPCBB5 - Privileged memory - MPCBB4 is applicable
2026-06-05 23:10:03,675 [INFO] Rule:233 - rule 117617 - U5Cobra4M][GTZC] default value MPCBB3 and MPCBB5 - Not Privileged memory - MPCBB1 is applicable
2026-06-05 23:10:03,675 [INFO] Rule:233 - rule 117617 - U5Cobra4M][GTZC] default value MPCBB3 and MPCBB5 - Not Privileged memory - MPCBB2 is applicable
2026-06-05 23:10:03,675 [INFO] Rule:233 - rule 117617 - U5Cobra4M][GTZC] default value MPCBB3 and MPCBB5 - Not Privileged memory - MPCBB3 is applicable
2026-06-05 23:10:03,675 [INFO] Rule:233 - rule 117617 - U5Cobra4M][GTZC] default value MPCBB3 and MPCBB5 - Not Privileged memory - MPCBB4 is applicable
2026-06-05 23:10:03,675 [INFO] Rule:233 - rule 117617 - U5Cobra4M][GTZC] default value MPCBB3 and MPCBB5 - Privileged memory - MPCBB1 is applicable
2026-06-05 23:10:03,675 [INFO] Rule:233 - rule 117617 - U5Cobra4M][GTZC] default value MPCBB3 and MPCBB5 - Privileged memory - MPCBB2 is applicable
2026-06-05 23:10:03,675 [INFO] Rule:233 - rule 117617 - U5Cobra4M][GTZC] default value MPCBB3 and MPCBB5 - Privileged memory - MPCBB3 is applicable
2026-06-05 23:10:03,675 [INFO] Rule:233 - rule 117617 - U5Cobra4M][GTZC] default value MPCBB3 and MPCBB5 - Privileged memory - MPCBB4 is applicable
2026-06-05 23:10:03,675 [INFO] Rule:233 - rule Rename SubGHz_Phy SUBGHZ_APPLICATION SUBGHZ_PINGPONG to SUBGHZ_ADV_APPLICATION is applicable
2026-06-05 23:10:03,676 [INFO] Rule:233 - rule Rename Enabled to IBEACON is applicable
2026-06-05 23:10:03,676 [INFO] Rule:233 - rule GTZC_S instance for project manager is applicable
2026-06-05 23:10:03,676 [INFO] Rule:233 - rule GTZC_S instance for context M33S is applicable
2026-06-05 23:10:03,676 [INFO] Rule:233 - rule GTZC_S instance value for IP GTZC is applicable
2026-06-05 23:10:03,676 [INFO] Rule:233 - rule GTZC_S instance for mcu.IP is applicable
2026-06-05 23:10:03,676 [INFO] Rule:233 - rule GTZC_S instance for VP is applicable
2026-06-05 23:10:03,676 [INFO] Rule:233 - rule GTZC_S instance for signal is applicable
2026-06-05 23:10:03,676 [INFO] Rule:233 - rule GTZC_S instance for mcu.Pin is applicable
2026-06-05 23:10:03,676 [INFO] Rule:233 - rule GTZC_S instance for VP is applicable
2026-06-05 23:10:03,676 [INFO] Rule:233 - rule GTZC_S instance for signal is applicable
2026-06-05 23:10:03,676 [INFO] Rule:233 - rule GTZC_S instance for mcu is applicable
2026-06-05 23:10:03,676 [INFO] Rule:233 - rule GTZC_S instance for mcu.Pin is applicable
2026-06-05 23:10:03,676 [INFO] Rule:233 - rule GTZC_S instance value for IP GTZC is applicable
2026-06-05 23:10:03,676 [INFO] Rule:233 - rule GTZC_S instance for project manager is applicable
2026-06-05 23:10:03,676 [INFO] Rule:233 - rule GTZC_S instance for context M33S is applicable
2026-06-05 23:10:03,676 [INFO] Rule:233 - rule GTZC_S instance for VP is applicable
2026-06-05 23:10:03,676 [INFO] Rule:233 - rule GTZC_S instance for signal is applicable
2026-06-05 23:10:03,676 [INFO] Rule:233 - rule SPDIFRX instance for mcu is applicable
2026-06-05 23:10:03,676 [INFO] Rule:233 - rule Rename Tracer Mode is applicable
2026-06-05 23:10:03,676 [INFO] Rule:233 - rule SPDIFRX instance value for IP SPDIFRX is applicable
2026-06-05 23:10:03,676 [INFO] Rule:233 - rule SPDIFRX instance for signal is applicable
2026-06-05 23:10:03,676 [INFO] Rule:233 - rule SPDIFRX instance for project manager is applicable
2026-06-05 23:10:03,676 [INFO] Rule:233 - rule SPDIFRX instance for project manager is applicable
2026-06-05 23:10:03,676 [INFO] Rule:233 - rule ADC Scan  fix with FW F7 is applicable
2026-06-05 23:10:03,676 [INFO] Rule:233 - rule ADC Scan  fix with FW F7 is applicable
2026-06-05 23:10:03,676 [INFO] Rule:233 - rule DFSDM instance value for IP DFSDM is applicable
2026-06-05 23:10:03,676 [INFO] Rule:233 - rule DFSDM instance for mcu is applicable
2026-06-05 23:10:03,676 [INFO] Rule:233 - rule DFSDM instance for VP is applicable
2026-06-05 23:10:03,676 [INFO] Rule:233 - rule DFSDM instance for signal is applicable
2026-06-05 23:10:03,676 [INFO] Rule:233 - rule DFSDM instance for shared is applicable
2026-06-05 23:10:03,676 [INFO] Rule:233 - rule BreakInputSource parameter for IP Timer is applicable
2026-06-05 23:10:03,676 [INFO] Rule:233 - rule Sourcebreak parameter for IP Timer is applicable
2026-06-05 23:10:03,676 [INFO] Rule:233 - rule Sourcebreak parameter for IP Timer is applicable
2026-06-05 23:10:03,676 [INFO] Rule:233 - rule DFSDM for PCC is applicable
2026-06-05 23:10:03,676 [INFO] Rule:233 - rule Serial_Wire Mode is applicable
2026-06-05 23:10:03,676 [INFO] Rule:233 - rule JTAG_4_pins Mode is applicable
2026-06-05 23:10:03,676 [INFO] Rule:233 - rule JTAG_5_pins Mode is applicable
2026-06-05 23:10:03,676 [INFO] Rule:233 - rule Trace_Asynchronous_SW Mode is applicable
2026-06-05 23:10:03,676 [INFO] Rule:233 - rule Trace_Synchro_1bit_JTAG Mode is applicable
2026-06-05 23:10:03,676 [INFO] Rule:233 - rule Trace_Synchro_2bits_JTAG Mode is applicable
2026-06-05 23:10:03,676 [INFO] Rule:233 - rule Trace_Synchro_4bits_JTAG Mode is applicable
2026-06-05 23:10:03,676 [INFO] Rule:233 - rule Trace_Synchro_1bit_SW Mode is applicable
2026-06-05 23:10:03,676 [INFO] Rule:233 - rule Trace_Synchro_2bits_SW Mode is applicable
2026-06-05 23:10:03,676 [INFO] Rule:233 - rule Trace_Synchro_4bits_SW Mode is applicable
2026-06-05 23:10:03,676 [INFO] Rule:233 - rule SYS_WakeUp0 Mode is applicable
2026-06-05 23:10:03,676 [INFO] Rule:233 - rule SYS_WakeUp0 Mode for STM32F446 is applicable
2026-06-05 23:10:03,676 [INFO] Rule:233 - rule SYS_WakeUp1 Mode is applicable
2026-06-05 23:10:03,676 [INFO] Rule:233 - rule SYS_WakeUp1 Mode for STM32F446 is applicable
2026-06-05 23:10:03,676 [INFO] Rule:233 - rule SYS_WakeUp2 Mode is applicable
2026-06-05 23:10:03,676 [INFO] Rule:233 - rule SYS_WakeUp3 Mode is applicable
2026-06-05 23:10:03,676 [INFO] Rule:233 - rule SYS_WakeUp4 Mode is applicable
2026-06-05 23:10:03,676 [INFO] Rule:233 - rule SYS_WakeUp5 Mode is applicable
2026-06-05 23:10:03,676 [INFO] Rule:233 - rule SYS_WakeUp6 Mode is applicable
2026-06-05 23:10:03,676 [INFO] Rule:233 - rule SYS_WakeUp7 Mode is applicable
2026-06-05 23:10:03,676 [INFO] Rule:233 - rule WakeUp0 Mode is applicable
2026-06-05 23:10:03,676 [INFO] Rule:233 - rule WakeUp0 SIGNAL is applicable
2026-06-05 23:10:03,676 [INFO] Rule:233 - rule WakeUp1 Mode is applicable
2026-06-05 23:10:03,676 [INFO] Rule:233 - rule WakeUp1 SIGNAL is applicable
2026-06-05 23:10:03,676 [INFO] Rule:233 - rule WakeUp2 Mode is applicable
2026-06-05 23:10:03,676 [INFO] Rule:233 - rule WakeUp2 SIGNAL is applicable
2026-06-05 23:10:03,676 [INFO] Rule:233 - rule WakeUp4 Mode is applicable
2026-06-05 23:10:03,676 [INFO] Rule:233 - rule WakeUp4 SIGNAL is applicable
2026-06-05 23:10:03,676 [INFO] Rule:233 - rule WakeUp5 Mode is applicable
2026-06-05 23:10:03,676 [INFO] Rule:233 - rule WakeUp5 SIGNAL is applicable
2026-06-05 23:10:03,676 [INFO] Rule:233 - rule Mode_PVD_Ext is applicable
2026-06-05 23:10:03,676 [INFO] Rule:233 - rule Mode_PVD_Int is applicable
2026-06-05 23:10:03,676 [INFO] Rule:233 - rule Add RTC Activate Clock Source is applicable
2026-06-05 23:10:03,676 [INFO] Rule:233 - rule Add RTC Activate Calendar 1 is applicable
2026-06-05 23:10:03,676 [INFO] Rule:233 - rule Add RTC Activate Calendar 2 is applicable
2026-06-05 23:10:03,676 [INFO] Rule:233 - rule Add RTC Activate Calendar 3 is applicable
2026-06-05 23:10:03,676 [INFO] Rule:233 - rule UART/USART TX Mode is applicable
2026-06-05 23:10:03,676 [INFO] Rule:233 - rule UART/USART RX Mode is applicable
2026-06-05 23:10:03,676 [INFO] Rule:233 - rule UART/USART RX TX Mode is applicable
2026-06-05 23:10:03,676 [INFO] Rule:233 - rule UART/USART PARITY NONE is applicable
2026-06-05 23:10:03,677 [INFO] Rule:233 - rule UART/USART PARITY EVEN is applicable
2026-06-05 23:10:03,677 [INFO] Rule:233 - rule UART/USART PARITY ODD is applicable
2026-06-05 23:10:03,677 [INFO] Rule:233 - rule USART StopBits 1 is applicable
2026-06-05 23:10:03,677 [INFO] Rule:233 - rule USART StopBits 2 is applicable
2026-06-05 23:10:03,677 [INFO] Rule:233 - rule USART StopBits 1.5 is applicable
2026-06-05 23:10:03,677 [INFO] Rule:233 - rule USART StopBits 0.5 is applicable
2026-06-05 23:10:03,677 [INFO] Rule:233 - rule UART/USART WORD LENGTH 7 is applicable
2026-06-05 23:10:03,677 [INFO] Rule:233 - rule UART/USART WORD LENGTH 8 is applicable
2026-06-05 23:10:03,677 [INFO] Rule:233 - rule UART/USART WORD LENGTH 9 is applicable
2026-06-05 23:10:03,677 [INFO] Rule:233 - rule Rename FMC NAND NCE signal is applicable
2026-06-05 23:10:03,677 [INFO] Rule:233 - rule Rename FMC NAND INT signal is applicable
2026-06-05 23:10:03,677 [INFO] Rule:233 - rule Change Default Value for LSE Drive Capability for WB family is applicable
2026-06-05 23:10:03,677 [INFO] Rule:233 - rule Change Default Value for ADC Clock Prescaler G0 family is applicable
2026-06-05 23:10:03,677 [INFO] Rule:233 - rule Change Default Value for ADC ExternalTrigConv L4 family is applicable
2026-06-05 23:10:03,677 [INFO] Rule:233 - rule Change Default Value for ADC ExternalTrigInjecConv L4 family is applicable
2026-06-05 23:10:03,677 [INFO] Rule:233 - rule Change Default Value for ADC ExternalTrigConv F3 family is applicable
2026-06-05 23:10:03,677 [INFO] Rule:233 - rule Change Default Value for ADC ExternalTrigInjecConv F3 family is applicable
2026-06-05 23:10:03,677 [INFO] Rule:233 - rule Change Default Value for ADC ExternalTrigConv Goldfish serie is applicable
2026-06-05 23:10:03,677 [INFO] Rule:233 - rule Change Default Value for ADC ExternalTrigInjecConv Goldfish serie is applicable
2026-06-05 23:10:03,677 [INFO] Rule:233 - rule Change Default Value for ADC ExternalTrigConv L0 family is applicable
2026-06-05 23:10:03,677 [INFO] Rule:233 - rule Change Default Value for ADC ExternalTrigConv F0 family is applicable
2026-06-05 23:10:03,677 [INFO] Rule:233 - rule Change Default Value for ADC ExternalTrigConvn L1 family is applicable
2026-06-05 23:10:03,677 [INFO] Rule:233 - rule Change Default Value for ADC ExternalTrigInjecConv L1 family is applicable
2026-06-05 23:10:03,677 [INFO] Rule:233 - rule Change Default Value for ADC ExternalTrigConv F1 family is applicable
2026-06-05 23:10:03,677 [INFO] Rule:233 - rule Change Default Value for ADC ExternalTrigInjecConv F1 family is applicable
2026-06-05 23:10:03,677 [INFO] Rule:233 - rule Change Default Value for ADC ExternalTrigConv F7 family is applicable
2026-06-05 23:10:03,677 [INFO] Rule:233 - rule Change Default Value for ADC ExternalTrigInjecConv F7 family is applicable
2026-06-05 23:10:03,677 [INFO] Rule:233 - rule Change Default Value for ADC ExternalTrigConv F4 and F2 family is applicable
2026-06-05 23:10:03,677 [INFO] Rule:233 - rule Change Default Value for ADC ExternalTrigInjecConv F4 and F2 family is applicable
2026-06-05 23:10:03,677 [INFO] Rule:233 - rule ADC SamplingTime fix with FW L0  is applicable
2026-06-05 23:10:03,677 [INFO] Rule:233 - rule ADC SamplingTime fix with FW L0  is applicable
2026-06-05 23:10:03,677 [INFO] Rule:233 - rule ADC SamplingTime fix with FW L0 is applicable
2026-06-05 23:10:03,677 [INFO] Rule:233 - rule ADC SamplingTime fix with FW L0 is applicable
2026-06-05 23:10:03,677 [INFO] Rule:233 - rule ADC SamplingTime fix with FW L0  is applicable
2026-06-05 23:10:03,677 [INFO] Rule:233 - rule ADC SamplingTime fix with FW L0 is applicable
2026-06-05 23:10:03,677 [INFO] Rule:233 - rule Rename USB_OE Signal is applicable
2026-06-05 23:10:03,677 [INFO] Rule:233 - rule Rename Activate_OE Mode is applicable
2026-06-05 23:10:03,677 [INFO] Rule:233 - rule Rename DIE462/DIE415 pin PC14/OSC32_IN -> PC14-OSC32_IN (PC14) is applicable
2026-06-05 23:10:03,677 [INFO] Rule:233 - rule Rename DIE462/DIE415 pin PC15/OSC32_OUT -> PC15-OSC32_OUT (PC15) is applicable
2026-06-05 23:10:03,677 [INFO] Rule:233 - rule Rename DIE462/DIE415 pin PH0/OSC_IN -> PH0-OSC_IN (PH0) is applicable
2026-06-05 23:10:03,677 [INFO] Rule:233 - rule Rename DIE462/DIE415 pin PH1/OSC_OUT -> PH1-OSC_OUT (PH1) is applicable
2026-06-05 23:10:03,677 [INFO] Rule:233 - rule Rename DIE462 pin PA13 -> PA13 (JTMS/SWDIO) is applicable
2026-06-05 23:10:03,677 [INFO] Rule:233 - rule Rename DIE415 pin PA13 -> PA13 (JTMS/SWDIO) is applicable
2026-06-05 23:10:03,677 [INFO] Rule:233 - rule Rename DIE462 pin PA14 -> PA14 (JTCK/SWCLK) is applicable
2026-06-05 23:10:03,677 [INFO] Rule:233 - rule Rename DIE415 pin PA14 -> PA14 (JTCK/SWCLK) is applicable
2026-06-05 23:10:03,677 [INFO] Rule:233 - rule Rename DIE462/DIE415 pin PA15 -> PA15 (JTDI) is applicable
2026-06-05 23:10:03,677 [INFO] Rule:233 - rule Rename DIE462 pin PB3 -> PB3 (JTD0/TRACESWO) is applicable
2026-06-05 23:10:03,677 [INFO] Rule:233 - rule Rename DIE415 pin PB3 -> PB3 (JTD0-TRACESWO) is applicable
2026-06-05 23:10:03,677 [INFO] Rule:233 - rule Rename DIE462/DIE415 pin PB4 -> PB4 (NJTRST) is applicable
2026-06-05 23:10:03,677 [INFO] Rule:233 - rule Rename DIE462 pin PH3/BOOT0 -> PH3-BOOT0 (BOOT0) is applicable
2026-06-05 23:10:03,677 [INFO] Rule:233 - rule Rename CRYP DataEncryptionTypesList to Algorithm is applicable
2026-06-05 23:10:03,677 [INFO] Rule:233 - rule Rename AES DataEncryptionTypesList to Algorithm is applicable
2026-06-05 23:10:03,677 [INFO] Rule:233 - rule Rename TDESECB to CRYP_TDES_ECB is applicable
2026-06-05 23:10:03,677 [INFO] Rule:233 - rule Rename TDESCBC to CRYP_TDES_CBC is applicable
2026-06-05 23:10:03,677 [INFO] Rule:233 - rule Rename DESECB to CRYP_DES_ECB is applicable
2026-06-05 23:10:03,677 [INFO] Rule:233 - rule Rename DESCBC to CRYP_DES_CBC is applicable
2026-06-05 23:10:03,677 [INFO] Rule:233 - rule Rename AESECB to CRYP_AES_ECB is applicable
2026-06-05 23:10:03,677 [INFO] Rule:233 - rule Rename AESCBC to CRYP_AES_CBC is applicable
2026-06-05 23:10:03,677 [INFO] Rule:233 - rule Rename AESCTR to CRYP_AES_CTR is applicable
2026-06-05 23:10:03,677 [INFO] Rule:233 - rule Rename AESGCM to CRYP_AES_GCM is applicable
2026-06-05 23:10:03,677 [INFO] Rule:233 - rule Rename AESCCM to CRYP_AES_CCM is applicable
2026-06-05 23:10:03,677 [INFO] Rule:233 - rule Rename CAN TimeSeg1 to BS1 is applicable
2026-06-05 23:10:03,677 [INFO] Rule:233 - rule Rename CAN TimeSeg2 to BS2 is applicable
2026-06-05 23:10:03,677 [INFO] Rule:233 - rule Rename CAN SyncJumpWidth to SJW is applicable
2026-06-05 23:10:03,677 [INFO] Rule:233 - rule TimeTriggeredMode to TTCM is applicable
2026-06-05 23:10:03,677 [INFO] Rule:233 - rule Rename CAN AutoBusOff to ABOM is applicable
2026-06-05 23:10:03,677 [INFO] Rule:233 - rule Rename CAN AutoWakeUp to AWUM is applicable
2026-06-05 23:10:03,677 [INFO] Rule:233 - rule Rename CAN AutoRetransmission to NART is applicable
2026-06-05 23:10:03,677 [INFO] Rule:233 - rule Rename CAN ReceiveFifoLocked to RFLM is applicable
2026-06-05 23:10:03,677 [INFO] Rule:233 - rule Rename CAN TransmitFifoPriority to TXFP is applicable
2026-06-05 23:10:03,677 [INFO] Rule:233 - rule Rename HRTIMER HRTIM_OUTPUTFAULTLEVEL_HIGH in HRTIMER HRTIM_OUTPUTFAULTLEVEL_HIGHZ is applicable
2026-06-05 23:10:03,677 [INFO] Rule:233 - rule Rename TIMER TIM_CLEARINPUTSOURCE_OCREFCLR in  TIMER TIM_CLEARINPUTSOURCE_NONE for F7 family is applicable
2026-06-05 23:10:03,677 [INFO] Rule:233 - rule FDCAN_R1 - Rename FDCAN mode Master into Classic is applicable
2026-06-05 23:10:03,677 [INFO] Rule:233 - rule FDCAN_R2 - Rename FDCAN mode Slave into Classic is applicable
2026-06-05 23:10:03,678 [INFO] Rule:233 - rule FDCAN1_R3 - if PA10.Mode=FullDuplex, add Pin PA12 is applicable
2026-06-05 23:10:03,678 [INFO] Rule:233 - rule FDCAN1_R3 - if PA9.Mode=FullDuplex, add Pin PA11 is applicable
2026-06-05 23:10:03,678 [INFO] Rule:233 - rule FDCAN1_R3 - Alternatepin_1 - if PE1.Mode=FullDuplex, add Pin PB9 is applicable
2026-06-05 23:10:03,678 [INFO] Rule:233 - rule FDCAN1_R3 - Alternatepin_1 - if PE0.Mode=FullDuplex, add Pin PB8 is applicable
2026-06-05 23:10:03,678 [INFO] Rule:233 - rule FDCAN1_R3 - Alternatepin_2 - if PD5.Mode=FullDuplex, add Pin PD1 is applicable
2026-06-05 23:10:03,678 [INFO] Rule:233 - rule FDCAN1_R3 - Alternatepin_2 - if PD4.Mode=FullDuplex, add Pin PD0 is applicable
2026-06-05 23:10:03,678 [INFO] Rule:233 - rule FDCAN1_R4 - Rename Mode FullDuplex into Enable FDCAN_TXFD for pin PA10 is applicable
2026-06-05 23:10:03,678 [INFO] Rule:233 - rule FDCAN1_R4 - Rename Mode FullDuplex into Enable FDCAN_TXFD for pin PA9 is applicable
2026-06-05 23:10:03,678 [INFO] Rule:233 - rule FDCAN1_R4 - Alternatepin_1 - Rename Mode FullDuplex into Enable FDCAN_TXFD for pin PE1 is applicable
2026-06-05 23:10:03,678 [INFO] Rule:233 - rule FDCAN1_R4 - Alternatepin_1 - Rename Mode FullDuplex into Enable FDCAN_TXFD for pin PE0 is applicable
2026-06-05 23:10:03,678 [INFO] Rule:233 - rule FDCAN1_R4 - Alternatepin_2 - Rename Mode FullDuplex into Enable FDCAN_TXFD for pin PD5 is applicable
2026-06-05 23:10:03,678 [INFO] Rule:233 - rule FDCAN1_R4 - Alternatepin_2 - Rename Mode FullDuplex into Enable FDCAN_TXFD for pin PD4 is applicable
2026-06-05 23:10:03,678 [INFO] Rule:233 - rule FDCAN2_R3 - if PD10.Mode=FullDuplex, add Pin PB13 is applicable
2026-06-05 23:10:03,678 [INFO] Rule:233 - rule FDCAN2_R3 - if PD9.Mode=FullDuplex, add Pin PB12 is applicable
2026-06-05 23:10:03,678 [INFO] Rule:233 - rule FDCAN2_R3 - Alternatepin_1 - if PB7.Mode=FullDuplex, add Pin PB6 is applicable
2026-06-05 23:10:03,678 [INFO] Rule:233 - rule FDCAN2_R3 - Alternatepin_1 - if PD9.Mode=FullDuplex, add Pin PB12 is applicable
2026-06-05 23:10:03,678 [INFO] Rule:233 - rule FDCAN2_R4 - Rename Mode FullDuplex into Enable FDCAN_TXFD for pin PD10 is applicable
2026-06-05 23:10:03,678 [INFO] Rule:233 - rule FDCAN2_R4 - Rename Mode FullDuplex into Enable FDCAN_TXFD for pin PD9 is applicable
2026-06-05 23:10:03,678 [INFO] Rule:233 - rule FDCAN2_R4 - Alternatepin_1 - Rename Mode FullDuplex into Enable FDCAN_TXFD for pin PB7 is applicable
2026-06-05 23:10:03,678 [INFO] Rule:233 - rule FDCAN2_R4 - Alternatepin_1 - Rename Mode FullDuplex into Enable FDCAN_TXFD for pin PD6 is applicable
2026-06-05 23:10:03,678 [INFO] Rule:233 - rule USART TxPinLevelInvertParam Mode is applicable
2026-06-05 23:10:03,678 [INFO] Rule:233 - rule USART RxPinLevelInvertParam Mode is applicable
2026-06-05 23:10:03,678 [INFO] Rule:233 - rule USART DataInvertParam Mode is applicable
2026-06-05 23:10:03,678 [INFO] Rule:233 - rule USART SwapParam Mode is applicable
2026-06-05 23:10:03,678 [INFO] Rule:233 - rule USART OverrunDisableParam Mode is applicable
2026-06-05 23:10:03,678 [INFO] Rule:233 - rule USART DMADisableonRxErrorParam Mode is applicable
2026-06-05 23:10:03,678 [INFO] Rule:233 - rule USART MSBFirstParam Mode is applicable
2026-06-05 23:10:03,678 [INFO] Rule:233 - rule Update MwName for USB_DEVICE is applicable
2026-06-05 23:10:03,678 [INFO] Rule:233 - rule Change PWR_Regulator_Voltage_Scale Default Value for RCC  H7 family is applicable
2026-06-05 23:10:03,678 [INFO] Rule:233 - rule UART/USART IPParameter rename Prescaler parameter to ClockPrescaler is applicable
2026-06-05 23:10:03,678 [INFO] Rule:233 - rule UART/USART Prescaler rename Prescaler parameter to ClockPrescaler is applicable
2026-06-05 23:10:03,678 [INFO] Rule:233 - rule TIM1CLockSelection is applicable
2026-06-05 23:10:03,678 [INFO] Rule:233 - rule TIM15CLockSelection is applicable
2026-06-05 23:10:03,678 [INFO] Rule:233 - rule align RCC SDMMC3CLockSelection default value on MP1 is applicable
2026-06-05 23:10:03,678 [INFO] Rule:233 - rule align RCC SDMMC12CLockSelection default value on MP1 is applicable
2026-06-05 23:10:03,678 [INFO] Rule:233 - rule align RCC QSPICLockSelection default value on MP1 is applicable
2026-06-05 23:10:03,678 [INFO] Rule:233 - rule align RCC QSPICLockSelection default value on MP1 is applicable
2026-06-05 23:10:03,678 [INFO] Rule:233 - rule align RCC SPI6CLockSelection default value on MP1 is applicable
2026-06-05 23:10:03,678 [INFO] Rule:233 - rule align RCC LPTIM23CLockSelection default value on MP1 is applicable
2026-06-05 23:10:03,678 [INFO] Rule:233 - rule align RCC LPTIM1CLockSelection default value on MP1 is applicable
2026-06-05 23:10:03,678 [INFO] Rule:233 - rule align RCC USART1CLockSelection default value on MP1 is applicable
2026-06-05 23:10:03,678 [INFO] Rule:233 - rule align RCC USART24CLockSelection default value on MP1 is applicable
2026-06-05 23:10:03,678 [INFO] Rule:233 - rule align RCC USART6CLockSelection default value on MP1 is applicable
2026-06-05 23:10:03,678 [INFO] Rule:233 - rule align RCC UART78CLockSelection default value on MP1 is applicable
2026-06-05 23:10:03,678 [INFO] Rule:233 - rule align RCC USART35CLockSelection default value on MP1 is applicable
2026-06-05 23:10:03,678 [INFO] Rule:233 - rule align RCC SPI45CLockSelection default value on MP1 is applicable
2026-06-05 23:10:03,678 [INFO] Rule:233 - rule align RCC I2C46CLockSelection BCLK value on MP1 is applicable
2026-06-05 23:10:03,678 [INFO] Rule:233 - rule align RCC SPI45CLockSelection default value on MP1 is applicable
2026-06-05 23:10:03,678 [INFO] Rule:233 - rule align RCC I2C12CLockSelection default value on MP1 is applicable
2026-06-05 23:10:03,678 [INFO] Rule:233 - rule align RCC I2C35CLockSelection default value on MP1 is applicable
2026-06-05 23:10:03,678 [INFO] Rule:233 - rule align RCC LPTIM45CLockSelection default value on MP1 is applicable
2026-06-05 23:10:03,678 [INFO] Rule:233 - rule Rename DCMI PIXCK signal is applicable
2026-06-05 23:10:03,678 [INFO] Rule:233 - rule Change Default Value for I2C46CLockSelection MP1 family is applicable
2026-06-05 23:10:03,678 [INFO] Rule:233 - rule Change Default Value for UART for G4, G0 and WB families is applicable
2026-06-05 23:10:03,678 [INFO] Rule:233 - rule Change Default Value for USART for G4, G0 and WB families is applicable
2026-06-05 23:10:03,678 [INFO] Rule:233 - rule Change Default Value for USART for G4 family is applicable
2026-06-05 23:10:03,678 [INFO] Rule:233 - rule Change USART1CLockSelection refparam name for MP1 is applicable
2026-06-05 23:10:03,678 [INFO] Rule:233 - rule Change USART2CLockSelection refparam name for MP1 is applicable
2026-06-05 23:10:03,678 [INFO] Rule:233 - rule Change USART3CLockSelection refparam name for MP1 is applicable
2026-06-05 23:10:03,678 [INFO] Rule:233 - rule Change UART4CLockSelection refparam name for MP1 is applicable
2026-06-05 23:10:03,678 [INFO] Rule:233 - rule Change UART5CLockSelection refparam name for MP1 is applicable
2026-06-05 23:10:03,678 [INFO] Rule:233 - rule Change LPUART1CLockSelection refparam name for MP1 is applicable
2026-06-05 23:10:03,678 [INFO] Rule:233 - rule Change LPTIM1CLockSelection refparam name for MP1 is applicable
2026-06-05 23:10:03,678 [INFO] Rule:233 - rule Change LPTIM2CLockSelection refparam name for MP1 is applicable
2026-06-05 23:10:03,678 [INFO] Rule:233 - rule Change RCC_MCO1Source refparam name for MP1 is applicable
2026-06-05 23:10:03,678 [INFO] Rule:233 - rule Change LSCOSource1 refparam name for MP1 is applicable
2026-06-05 23:10:03,678 [INFO] Rule:233 - rule Change SMPSCLockSelection refparam name for MP1 is applicable
2026-06-05 23:10:03,679 [INFO] Rule:233 - rule Change LPTIM3CLockSelection refparam name for MP1 is applicable
2026-06-05 23:10:03,679 [INFO] Rule:233 - rule Change MPCBB* Default Template Mode to Parameters is applicable
2026-06-05 23:10:03,679 [INFO] Rule:233 - rule Change MPCWM* or MPCBB* Secure Mode to Parameters is applicable
2026-06-05 23:10:03,679 [INFO] Rule:233 - rule Change MPCWM* or MPCBB* No Secure Mode to Parameters is applicable
2026-06-05 23:10:03,679 [INFO] Rule:233 - rule Change TZSC IP Secure Mode to Parameters is applicable
2026-06-05 23:10:03,679 [INFO] Rule:233 - rule Change TZSC IP No Secure Mode to Parameters is applicable
2026-06-05 23:10:03,679 [INFO] Rule:233 - rule Change TZSC IP Privilege Mode to Parameters is applicable
2026-06-05 23:10:03,679 [INFO] Rule:233 - rule Change TZSC IP No Privilege Mode to Parameters is applicable
2026-06-05 23:10:03,679 [INFO] Rule:233 - rule Change TZIC IT Secure Mode to Parameters is applicable
2026-06-05 23:10:03,679 [INFO] Rule:233 - rule Change TZIC IT No Secure Mode to Parameters is applicable
2026-06-05 23:10:03,679 [INFO] Rule:233 - rule Add MPCBB1_NonSecureArea_Start_Address value with referenced to MPCBB1_NonSecureArea_Start value is applicable
2026-06-05 23:10:03,679 [INFO] Rule:233 - rule Add MPCBB2_NonSecureArea_Start_Address value with referenced to MPCBB2_NonSecureArea_Start value is applicable
2026-06-05 23:10:03,679 [INFO] Rule:233 - rule Add MPCWM1_NonSecureArea*_Start_Address value with referenced to MPCWM1_NonSecureArea*_Start value is applicable
2026-06-05 23:10:03,679 [INFO] Rule:233 - rule Add MPCWM2_NonSecureArea*_Start_Address value with referenced to MPCWM2_NonSecureArea*_Start value is applicable
2026-06-05 23:10:03,679 [INFO] Rule:233 - rule Add MPCWM3_NonSecureArea_Start_Address value with referenced to MPCWM3_NonSecureArea_Start value is applicable
2026-06-05 23:10:03,679 [INFO] Rule:233 - rule Change Default Value for PLL1UserDefinedConfig is applicable
2026-06-05 23:10:03,679 [INFO] Rule:233 - rule Change GPIO_PuPd Default Value for USART in async mode is applicable
2026-06-05 23:10:03,679 [INFO] Rule:233 - rule Change SMPSDivider Default Value is applicable
2026-06-05 23:10:03,679 [INFO] Rule:233 - rule OPAMP is applicable
2026-06-05 23:10:03,679 [INFO] Rule:233 - rule LPUART IPParameter rename Prescaler parameter to ClockPrescaler for STM32H7 is applicable
2026-06-05 23:10:03,679 [INFO] Rule:233 - rule LPUART IPParameter rename Prescaler parameter to ClockPrescaler for STM32H7 is applicable
2026-06-05 23:10:03,679 [INFO] Rule:233 - rule LPUART IPParameter rename Prescaler parameter to ClockPrescaler for STM32WB is applicable
2026-06-05 23:10:03,679 [INFO] Rule:233 - rule LPUART IPParameter rename Prescaler parameter to ClockPrescaler for STM32WB is applicable
2026-06-05 23:10:03,679 [INFO] Rule:233 - rule LPUART IPParameter rename Prescaler parameter to ClockPrescaler for STM32G4 is applicable
2026-06-05 23:10:03,679 [INFO] Rule:233 - rule LPUART IPParameter rename Prescaler parameter to ClockPrescaler for STM32G4 is applicable
2026-06-05 23:10:03,679 [INFO] Rule:233 - rule LPUART IPParameter rename Prescaler parameter to ClockPrescaler for STM32L5 is applicable
2026-06-05 23:10:03,679 [INFO] Rule:233 - rule LPUART IPParameter rename Prescaler parameter to ClockPrescaler for STM32L5 is applicable
2026-06-05 23:10:03,679 [INFO] Rule:233 - rule LPUART IPParameter rename Prescaler parameter to ClockPrescaler for STM32G4 is applicable
2026-06-05 23:10:03,679 [INFO] Rule:233 - rule LPUART IPParameter rename Prescaler parameter to ClockPrescaler for STM32G4 is applicable
2026-06-05 23:10:03,679 [INFO] Rule:233 - rule USB device lib V2.5.3 for L0 rename USBD_SUPPORT_USER_STRING parameter to USBD_SUPPORT_USER_STRING_DESC4 is applicable
2026-06-05 23:10:03,679 [INFO] Rule:233 - rule I2SCLockSelection clock entry align is applicable
2026-06-05 23:10:03,679 [INFO] Rule:233 - rule Assign TIMx context if used as SYS timebase is applicable
2026-06-05 23:10:03,679 [INFO] Rule:233 - rule Change GPIO_Pu Default Value for I2C is applicable
2026-06-05 23:10:03,679 [INFO] Rule:233 - rule Change GPIO_Pu Default Value for SMBus is applicable
2026-06-05 23:10:03,679 [INFO] Rule:233 - rule change FDCAN default value is applicable
2026-06-05 23:10:03,679 [INFO] Rule:233 - rule Change mode sai is applicable
2026-06-05 23:10:03,679 [INFO] Rule:233 - rule **Change sai mode is applicable
2026-06-05 23:10:03,679 [INFO] Rule:233 - rule Rename STM32WPAN CFG_BLE_IRK to CFG_BLE_IR is applicable
2026-06-05 23:10:03,679 [INFO] Rule:233 - rule Rename STM32WPAN CFG_BLE_ERK to CFG_BLE_ER is applicable
2026-06-05 23:10:03,679 [INFO] Rule:233 - rule Rename STM32WPAN CFG_BLE_IRK_HEX to CFG_BLE_IR_HEX is applicable
2026-06-05 23:10:03,679 [INFO] Rule:233 - rule Rename STM32WPAN CFG_BLE_ERK_HEX to CFG_BLE_ER_HEX is applicable
2026-06-05 23:10:03,679 [INFO] Rule:233 - rule Adapt Old IOC before rework replace old CORTEX_M33/CORTEX_M55 attributes by the new one. is applicable
2026-06-05 23:10:03,679 [INFO] Rule:233 - rule Rename parametre of RCC RCC_APBDBG_DIV2 to RCC_TIMPRES_DIV2 is applicable
2026-06-05 23:10:03,679 [INFO] Rule:233 - rule Rename DIE493 pin PA10 [PA12] -> PA10 is applicable
2026-06-05 23:10:03,679 [INFO] Rule:233 - rule Rename DIE493 pin PA9 [PA11] -> PA9 is applicable
2026-06-05 23:10:03,679 [INFO] Rule:233 - rule Rename DIE492 PartNumber CPN STM32WBA5MJGHx -> STM32WBA5MMGHx is applicable
2026-06-05 23:10:03,679 [INFO] Rule:233 - rule Rename DIE492 PartNumber  Name STM32WBA5MJGHx -> STM32WBA5MMGHx is applicable
2026-06-05 23:10:03,679 [INFO] Rule:233 - rule Rename DIE492 PartNumber UserName STM32WBA5MJGHx -> STM32WBA5MMGHx is applicable
2026-06-05 23:10:03,679 [INFO] Rule:233 - rule Rename DIE492 PartNumber DeviceId STM32WBA5MJGHx -> STM32WBA5MMGHx is applicable
2026-06-05 23:10:03,679 [INFO] Rule:233 - rule Adapt Old IOC CSI. is applicable
2026-06-05 23:10:03,679 [INFO] Rule:233 - rule Adapt Old IOC DCMIPP. is applicable
2026-06-05 23:10:03,679 [INFO] Rule:233 - rule Adapt Old IOC DCMIPP Mode Parallel. is applicable
2026-06-05 23:10:03,679 [INFO] Rule:233 - rule Adapt Old IOC LTDC. is applicable
2026-06-05 23:10:03,679 [INFO] Rule:233 - rule Rename STM32MP2 RIF Peripheral LTDC RIF.RISUP.LTDC_L0L1.Privilege -> RIF.RISUP.LTDC_L1L2.Privilege is applicable
2026-06-05 23:10:03,679 [INFO] Rule:233 - rule Rename STM32MP2 RIF Peripheral LTDC RIF.RISUP.LTDC_L0L1.Privilege -> RIF.RISUP.LTDC_L1L2.Privilege is applicable
2026-06-05 23:10:03,679 [INFO] Rule:233 - rule Rename STM32MP2 RIF Peripheral LTDC RIF.RISUP.LTDC_L0L1.Lock -> RIF.RISUP.LTDC_L1L2.Lock is applicable
2026-06-05 23:10:03,679 [INFO] Rule:233 - rule Rename STM32MP2 RIF Peripheral LTDC RIF.RISUP.LTDC_L2.Lock -> RIF.RISUP.LTDC_L3.Lock is applicable
2026-06-05 23:10:03,679 [INFO] Rule:233 - rule Adapt the old IOC example for updating the SYS when it is misconfigured. is applicable
2026-06-05 23:10:03,679 [INFO] Rule:233 - rule Rename STM32C09 Mcu.Package LQFP64 -> LQFP48 is applicable
2026-06-05 23:10:03,679 [INFO] Rule:233 - rule Adapt the old IOC example for updating the SYS when it is misconfigured. is applicable
2026-06-05 23:10:03,679 [INFO] Rule:233 - rule Adapt the old IOC example for updating the SYS when it is misconfigured. is applicable
2026-06-05 23:10:03,688 [INFO] DbConfProperties:307 - Apply Compatibility (75/313 Rules)
2026-06-05 23:10:03,696 [INFO] ImportTextPane:234 - (OptionalMessage_ERROR) Unable to find key (Mcu.ThirdPartyNb) in loaded IOC file
2026-06-05 23:10:03,696 [INFO] ImportTextPane:234 - (OptionalMessage_ERROR) Pin9 (VP_RIF_VS_RIF1) cannot be retrieved for this MCU
2026-06-05 23:10:03,715 [INFO] RtosManager:558 - Registered RTOS mode: class=CMSIS, group=RTOS, mode=CMSIS_V1, owner=FREERTOS
2026-06-05 23:10:03,715 [INFO] RtosManager:558 - Registered RTOS mode: class=CMSIS, group=RTOS2, mode=CMSIS_V2, owner=FREERTOS
2026-06-05 23:10:03,715 [INFO] RtosManager:558 - Registered RTOS mode: class=RTOS, group=Core, mode=CMSIS_V1, owner=FREERTOS
2026-06-05 23:10:03,715 [INFO] RtosManager:558 - Registered RTOS mode: class=RTOS, group=Core, mode=CMSIS_V2, owner=FREERTOS
2026-06-05 23:10:03,715 [WARN] ModelIntegratedComponent:184 - Missing modes for component STMicroelectronics:FreeRTOS:0.0.1:STMicroelectronics:RTOS:FreeRTOS:Core:::10.2.0:
2026-06-05 23:10:03,725 [WARN] ModelIntegratedComponent:63 - No mode defined for component null
2026-06-05 23:10:03,725 [WARN] ModelIntegratedComponent:63 - No mode defined for component null
2026-06-05 23:10:03,725 [WARN] ModelIntegratedComponent:63 - No mode defined for component null
2026-06-05 23:10:03,725 [WARN] ModelIntegratedComponent:63 - No mode defined for component null
2026-06-05 23:10:03,725 [WARN] ModelIntegratedComponent:63 - No mode defined for component null
2026-06-05 23:10:03,725 [WARN] ModelIntegratedComponent:63 - No mode defined for component null
2026-06-05 23:10:03,725 [WARN] ModelIntegratedComponent:63 - No mode defined for component null
2026-06-05 23:10:03,725 [WARN] ModelIntegratedComponent:63 - No mode defined for component null
2026-06-05 23:10:03,725 [WARN] ModelIntegratedComponent:63 - No mode defined for component null
2026-06-05 23:10:03,725 [WARN] ModelIntegratedComponent:63 - No mode defined for component null
2026-06-05 23:10:03,725 [WARN] ModelIntegratedComponent:63 - No mode defined for component null
2026-06-05 23:10:03,725 [WARN] ModelIntegratedComponent:63 - No mode defined for component null
2026-06-05 23:10:03,725 [WARN] ModelIntegratedComponent:63 - No mode defined for component null
2026-06-05 23:10:03,725 [WARN] ModelIntegratedComponent:63 - No mode defined for component null
2026-06-05 23:10:03,725 [WARN] ModelIntegratedComponent:63 - No mode defined for component null
2026-06-05 23:10:03,725 [WARN] ModelIntegratedComponent:63 - No mode defined for component null
2026-06-05 23:10:03,725 [WARN] ModelIntegratedComponent:63 - No mode defined for component null
2026-06-05 23:10:03,725 [WARN] ModelIntegratedComponent:63 - No mode defined for component null
2026-06-05 23:10:03,725 [WARN] ModelIntegratedComponent:63 - No mode defined for component null
2026-06-05 23:10:03,725 [WARN] ModelIntegratedComponent:63 - No mode defined for component null
2026-06-05 23:10:03,725 [WARN] ModelIntegratedComponent:63 - No mode defined for component null
2026-06-05 23:10:03,725 [WARN] ModelIntegratedComponent:63 - No mode defined for component null
2026-06-05 23:10:03,725 [WARN] ModelIntegratedComponent:63 - No mode defined for component null
2026-06-05 23:10:03,725 [WARN] ModelIntegratedComponent:63 - No mode defined for component null
2026-06-05 23:10:03,725 [WARN] ModelIntegratedComponent:63 - No mode defined for component null
2026-06-05 23:10:03,725 [WARN] ModelIntegratedComponent:63 - No mode defined for component null
2026-06-05 23:10:03,725 [WARN] ModelIntegratedComponent:63 - No mode defined for component null
2026-06-05 23:10:03,725 [WARN] ModelIntegratedComponent:63 - No mode defined for component null
2026-06-05 23:10:03,725 [WARN] ModelIntegratedComponent:63 - No mode defined for component null
2026-06-05 23:10:03,725 [WARN] ModelIntegratedComponent:63 - No mode defined for component null
2026-06-05 23:10:03,725 [WARN] ModelIntegratedComponent:63 - No mode defined for component null
2026-06-05 23:10:03,725 [WARN] ModelIntegratedComponent:63 - No mode defined for component null
2026-06-05 23:10:03,725 [WARN] ModelIntegratedComponent:63 - No mode defined for component null
2026-06-05 23:10:03,725 [WARN] ModelIntegratedComponent:63 - No mode defined for component null
2026-06-05 23:10:03,725 [WARN] ModelIntegratedComponent:63 - No mode defined for component null
2026-06-05 23:10:03,725 [WARN] ModelPack:524 - Component already loaded: STMicroelectronics:HAL Drivers:0.0.0:STMicroelectronics:Device:STMicro_Driver:XSPI:HAL::0.0.1:HAL_XSPI
2026-06-05 23:10:03,924 [INFO] ThirdPartyModel:298 - Start build external matchings
2026-06-05 23:10:04,654 [INFO] ThirdPartyModel:316 - End build external matchings
2026-06-05 23:10:04,670 [INFO] ImportTextPane:234 - (OptionalMessage_ERROR) IP (RCC) : Invalid parameter (LPUARTFreq_Value)
2026-06-05 23:10:04,670 [INFO] ImportTextPane:234 - (OptionalMessage_ERROR) IP (RCC) : Invalid parameter (FamilyName)
2026-06-05 23:10:04,670 [INFO] ImportTextPane:234 - (OptionalMessage_ERROR) IP (RCC) : Invalid parameter (PLLCLKFreq_Value)
2026-06-05 23:10:04,670 [INFO] ImportTextPane:234 - (OptionalMessage_ERROR) IP (RCC) : Invalid parameter (RTCHSEDivFreq_Value)
2026-06-05 23:10:04,671 [INFO] ImportTextPane:234 - (OptionalMessage_ERROR) IP (RCC) : Invalid parameter (LPTIMFreq_Value)
2026-06-05 23:10:04,671 [INFO] ImportTextPane:234 - (OptionalMessage_ERROR) IP (RCC) : Invalid parameter (TIMFreq_Value)
2026-06-05 23:10:04,671 [INFO] ImportTextPane:234 - (OptionalMessage_ERROR) IP (RCC) : Invalid parameter (HSI16_VALUE)
2026-06-05 23:10:04,671 [INFO] ImportTextPane:234 - (OptionalMessage_ERROR) IP (RCC) : Invalid parameter (48CLKFreq_Value)
2026-06-05 23:10:04,671 [INFO] ImportTextPane:234 - (OptionalMessage_ERROR) IP (RCC) : Invalid parameter (PLLMUL)
2026-06-05 23:10:04,671 [INFO] ImportTextPane:234 - (OptionalMessage_ERROR) IP (RCC) : Invalid parameter (TimerFreq_Value)
2026-06-05 23:10:04,671 [INFO] ImportTextPane:234 - (OptionalMessage_ERROR) IP (RCC) : Invalid parameter (MCOPinFreq_Value)
2026-06-05 23:10:04,821 [INFO] UtilMem:75 - End LoadConfig() Used Memory: 817665976 Bytes (1073741824)
2026-06-05 23:10:04,945 [WARN] ThirdParty:833 - waiting for thirdparty lock release [change project]
2026-06-05 23:10:04,945 [INFO] ThirdParty:835 - entering critical section [change project]
2026-06-05 23:10:04,945 [INFO] ThirdParty:1030 - CMSIS Pack Vendor :STMicroelectronics X-CUBE-AZRTOS-H7 3.5.0
2026-06-05 23:10:04,945 [INFO] ThirdParty:1030 - CMSIS Pack Vendor :STMicroelectronics X-CUBE-PM33A1 1.0.0
2026-06-05 23:10:04,945 [INFO] ThirdParty:1030 - CMSIS Pack Vendor :STMicroelectronics USBPD 4.1
2026-06-05 23:10:04,945 [INFO] ThirdParty:1030 - CMSIS Pack Vendor :STMicroelectronics USB_HOST 2.0.0
2026-06-05 23:10:04,945 [INFO] ThirdParty:1030 - CMSIS Pack Vendor :STMicroelectronics FP-SNS-MOTENVWB1 1.4.0
2026-06-05 23:10:04,945 [INFO] ThirdParty:1030 - CMSIS Pack Vendor :STMicroelectronics X-CUBE-AZRTOS-F4 1.1.0
2026-06-05 23:10:04,945 [INFO] ThirdParty:1030 - CMSIS Pack Vendor :STMicroelectronics LIBJPEG 8.0.0
2026-06-05 23:10:04,945 [INFO] ThirdParty:1030 - CMSIS Pack Vendor :STMicroelectronics FP-ATR-ASTRA1 2.0.2
2026-06-05 23:10:04,945 [INFO] ThirdParty:1030 - CMSIS Pack Vendor :Avnet-IotConnect X-CUBE-IoTC-DA16k-PMOD 1.0.0
2026-06-05 23:10:04,945 [INFO] ThirdParty:1030 - CMSIS Pack Vendor :STMicroelectronics X-CUBE-SMBUS 2.1.0
2026-06-05 23:10:04,945 [INFO] ThirdParty:1030 - CMSIS Pack Vendor :STMicroelectronics X-CUBE-ISPU 2.1.0
2026-06-05 23:10:04,945 [INFO] ThirdParty:1030 - CMSIS Pack Vendor :STMicroelectronics eDS-WB_DPC_TT-BIDIR 2.1.1
2026-06-05 23:10:04,945 [INFO] ThirdParty:1030 - CMSIS Pack Vendor :STMicroelectronics X-CUBE-ST60 1.0.0
2026-06-05 23:10:04,945 [INFO] ThirdParty:1030 - CMSIS Pack Vendor :STMicroelectronics X-CUBE-NFC12 1.0.0
2026-06-05 23:10:04,945 [INFO] ThirdParty:1030 - CMSIS Pack Vendor :STMicroelectronics X-CUBE-AZRTOS-F7 1.1.0
2026-06-05 23:10:04,945 [INFO] ThirdParty:1030 - CMSIS Pack Vendor :STMicroelectronics X-CUBE-AZRTOS-L5 2.0.0
2026-06-05 23:10:04,945 [INFO] ThirdParty:1030 - CMSIS Pack Vendor :STMicroelectronics USB_DEVICE 2.0.0
2026-06-05 23:10:04,945 [INFO] ThirdParty:1030 - CMSIS Pack Vendor :STMicroelectronics X-CUBE-NFC6 3.1.0
2026-06-05 23:10:04,945 [INFO] ThirdParty:1030 - CMSIS Pack Vendor :STMicroelectronics X-CUBE-ALGOBUILD 1.5.0
2026-06-05 23:10:04,945 [INFO] ThirdParty:1030 - CMSIS Pack Vendor :STMicroelectronics FP-SNS-MOTENV1 5.1.0
2026-06-05 23:10:04,945 [INFO] ThirdParty:1030 - CMSIS Pack Vendor :STMicroelectronics FreeRTOS 0.0.1
2026-06-05 23:10:04,945 [INFO] ThirdParty:1030 - CMSIS Pack Vendor :STMicroelectronics eDS-WB_DPC_VIENNA 1.2.0
2026-06-05 23:10:04,945 [INFO] ThirdParty:1030 - CMSIS Pack Vendor :STMicroelectronics eDS-WB_DPC_3PH2L-BIDIR 1.1.1
2026-06-05 23:10:04,945 [INFO] ThirdParty:1030 - CMSIS Pack Vendor :Infineon AIROC-Wi-Fi-Bluetooth-STM32 1.7.1
2026-06-05 23:10:04,945 [INFO] ThirdParty:1030 - CMSIS Pack Vendor :STMicroelectronics PDM2PCM 3.3.0
2026-06-05 23:10:04,945 [INFO] ThirdParty:1030 - CMSIS Pack Vendor :STMicroelectronics X-CUBE-AZRTOS-H7 3.4.0
2026-06-05 23:10:04,945 [INFO] ThirdParty:1030 - CMSIS Pack Vendor :STMicroelectronics X-CUBE-DISPLAY 3.0.0
2026-06-05 23:10:04,945 [INFO] ThirdParty:1030 - CMSIS Pack Vendor :STMicroelectronics X-CUBE-GNSS1 7.1.1
2026-06-05 23:10:04,946 [INFO] ThirdParty:1030 - CMSIS Pack Vendor :STMicroelectronics FP-SNS-MOTENVWB1 1.5.0
2026-06-05 23:10:04,946 [INFO] ThirdParty:1030 - CMSIS Pack Vendor :STMicroelectronics X-CUBE-NFC10 1.0.0
2026-06-05 23:10:04,946 [INFO] ThirdParty:1030 - CMSIS Pack Vendor :STMicroelectronics X-CUBE-BLEMGR 4.0.0
2026-06-05 23:10:04,946 [INFO] ThirdParty:1030 - CMSIS Pack Vendor :STMicroelectronics X-CUBE-FREERTOS 1.3.1
2026-06-05 23:10:04,946 [INFO] ThirdParty:1030 - CMSIS Pack Vendor :STMicroelectronics HAL Drivers 0.0.0
2026-06-05 23:10:04,946 [INFO] ThirdParty:1030 - CMSIS Pack Vendor :emotas I-CUBE-CANOPEN 1.3.0
2026-06-05 23:10:04,946 [INFO] ThirdParty:1030 - CMSIS Pack Vendor :STMicroelectronics MBEDTLS 2.14.1
2026-06-05 23:10:04,946 [INFO] ThirdParty:1030 - CMSIS Pack Vendor :STMicroelectronics X-CUBE-GNSS1 7.1.0
2026-06-05 23:10:04,946 [INFO] ThirdParty:1030 - CMSIS Pack Vendor :STMicroelectronics X-CUBE-TOUCHGFX 4.26.0
2026-06-05 23:10:04,946 [INFO] ThirdParty:1030 - CMSIS Pack Vendor :STMicroelectronics X-CUBE-TOUCHGFX 4.26.1
2026-06-05 23:10:04,946 [INFO] ThirdParty:1030 - CMSIS Pack Vendor :quantropi X-CUBE-qispace-sdk-base 2.0.0
2026-06-05 23:10:04,946 [INFO] ThirdParty:1030 - CMSIS Pack Vendor :STMicroelectronics FP-SNS-STBOX1 2.1.0
2026-06-05 23:10:04,946 [INFO] ThirdParty:1030 - CMSIS Pack Vendor :STMicroelectronics FP-SNS-STAIOTCFT 1.0.0
2026-06-05 23:10:04,946 [INFO] ThirdParty:1030 - CMSIS Pack Vendor :STMicroelectronics FP-SNS-SMARTAG2 1.2.0
2026-06-05 23:10:04,946 [INFO] ThirdParty:1030 - CMSIS Pack Vendor :STMicroelectronics FP-SNS-FLIGHT1 5.1.0
2026-06-05 23:10:04,946 [INFO] ThirdParty:1030 - CMSIS Pack Vendor :STMicroelectronics X-CUBE-AZRTOS-WL 2.0.0
2026-06-05 23:10:04,946 [INFO] ThirdParty:1030 - CMSIS Pack Vendor :STMicroelectronics X-CUBE-DPower 1.3.0
2026-06-05 23:10:04,946 [INFO] ThirdParty:1030 - CMSIS Pack Vendor :STMicroelectronics FP-SNS-MOTENV1 5.0.0
2026-06-05 23:10:04,946 [INFO] ThirdParty:1030 - CMSIS Pack Vendor :STMicroelectronics USB_DEVICE 1.0.0
2026-06-05 23:10:04,946 [INFO] ThirdParty:1030 - CMSIS Pack Vendor :STMicroelectronics X-CUBE-AZRTOS-H7RS 1.2.0
2026-06-05 23:10:04,946 [INFO] ThirdParty:1030 - CMSIS Pack Vendor :STMicroelectronics X-CUBE-AZRTOS-L4 2.0.0
2026-06-05 23:10:04,946 [INFO] ThirdParty:1030 - CMSIS Pack Vendor :STMicroelectronics ThreadX 0.0.2
2026-06-05 23:10:04,946 [INFO] ThirdParty:1030 - CMSIS Pack Vendor :WES I-CUBE-Cesium 1.3.0
2026-06-05 23:10:04,946 [INFO] ThirdParty:1030 - CMSIS Pack Vendor :STMicroelectronics lwIP 2.1.2
2026-06-05 23:10:04,946 [INFO] ThirdParty:1030 - CMSIS Pack Vendor :STMicroelectronics X-CUBE-SFXS2LP1 4.0.0
2026-06-05 23:10:04,946 [INFO] ThirdParty:1030 - CMSIS Pack Vendor :STMicroelectronics X-CUBE-BLE2 3.3.0
2026-06-05 23:10:04,946 [INFO] ThirdParty:1030 - CMSIS Pack Vendor :Avnet-IOTCONNECT X-CUBE-iotc-st67-sdk 1.0.0
2026-06-05 23:10:04,946 [INFO] ThirdParty:1030 - CMSIS Pack Vendor :STMicroelectronics PDM2PCM 3.2.0
2026-06-05 23:10:04,946 [INFO] ThirdParty:1030 - CMSIS Pack Vendor :STMicroelectronics X-CUBE-WB05N 2.1.0
2026-06-05 23:10:04,946 [INFO] ThirdParty:1030 - CMSIS Pack Vendor :STMicroelectronics X-CUBE-ST67W61 1.2.0
2026-06-05 23:10:04,946 [INFO] ThirdParty:1030 - CMSIS Pack Vendor :STMicroelectronics X-CUBE-NFC9 1.0.0
2026-06-05 23:10:04,946 [INFO] ThirdParty:1030 - CMSIS Pack Vendor :wolfSSL I-CUBE-wolfSSL 5.8.0
2026-06-05 23:10:04,946 [INFO] ThirdParty:1030 - CMSIS Pack Vendor :STMicroelectronics X-CUBE-BLE1 7.1.0
2026-06-05 23:10:04,946 [INFO] ThirdParty:1030 - CMSIS Pack Vendor :wolfSSL I-CUBE-wolfMQTT 1.19.2
2026-06-05 23:10:04,946 [INFO] ThirdParty:1030 - CMSIS Pack Vendor :STMicroelectronics USB_DEVICE 3.0.0
2026-06-05 23:10:04,946 [INFO] ThirdParty:1030 - CMSIS Pack Vendor :STMicroelectronics X-CUBE-FREERTOS 1.4.0
2026-06-05 23:10:04,946 [INFO] ThirdParty:1030 - CMSIS Pack Vendor :STMicroelectronics X-CUBE-EEPRMA1 5.2.0
2026-06-05 23:10:04,946 [INFO] ThirdParty:1030 - CMSIS Pack Vendor :STMicroelectronics X-CUBE-BLEMGR 4.1.0
2026-06-05 23:10:04,946 [INFO] ThirdParty:1030 - CMSIS Pack Vendor :STMicroelectronics X-CUBE-AZRTOS-WB 2.0.0
2026-06-05 23:10:04,946 [INFO] ThirdParty:1030 - CMSIS Pack Vendor :STMicroelectronics X-CUBE-GNSS1 7.0.1
2026-06-05 23:10:04,946 [INFO] ThirdParty:1030 - CMSIS Pack Vendor :STMicroelectronics X-CUBE-TOUCHGFX 4.25.0
2026-06-05 23:10:04,946 [INFO] ThirdParty:1030 - CMSIS Pack Vendor :STMicroelectronics X-CUBE-AI 10.1.0
2026-06-05 23:10:04,946 [INFO] ThirdParty:1030 - CMSIS Pack Vendor :STMicroelectronics FP-SNS-STBOX1 2.0.0
2026-06-05 23:10:04,946 [INFO] ThirdParty:1030 - CMSIS Pack Vendor :STMicroelectronics FP-SNS-STAIOTCFT 1.1.0
2026-06-05 23:10:04,946 [INFO] ThirdParty:1030 - CMSIS Pack Vendor :STMicroelectronics X-CUBE-MEMS1 12.0.0
2026-06-05 23:10:04,946 [INFO] ThirdParty:1030 - CMSIS Pack Vendor :STMicroelectronics X-CUBE-STSE01 2.0.0
2026-06-05 23:10:04,946 [INFO] ThirdParty:1030 - CMSIS Pack Vendor :STMicroelectronics X-CUBE-AZRTOS-G0 1.1.0
2026-06-05 23:10:04,946 [INFO] ThirdParty:1030 - CMSIS Pack Vendor :STMicroelectronics X-CUBE-SAFEA1 1.2.2
2026-06-05 23:10:04,946 [INFO] ThirdParty:1030 - CMSIS Pack Vendor :STMicroelectronics X-CUBE-NFC4 3.0.0
2026-06-05 23:10:04,946 [INFO] ThirdParty:1030 - CMSIS Pack Vendor :STMicroelectronics X-CUBE-SUBG2 5.0.0
2026-06-05 23:10:04,946 [INFO] ThirdParty:1030 - CMSIS Pack Vendor :STMicroelectronics X-CUBE-AZRTOS-H7RS 1.1.0
2026-06-05 23:10:04,946 [INFO] ThirdParty:1030 - CMSIS Pack Vendor :STMicroelectronics STM32_WPAN 1.0.0
2026-06-05 23:10:04,946 [INFO] ThirdParty:1030 - CMSIS Pack Vendor :EmbeddedOffice I-CUBE-FS-RTOS 1.0.1
2026-06-05 23:10:04,946 [INFO] ThirdParty:1030 - CMSIS Pack Vendor :STMicroelectronics lwIP 2.0.3
2026-06-05 23:10:04,946 [INFO] ThirdParty:1030 - CMSIS Pack Vendor :Cesanta I-CUBE-Mongoose 7.13.0
2026-06-05 23:10:04,946 [INFO] ThirdParty:1030 - CMSIS Pack Vendor :STMicroelectronics USB_HOST 1.0.0
2026-06-05 23:10:04,946 [INFO] ThirdParty:1030 - CMSIS Pack Vendor :STMicroelectronics X-CUBE-AZRTOS-G4 2.0.0
2026-06-05 23:10:04,946 [INFO] ThirdParty:1030 - CMSIS Pack Vendor :STMicroelectronics X-CUBE-WB05N 2.0.0
2026-06-05 23:10:04,946 [INFO] ThirdParty:1030 - CMSIS Pack Vendor :STMicroelectronics PDM2PCM 3.1.0
2026-06-05 23:10:04,946 [INFO] ThirdParty:1030 - CMSIS Pack Vendor :wolfSSL I-CUBE-wolfTPM 3.8.0
2026-06-05 23:10:04,946 [INFO] ThirdParty:1030 - CMSIS Pack Vendor :wolfSSL I-CUBE-wolfSSH 1.4.20
2026-06-05 23:10:04,946 [INFO] ThirdParty:1030 - CMSIS Pack Vendor :STMicroelectronics X-CUBE-NFC7 2.0.0
2026-06-05 23:10:04,946 [INFO] ThirdParty:1030 - CMSIS Pack Vendor :STMicroelectronics X-CUBE-TCPP 4.2.0
2026-06-05 23:10:04,946 [INFO] ThirdParty:1030 - CMSIS Pack Vendor :RealThread X-CUBE-RT-Thread_Nano 4.1.1
2026-06-05 23:10:04,946 [INFO] ThirdParty:1030 - CMSIS Pack Vendor :STMicroelectronics FP-ATR-SIGFOX1 3.2.0
2026-06-05 23:10:04,946 [INFO] ThirdParty:1030 - CMSIS Pack Vendor :STMicroelectronics X-CUBE-EEPRMA1 5.1.0
2026-06-05 23:10:04,946 [INFO] ThirdParty:1030 - CMSIS Pack Vendor :STMicroelectronics X-CUBE-FREERTOS 1.5.0
2026-06-05 23:10:04,946 [INFO] ThirdParty:1030 - CMSIS Pack Vendor :STMicroelectronics MBEDTLS 2.16.2
2026-06-05 23:10:04,946 [INFO] ThirdParty:1030 - CMSIS Pack Vendor :STMicroelectronics X-CUBE-IPS 3.1.0
2026-06-05 23:10:04,946 [INFO] ThirdParty:1030 - CMSIS Pack Vendor :STMicroelectronics X-CUBE-ALS 1.0.2
2026-06-05 23:10:04,947 [INFO] ThirdParty:1030 - CMSIS Pack Vendor :ITTIA_DB I-CUBE-ITTIADB 8.9.0
2026-06-05 23:10:04,947 [INFO] ThirdParty:1030 - CMSIS Pack Vendor :STMicroelectronics X-CUBE-STSE01 1.0.0
2026-06-05 23:10:04,947 [INFO] ThirdParty:1030 - CMSIS Pack Vendor :portGmbH I-Cube-SoM-uGOAL 1.1.0
2026-06-05 23:10:04,947 [INFO] ThirdParty:1030 - CMSIS Pack Vendor :STMicroelectronics X-CUBE-NFC6 3.2.0
2026-06-05 23:10:04,947 [INFO] ThirdParty:1030 - CMSIS Pack Vendor :STMicroelectronics X-CUBE-ST67W61 1.0.0
2026-06-05 23:10:04,947 [INFO] ThirdParty:1030 - CMSIS Pack Vendor :STMicroelectronics X-CUBE-AI 10.2.0
2026-06-05 23:10:04,947 [INFO] ThirdParty:1030 - CMSIS Pack Vendor :STMicroelectronics ThreadX 1.0.0
2026-06-05 23:10:04,947 [INFO] ThirdParty:1030 - CMSIS Pack Vendor :STMicroelectronics X-CUBE-MEMS1 12.1.0
2026-06-05 23:10:04,947 [INFO] ThirdParty:1030 - CMSIS Pack Vendor :SEGGER I-CUBE-embOS 1.3.1
2026-06-05 23:10:04,947 [INFO] ThirdParty:1030 - CMSIS Pack Vendor :STMicroelectronics X-CUBE-ALGOBUILD 1.4.0
2026-06-05 23:10:04,947 [INFO] ThirdParty:1030 - CMSIS Pack Vendor :STMicroelectronics X-CUBE-MEMS1 11.3.0
2026-06-05 23:10:04,947 [INFO] ThirdParty:1030 - CMSIS Pack Vendor :STMicroelectronics X-CUBE-TOF1 3.4.3
2026-06-05 23:10:04,947 [INFO] ThirdParty:841 - exiting critical section [change project]
2026-06-05 23:10:05,130 [INFO] PinOutPanel:1589 - setPackage(No Configuration,No Configuration)
2026-06-05 23:10:05,130 [INFO] PinOutPanel:1589 - setPackage(STM32L432KCUx,UFQFPN32)
2026-06-05 23:10:05,361 [INFO] UtilMem:75 - Before build in PCC Used Memory: 957059464 Bytes (1073741824)
2026-06-05 23:10:05,598 [INFO] UtilMem:75 - After build in PCC Used Memory: 821825120 Bytes (1073741824)
2026-06-05 23:10:05,608 [INFO] IPUIPlugin:80 - create IPUIPlugin
2026-06-05 23:10:05,608 [INFO] IPUIPlugin:80 - create IPUIPlugin
2026-06-05 23:10:05,608 [INFO] IPUIPlugin:80 - create IPUIPlugin
2026-06-05 23:10:05,608 [INFO] IPUIPlugin:80 - create IPUIPlugin
2026-06-05 23:10:05,608 [INFO] IPUIPlugin:80 - create IPUIPlugin
2026-06-05 23:10:05,608 [INFO] IPUIPlugin:80 - create IPUIPlugin
2026-06-05 23:10:05,608 [INFO] IPUIPlugin:80 - create IPUIPlugin
2026-06-05 23:10:05,608 [INFO] IPUIPlugin:80 - create IPUIPlugin
2026-06-05 23:10:05,608 [INFO] IPUIPlugin:80 - create IPUIPlugin
2026-06-05 23:10:05,608 [INFO] IPUIPlugin:80 - create IPUIPlugin
2026-06-05 23:10:05,608 [INFO] IPUIPlugin:80 - create IPUIPlugin
2026-06-05 23:10:05,608 [INFO] IPUIPlugin:80 - create IPUIPlugin
2026-06-05 23:10:05,609 [INFO] IPUIPlugin:80 - create IPUIPlugin
2026-06-05 23:10:05,609 [INFO] IPUIPlugin:80 - create IPUIPlugin
2026-06-05 23:10:05,609 [INFO] IPUIPlugin:80 - create IPUIPlugin
2026-06-05 23:10:05,609 [INFO] IPUIPlugin:80 - create IPUIPlugin
2026-06-05 23:10:05,609 [INFO] IPUIPlugin:80 - create IPUIPlugin
2026-06-05 23:10:05,609 [INFO] IPUIPlugin:80 - create IPUIPlugin
2026-06-05 23:10:05,609 [INFO] IPUIPlugin:80 - create IPUIPlugin
2026-06-05 23:10:05,609 [INFO] IPUIPlugin:80 - create IPUIPlugin
2026-06-05 23:10:05,609 [INFO] IPUIPlugin:80 - create IPUIPlugin
2026-06-05 23:10:05,609 [INFO] IPUIPlugin:80 - create IPUIPlugin
2026-06-05 23:10:05,609 [INFO] IPUIPlugin:80 - create IPUIPlugin
2026-06-05 23:10:05,609 [INFO] IPUIPlugin:80 - create IPUIPlugin
2026-06-05 23:10:05,610 [INFO] IPUIPlugin:80 - create IPUIPlugin
2026-06-05 23:10:05,610 [INFO] IPUIPlugin:80 - create IPUIPlugin
2026-06-05 23:10:05,610 [INFO] IPUIPlugin:80 - create IPUIPlugin
2026-06-05 23:10:05,610 [INFO] IPUIPlugin:80 - create IPUIPlugin
2026-06-05 23:10:05,610 [INFO] IPUIPlugin:80 - create IPUIPlugin
2026-06-05 23:10:05,610 [INFO] IPUIPlugin:80 - create IPUIPlugin
2026-06-05 23:10:05,610 [INFO] IPUIPlugin:80 - create IPUIPlugin
2026-06-05 23:10:05,610 [INFO] IPUIPlugin:80 - create IPUIPlugin
2026-06-05 23:10:05,610 [INFO] IPUIPlugin:80 - create IPUIPlugin
2026-06-05 23:10:05,610 [INFO] IPUIPlugin:80 - create IPUIPlugin
2026-06-05 23:10:05,610 [INFO] IPUIPlugin:80 - create IPUIPlugin
2026-06-05 23:10:05,611 [INFO] IPUIPlugin:80 - create IPUIPlugin
2026-06-05 23:10:05,611 [INFO] IPUIPlugin:80 - create IPUIPlugin
2026-06-05 23:10:05,611 [INFO] IPUIPlugin:80 - create IPUIPlugin
2026-06-05 23:10:05,611 [INFO] IPUIPlugin:80 - create IPUIPlugin
2026-06-05 23:10:05,611 [INFO] IPUIPlugin:80 - create IPUIPlugin
2026-06-05 23:10:05,611 [INFO] IPUIPlugin:80 - create IPUIPlugin
2026-06-05 23:10:05,642 [INFO] CADModel:165 - CPN selected for project levelSTM32L432KCU3
2026-06-05 23:10:05,643 [INFO] CADModel:114 - Register for checkConnection events
2026-06-05 23:10:05,692 [INFO] OpenFileManager:386 - Restore cursor
2026-06-05 23:10:05,895 [INFO] UtilMem:75 - End SaveConfig() Used Memory: 909406480 Bytes (1073741824)
2026-06-05 23:10:05,942 [INFO] UtilMem:75 - End SaveConfig() Used Memory: 924212904 Bytes (1073741824)
2026-06-05 23:10:06,136 [INFO] BlockDiagram:2775 - set Specific Code input for plugin: NVIC
2026-06-05 23:10:06,136 [INFO] BlockDiagram:2775 - set Specific Code input for plugin: USART
2026-06-05 23:10:06,136 [INFO] BlockDiagram:2775 - set Specific Code input for plugin: SYS
2026-06-05 23:10:06,136 [INFO] BlockDiagram:2775 - set Specific Code input for plugin: GPIO
2026-06-05 23:10:06,136 [INFO] BlockDiagram:2775 - set Specific Code input for plugin: RCC
2026-06-05 23:10:06,137 [INFO] CodeGenerator:892 - code generatio: config db path: E:\STM32CubeIDE_1.19.0\STM32CubeIDE\plugins\com.st.stm32cube.common.mx_6.15.0.202507011659\\db\
2026-06-05 23:10:06,188 [INFO] CodeEngine:265 - oldGeneratedFile, E:\altium_projects\stm_projects\L432test\MXTmpFiles\license.tmp_save
2026-06-05 23:10:06,312 [INFO] CodeEngine:289 - Generated code: E:\altium_projects\stm_projects\L432test\MXTmpFiles\license.tmp
2026-06-05 23:10:06,335 [INFO] CodeEngine:265 - oldGeneratedFile, E:\altium_projects\stm_projects\L432test\MXTmpFiles\gpio.tmp_save
2026-06-05 23:10:06,394 [INFO] CodeEngine:289 - Generated code: E:\altium_projects\stm_projects\L432test\MXTmpFiles\gpio.tmp
2026-06-05 23:10:06,434 [INFO] CodeEngine:265 - oldGeneratedFile, E:\altium_projects\stm_projects\L432test\Core\Src\stm32l4xx_it.c_save
2026-06-05 23:10:06,573 [INFO] CodeEngine:289 - Generated code: E:\altium_projects\stm_projects\L432test\Core\Src\stm32l4xx_it.c
2026-06-05 23:10:06,577 [INFO] CodeEngine:265 - oldGeneratedFile, E:\altium_projects\stm_projects\L432test\Core\Inc\stm32l4xx_it.h_save
2026-06-05 23:10:06,623 [INFO] CodeEngine:289 - Generated code: E:\altium_projects\stm_projects\L432test\Core\Inc\stm32l4xx_it.h
2026-06-05 23:10:06,630 [INFO] CodeEngine:265 - oldGeneratedFile, E:\altium_projects\stm_projects\L432test\Core\Src\stm32l4xx_hal_msp.c_save
2026-06-05 23:10:06,729 [INFO] CodeEngine:289 - Generated code: E:\altium_projects\stm_projects\L432test\Core\Src\stm32l4xx_hal_msp.c
2026-06-05 23:10:06,733 [INFO] CodeEngine:265 - oldGeneratedFile, E:\altium_projects\stm_projects\L432test\MXTmpFiles\system.tmp_save
2026-06-05 23:10:06,783 [INFO] CodeEngine:289 - Generated code: E:\altium_projects\stm_projects\L432test\MXTmpFiles\system.tmp
2026-06-05 23:10:06,790 [INFO] CodeEngine:321 - oldGeneratedFile, E:\altium_projects\stm_projects\L432test\Core\Inc\stm32l4xx_hal_conf.h_save
2026-06-05 23:10:06,845 [INFO] CodeEngine:345 - Generated code: E:\altium_projects\stm_projects\L432test\Core\Inc\stm32l4xx_hal_conf.h
2026-06-05 23:10:06,872 [INFO] ApiDbMcu:532 - Load IP Config File for USART2
2026-06-05 23:10:06,875 [INFO] ApiDbMcu:532 - Load IP Config File for RCC
2026-06-05 23:10:06,881 [INFO] CodeEngine:265 - oldGeneratedFile, E:\altium_projects\stm_projects\L432test\Core\Inc\main.h_save
2026-06-05 23:10:06,969 [INFO] CodeEngine:289 - Generated code: E:\altium_projects\stm_projects\L432test\Core\Inc\main.h
2026-06-05 23:10:06,971 [INFO] CodeEngine:265 - oldGeneratedFile, E:\altium_projects\stm_projects\L432test\Core\Src\main.c_save
2026-06-05 23:10:07,046 [INFO] CodeEngine:289 - Generated code: E:\altium_projects\stm_projects\L432test\Core\Src\main.c
2026-06-05 23:10:07,218 [INFO] ProjectBuilder:3606 - Time for Copy HAL[1] : 86mS.
2026-06-05 23:10:07,220 [INFO] ProjectBuilder:5216 - Project Generator version: 4.7.0-B52
2026-06-05 23:10:07,271 [INFO] ConfigFileManager:1595 - The Die is : DIE435
2026-06-05 23:10:07,273 [INFO] ApiDbMcu:532 - Load IP Config File for FATFS
2026-06-05 23:10:07,276 [INFO] ApiDbMcu:532 - Load IP Config File for FREERTOS
2026-06-05 23:10:07,282 [INFO] ApiDbMcu:532 - Load IP Config File for TOUCHSENSING
2026-06-05 23:10:07,286 [INFO] ApiDbMcu:532 - Load IP Config File for USB_DEVICE
2026-06-05 23:10:08,497 [INFO] ProjectBuilder:5496 - Time for Generating toolchain IDE Files: 1276mS.
2026-06-05 23:10:08,497 [INFO] ProjectBuilder:3463 - Time for Copy CMSIS : 0mS.
2026-06-05 23:10:08,499 [INFO] ProjectBuilder:3463 - Time for Copy CMSIS : 0mS.
2026-06-05 23:10:09,131 [INFO] McuFinderGlobals:76 - Set McuFinderConnectedMode to true
2026-06-05 23:10:09,133 [INFO] ApiDb:448 - Save user favorites file C:\Users\Josh/.stm32cubeide/favorites.mcus.txt: 0 item(s)
2026-06-05 23:10:09,133 [INFO] ApiDb:452 - User favorites MCUs=[]
2026-06-05 23:10:09,133 [INFO] ApiDb:448 - Save user favorites file C:\Users\Josh/.stm32cubeide/favorites.boards.txt: 0 item(s)
2026-06-05 23:10:09,134 [INFO] ApiDb:452 - User favorites Boards=[]
2026-06-05 23:24:43,830 [ERROR] LogOutputStream:75 - [STDERR_REDIRECT] 
